,link scrapped text
0,700+ Free Certificates from Google!
1,View
2,Close
3,Class Central
4,Courses
5,Class Central
6,Rankings
7,Collections
8,Subjects
9,View all
10,Computer Science
11,Health & Medicine
12,Mathematics
13,Business
14,Humanities
15,Engineering
16,Science
17,Education & Teaching
18,Social Sciences
19,Art & Design
20,Data Science
21,Programming
22,Personal Development
23,Information Security (InfoSec)
24,View all Subjects
25,Universities
26,The Report
27,Courses from
28,1000+ universities
29,Rankings
30,Best Courses
31,Best of All Time
32,Best of the Year 2022
33,Best of the Year 2021
34,Most Popular Courses
35,Most Popular of All Time
36,Most Popular of the Year 2022
37,Most Popular of the Year 2021
38,Collections
39,Monthly Course Reports
40,Starting this Month
41,New Online Courses
42,Most Popular
43,Computer Science
44,Artificial Intelligence
45,Algorithms and Data Structures
46,Internet of Things
47,Information Technology
48,Computer Networking
49,Machine Learning
50,DevOps
51,Deep Learning
52,Cryptography
53,Quantum Computing
54,Human-Computer Interaction (HCI)
55,Distributed Systems
56,Blockchain Development
57,Operating Systems
58,Computer Graphics
59,View all Computer Science
60,Health & Medicine
61,Nutrition & Wellness
62,Disease & Disorders
63,Public Health
64,Health Care
65,Nursing
66,Anatomy
67,Veterinary Science
68,Continuing Medical Education (CME)
69,View all Health & Medicine
70,Mathematics
71,Statistics & Probability
72,Foundations of Mathematics
73,Calculus
74,Discrete Mathematics
75,Trigonometry
76,Geometry
77,Algebra
78,Precalculus
79,Number Theory
80,Combinatorics
81,Mathematical logic
82,Linear Programming
83,View all Mathematics
84,Business
85,Management & Leadership
86,Finance
87,Entrepreneurship
88,Marketing
89,Strategic Management
90,Industry Specific
91,Business Intelligence
92,Accounting
93,Human Resources
94,Project Management
95,Sales
96,Design Thinking
97,Business Software
98,Risk Management
99,Corporate Social Responsibility
100,Customer Service
101,Nonprofit Management
102,Innovation
103,Operations Management
104,View all Business
105,Humanities
106,History
107,Literature
108,Language Learning
109,Grammar & Writing
110,Philosophy
111,Religion
112,ESL
113,Culture
114,Sports
115,Journalism
116,Ethics
117,Linguistics
118,Food
119,Library Science
120,Reading
121,Crisis Management
122,View all Humanities
123,Engineering
124,Electrical Engineering
125,Mechanical Engineering
126,Civil Engineering
127,Robotics
128,Nanotechnology
129,GIS
130,Textiles
131,Manufacturing
132,BIM
133,CAD
134,Chemical Engineering
135,Energy Systems
136,Aerospace Engineering
137,View all Engineering
138,Science
139,Chemistry
140,Physics
141,Environmental Science
142,Astronomy
143,Biology
144,Agriculture
145,Materials Science
146,Earth Science
147,Applied Science
148,Forensic Science
149,View all Science
150,Education & Teaching
151,K12
152,Higher Education
153,STEM
154,Teacher Professional Development
155,Course Development
156,Online Education
157,Test Prep
158,Pedagogy
159,View all Education & Teaching
160,Social Sciences
161,Sociology
162,Economics
163,Psychology
164,Anthropology
165,Political Science
166,Law
167,Urban Planning
168,Human Rights
169,Sustainability
170,Governance
171,Archaeology
172,Social Work
173,View all Social Sciences
174,Art & Design
175,Music
176,Digital Media
177,Visual Arts
178,Design & Creativity
179,View all Art & Design
180,Data Science
181,Bioinformatics
182,Big Data
183,Data Mining
184,Data Analysis
185,Data Visualization
186,Jupyter Notebooks
187,View all Data Science
188,Programming
189,Mobile Development
190,Web Development
191,Databases
192,Game Development
193,Programming Languages
194,Software Development
195,Cloud Computing
196,View all Programming
197,Personal Development
198,Communication Skills
199,Career Development
200,Self Improvement
201,Presentation Skills
202,Resilience
203,View all Personal Development
204,Information Security (InfoSec)
205,Cybersecurity
206,Network Security
207,Ethical Hacking
208,Digital Forensics
209,Reverse Engineering
210,Penetration Testing
211,Malware Analysis
212,DevSecOps
213,OSINT (Open Source Intelligence)
214,Threat Intelligence
215,Information Security Certifications
216,Red Team
217,Blue Team
218,View all Information Security (InfoSec)
219,The Report
220,2022 Year in Review: The “New Normal” that Wasn’t
221,"The pandemic ushered in a “new normal” in online learning, but it culminated in layoffs and stock drops."
222,Dhawal Shah
223,"Jan 02, 2023"
224,Latest
225,"Review of Goldman Sachs 10,000 Women Courses"
226,10 Best Japanese Courses to Take in 2023
227,7 Best Erlang Courses to Take in 2023
228,Harvard CS50 Guide: How to Pick the Right Course (with Free Certificate)
229,10 Best CSS Animation Courses to Take in 2023
230,Visit
231,The Report
232,"DDoS Attack on Class Central: Mitigation, SEO Impact, and Costs"
233,Trending
234,Most common
235,python
236,cyber security
237,trading
238,Popular subjects
239,Digital Skills
240,209 courses
241,Programming
242,"24,443 courses"
243,Information Technology (IT) Certifications
244,504 courses
245,Popular courses
246,The Science of Happiness
247,"University of California, Berkeley"
248,Introduction to Financial Accounting
249,University of Pennsylvania
250,Cryptography I
251,Stanford University
252,Organize and share your learning with Class Central Lists.
253,View our
254,Lists Showcase
255,Sign up
256,Log in
257,or
258,Sign up
259,Log in
260,Sign up
261,Universities
262,733
263,courses
264,Follow
265,505.0k
266,239
267,courses
268,Follow
269,581.8k
270,415
271,courses
272,Follow
273,330.9k
274,517
275,courses
276,Follow
277,84.8k
278,1262 Universities
279,The Open University
280,1052 courses
281,Follow
282,124.4k
283,Stanford University
284,733 courses
285,Follow
286,505.0k
287,"Indian Institute of Technology, Kharagpur"
288,517 courses
289,Follow
290,84.8k
291,University of Michigan
292,453 courses
293,Follow
294,245.7k
295,Massachusetts Institute of Technology
296,415 courses
297,Follow
298,330.9k
299,Indian Institute of Technology Madras
300,384 courses
301,Follow
302,91.0k
303,Johns Hopkins University
304,369 courses
305,Follow
306,222.9k
307,Indian Institute of Technology Kanpur
308,332 courses
309,Follow
310,78.5k
311,University of Colorado Boulder
312,320 courses
313,Follow
314,60.2k
315,University of Illinois at Urbana-Champaign
316,272 courses
317,Follow
318,125.8k
319,"University of California, Irvine"
320,266 courses
321,Follow
322,202.8k
323,Dartmouth College
324,265 courses
325,Follow
326,377
327,University of Pennsylvania
328,251 courses
329,Follow
330,268.0k
331,Harvard University
332,239 courses
333,Follow
334,581.8k
335,Coventry University
336,238 courses
337,Follow
338,27.5k
339,Indian Institute of Technology Roorkee
340,237 courses
341,Follow
342,43.9k
343,IGNOU
344,226 courses
345,Follow
346,80
347,Saint Petersburg State University
348,214 courses
349,Follow
350,43.8k
351,Tecnológico de Monterrey
352,201 courses
353,Follow
354,36.2k
355,Indian Institute of Technology Guwahati
356,197 courses
357,Follow
358,21.6k
359,University of Naples Federico II
360,191 courses
361,Follow
362,50.4k
363,Delft University of Technology
364,190 courses
365,Follow
366,59.5k
367,Higher School of Economics
368,171 courses
369,Follow
370,74.3k
371,Indian Institute of Technology Bombay
372,168 courses
373,Follow
374,52.4k
375,The University of Chicago
376,163 courses
377,Follow
378,395
379,Universitat Politècnica de València
380,160 courses
381,Follow
382,37.3k
383,Georgia Institute of Technology
384,159 courses
385,Follow
386,147.8k
387,École Polytechnique Fédérale de Lausanne
388,154 courses
389,Follow
390,56.2k
391,Moscow Institute of Physics and Technology
392,152 courses
393,Follow
394,50.6k
395,Rice University
396,140 courses
397,Follow
398,82.2k
399,Universidad Nacional Autónoma de México
400,139 courses
401,Follow
402,41.5k
403,University of Colorado System
404,138 courses
405,Follow
406,57.1k
407,"University of California, San Diego"
408,138 courses
409,Follow
410,172.1k
411,Fundação Instituto de Administração
412,128 courses
413,Follow
414,59
415,University of Leeds
416,127 courses
417,Follow
418,82.5k
419,University System of Maryland
420,125 courses
421,Follow
422,40.6k
423,Universidad del Rosario
424,121 courses
425,Follow
426,18
427,Arizona State University
428,120 courses
429,Follow
430,94.9k
431,Duke University
432,119 courses
433,Follow
434,153.1k
435,Purdue University
436,116 courses
437,Follow
438,65.0k
439,Peking University
440,113 courses
441,Follow
442,76.4k
443,Alfaisal University
444,112 courses
445,Follow
446,5
447,Indian Institute of Science Bangalore
448,112 courses
449,Follow
450,132
451,Indian Institute of Technology Delhi
452,112 courses
453,Follow
454,19.8k
455,University of Virginia
456,111 courses
457,Follow
458,95.6k
459,Columbia University
460,110 courses
461,Follow
462,189.4k
463,"University of California, Davis"
464,108 courses
465,Follow
466,90.2k
467,Brown University
468,104 courses
469,Follow
470,8.1k
471,Indian Institute of Management Bangalore
472,104 courses
473,Follow
474,46.4k
475,Universidad de los Andes
476,103 courses
477,Follow
478,28.9k
479,University of Edinburgh
480,98 courses
481,Follow
482,106.5k
483,The Pontificia Universidad Javeriana
484,97 courses
485,Follow
486,21.9k
487,Politecnico di Milano
488,97 courses
489,Follow
490,32.3k
491,Tsinghua University
492,96 courses
493,Follow
494,37.5k
495,Yale University
496,96 courses
497,Follow
498,197.4k
499,Universidad Anáhuac
500,94 courses
501,Follow
502,24
503,The Hong Kong University of Science and Technology
504,92 courses
505,Follow
506,67.3k
507,Tomsk State University
508,92 courses
509,Follow
510,24.0k
511,University of Minnesota
512,90 courses
513,Follow
514,71.3k
515,University of Queensland
516,90 courses
517,Follow
518,70.4k
519,Imperial College London
520,89 courses
521,Follow
522,41.8k
523,The University of British Columbia
524,87 courses
525,Follow
526,98.2k
527,Institut Mines-Télécom
528,85 courses
529,Follow
530,15.9k
531,Macquarie University
532,85 courses
533,Follow
534,11.8k
535,State University of New York
536,85 courses
537,Follow
538,117.9k
539,"University of Maryland, College Park"
540,85 courses
541,Follow
542,60.4k
543,University of Washington
544,85 courses
545,Follow
546,127.8k
547,Universidad Politécnica de Madrid
548,84 courses
549,Follow
550,26.2k
551,National Research Nuclear University MEPhI
552,80 courses
553,Follow
554,33.0k
555,Deakin University
556,79 courses
557,Follow
558,23.5k
559,National Taiwan University
560,78 courses
561,Follow
562,46.0k
563,Berklee College of Music
564,76 courses
565,Follow
566,55.6k
567,Doane University
568,76 courses
569,Follow
570,16.4k
571,University of Glasgow
572,75 courses
573,Follow
574,19.6k
575,"University of California, Berkeley"
576,74 courses
577,Follow
578,196.6k
579,University of London International Programmes
580,68 courses
581,Follow
582,104.2k
583,Wageningen University
584,65 courses
585,Follow
586,26.7k
587,Universitat Autònoma de Barcelona (Autonomous University of Barcelona)
588,64 courses
589,Follow
590,35.3k
591,Galileo University
592,63 courses
593,Follow
594,39.8k
595,Hong Kong Polytechnic University
596,60 courses
597,Follow
598,127
599,Pontificia Universidad Católica de Chile
600,60 courses
601,Follow
602,173
603,University of Geneva
604,59 courses
605,Follow
606,62.0k
607,University of Toronto
608,59 courses
609,Follow
610,104.8k
611,Michigan State University
612,58 courses
613,Follow
614,85.9k
615,Northwestern University
616,58 courses
617,Follow
618,83.9k
619,Université catholique de Louvain
620,58 courses
621,Follow
622,27.0k
623,The University of Texas at Austin
624,58 courses
625,Follow
626,74.5k
627,Universidad Austral
628,56 courses
629,Follow
630,12.4k
631,IE Business School
632,55 courses
633,Follow
634,57.7k
635,University System of Georgia
636,53 courses
637,Follow
638,3.6k
639,New York University (NYU)
640,52 courses
641,Follow
642,447
643,Chiang Mai University
644,51 courses
645,Follow
646,11.5k
647,Emory University
648,51 courses
649,Follow
650,48.3k
651,RWTH Aachen University
652,50 courses
653,Follow
654,600
655,École Polytechnique
656,50 courses
657,Follow
658,33.7k
659,ESSEC Business School
660,49 courses
661,Follow
662,46.7k
663,Leiden University
664,49 courses
665,Follow
666,36.0k
667,Universidad de Palermo
668,49 courses
669,Follow
670,2
671,Naresuan University
672,47 courses
673,Follow
674,2
675,Universidad Autónoma de Madrid
676,47 courses
677,Follow
678,14.4k
679,Universidad Carlos iii de Madrid
680,47 courses
681,Follow
682,30.3k
683,Curtin University
684,46 courses
685,Follow
686,25.4k
687,University College London
688,45 courses
689,Follow
690,297
691,University of Reading
692,44 courses
693,Follow
694,45.5k
695,Yonsei University
696,44 courses
697,Follow
698,32.4k
699,University of Melbourne
700,43 courses
701,Follow
702,82.7k
703,Moscow State Institute of International Relations (MGIMO)
704,42 courses
705,Follow
706,60
707,Wesleyan University
708,42 courses
709,Follow
710,46.6k
711,Erasmus University Rotterdam
712,41 courses
713,Follow
714,154
715,University of Kent
716,41 courses
717,Follow
718,76
719,Rochester Institute of Technology
720,41 courses
721,Follow
722,32.8k
723,National University of Singapore
724,40 courses
725,Follow
726,8.8k
727,St. Petersburg State Polytechnic University
728,40 courses
729,Follow
730,76
731,Sukhothai Thammathirat Open University
732,40 courses
733,Follow
734,4
735,University at Buffalo
736,40 courses
737,Follow
738,3.0k
739,Vanderbilt University
740,40 courses
741,Follow
742,61.6k
743,California Institute of the Arts
744,39 courses
745,Follow
746,75.9k
747,The University of Hong Kong
748,39 courses
749,Follow
750,14.8k
751,Pennsylvania State University
752,39 courses
753,Follow
754,307
755,Rutgers University
756,39 courses
757,Follow
758,3.5k
759,Technische Universität München (Technical University of Munich)
760,39 courses
761,Follow
762,225
763,King's College London
764,38 courses
765,Follow
766,413
767,University of Newcastle
768,38 courses
769,Follow
770,130
771,Princeton University
772,38 courses
773,Follow
774,161.0k
775,Waseda University
776,37 courses
777,Follow
778,114
779,University of Birmingham
780,36 courses
781,Follow
782,47.6k
783,Universidad Nacional de Córdoba
784,36 courses
785,Follow
786,50
787,Davidson College
788,36 courses
789,Follow
790,8.0k
791,University of Alaska Fairbanks
792,36 courses
793,Follow
794,4
795,Korea Advanced Institute of Science and Technology
796,35 courses
797,Follow
798,181
799,Université Paris-Saclay
800,35 courses
801,Follow
802,27.3k
803,University of Alberta
804,34 courses
805,Follow
806,25.7k
807,University of East Anglia
808,34 courses
809,Follow
810,32.1k
811,English and Foreign Languages University
812,33 courses
813,Follow
814,104
815,Monash University
816,33 courses
817,Follow
818,3.9k
819,Queensland University of Technology
820,33 courses
821,Follow
822,50.1k
823,University of Adelaide
824,32 courses
825,Follow
826,4.3k
827,Indiana University
828,32 courses
829,Follow
830,115
831,University of Malaya
832,32 courses
833,Follow
834,52
835,Novosibirsk State University
836,32 courses
837,Follow
838,75
839,Shanghai Jiao Tong University
840,32 courses
841,Follow
842,17.8k
843,University of New South Wales
844,32 courses
845,Follow
846,59.5k
847,University of Canterbury
848,31 courses
849,Follow
850,6
851,Ohio State University
852,31 courses
853,Follow
854,81.7k
855,Taipei Medical University
856,31 courses
857,Follow
858,79
859,University of York
860,31 courses
861,Follow
862,90
863,Boston University
864,30 courses
865,Follow
866,68.1k
867,CQUniversity Australia
868,30 courses
869,Follow
870,8
871,The Chinese University of Hong Kong
872,30 courses
873,Follow
874,17.4k
875,Universidad de Cantabria
876,30 courses
877,Follow
878,1.6k
879,Universidade de São Paulo
880,30 courses
881,Follow
882,6.1k
883,University of Exeter
884,29 courses
885,Follow
886,126
887,HEC Montréal
888,29 courses
889,Follow
890,68
891,KU Leuven University
892,29 courses
893,Follow
894,95
895,University of New Mexico
896,29 courses
897,Follow
898,34.2k
899,RMIT University
900,29 courses
901,Follow
902,119
903,University of Tokyo
904,29 courses
905,Follow
906,11.1k
907,University of Copenhagen
908,29 courses
909,Follow
910,7.7k
911,Georgetown University
912,28 courses
913,Follow
914,350
915,Indian School of Business
916,28 courses
917,Follow
918,11.0k
919,The University of Oklahoma
920,28 courses
921,Follow
922,39.5k
923,"University of California, Santa Cruz"
924,28 courses
925,Follow
926,179
927,University of Cape Town
928,28 courses
929,Follow
930,825
931,University of Amsterdam
932,27 courses
933,Follow
934,19.0k
935,University of Cambridge
936,27 courses
937,Follow
938,1.1k
939,Goldsmiths University of London
940,27 courses
941,Follow
942,197
943,Savitribai Phule Pune University
944,27 courses
945,Follow
946,32
947,University of Barcelona
948,27 courses
949,Follow
950,4.8k
951,Universidad Rey Juan Carlos
952,27 courses
953,Follow
954,61
955,California Institute of Technology
956,26 courses
957,Follow
958,18.5k
959,University of Groningen
960,26 courses
961,Follow
962,180
963,Sorbonne Paris Cité University
964,26 courses
965,Follow
966,10.1k
967,Universidad Francisco Marroquín
968,25 courses
969,Follow
970,45
971,HEC Paris
972,25 courses
973,Follow
974,7.5k
975,London School of Hygiene & Tropical Medicine
976,25 courses
977,Follow
978,147
979,Queen Mary University of London
980,25 courses
981,Follow
982,4
983,The University of Sheffield
984,25 courses
985,Follow
986,17.4k
987,University of Southampton
988,25 courses
989,Follow
990,15.5k
991,The University of Sydney
992,25 courses
993,Follow
994,281
995,Universitas Telefónica
996,25 courses
997,Follow
998,44
999,Copenhagen Business School
1000,24 courses
1001,Follow
1002,230
1003,Griffith University
1004,24 courses
1005,Follow
1006,819
1007,IESE Business School
1008,24 courses
1009,Follow
1010,4.4k
1011,METUopencouseware
1012,24 courses
1013,Follow
1014,0
1015,Institut d'Etudes Politiques de Paris
1016,24 courses
1017,Follow
1018,746
1019,Seoul National University
1020,24 courses
1021,Follow
1022,299
1023,Tel Aviv University
1024,24 courses
1025,Follow
1026,15.0k
1027,University of Wisconsin–Madison
1028,24 courses
1029,Follow
1030,187
1031,Chulalongkorn University
1032,23 courses
1033,Follow
1034,9
1035,"Indian Institute of Science Education and Research, Pune"
1036,23 courses
1037,Follow
1038,24
1039,Universidad de Murcia
1040,23 courses
1041,Follow
1042,4.8k
1043,Santa Fe Institute
1044,23 courses
1045,Follow
1046,2.1k
1047,Universidad de Navarra
1048,23 courses
1049,Follow
1050,89
1051,University of Modena and Reggio Emilia
1052,23 courses
1053,Follow
1054,11.4k
1055,Universitat Pompeu Fabra
1056,23 courses
1057,Follow
1058,67
1059,Wharton School of the University of Pennsylvania
1060,23 courses
1061,Follow
1062,11.1k
1063,Dublin City University
1064,22 courses
1065,Follow
1066,75
1067,KTH Royal Institute of Technology
1068,22 courses
1069,Follow
1070,80
1071,Lund University
1072,22 courses
1073,Follow
1074,104
1075,University of Manchester
1076,22 courses
1077,Follow
1078,2.9k
1079,Universidade Estadual de Campinas
1080,22 courses
1081,Follow
1082,82
1083,Babson College
1084,21 courses
1085,Follow
1086,86
1087,IIT Hyderabad
1088,21 courses
1089,Follow
1090,2
1091,Luleå University of Technology
1092,21 courses
1093,Follow
1094,2
1095,The University of Nottingham
1096,21 courses
1097,Follow
1098,148
1099,University of Florida
1100,21 courses
1101,Follow
1102,25.4k
1103,Walailak University
1104,21 courses
1105,Follow
1106,0
1107,Fudan University
1108,20 courses
1109,Follow
1110,5.4k
1111,INSEAD
1112,20 courses
1113,Follow
1114,35
1115,Ludwig-Maximilians-Universität München
1116,20 courses
1117,Follow
1118,134
1119,University of Padova
1120,20 courses
1121,Follow
1122,74
1123,Universidad de Chile
1124,20 courses
1125,Follow
1126,112
1127,University of Mysore
1128,20 courses
1129,Follow
1130,10
1131,University of Texas Arlington
1132,20 courses
1133,Follow
1134,596
1135,North Carolina State College of Education
1136,19 courses
1137,Follow
1138,123
1139,Sungkyunkwan University
1140,19 courses
1141,Follow
1142,40
1143,Technion - Israel Institute of Technology
1144,19 courses
1145,Follow
1146,189
1147,Australian National University
1148,18 courses
1149,Follow
1150,10.0k
1151,Cal Poly Pomona
1152,18 courses
1153,Follow
1154,19
1155,European University Institute
1156,18 courses
1157,Follow
1158,42
1159,King Mongkut's University of Technology Thonburi
1160,18 courses
1161,Follow
1162,3
1163,Kyoto University
1164,18 courses
1165,Follow
1166,177
1167,Lancaster University
1168,18 courses
1169,Follow
1170,120
1171,Northeastern University
1172,18 courses
1173,Follow
1174,29
1175,Sorbonne Universités
1176,18 courses
1177,Follow
1178,206
1179,University of Strathclyde
1180,18 courses
1181,Follow
1182,73
1183,"St. Xavier's College (Autonomous), Kolkata"
1184,18 courses
1185,Follow
1186,2
1187,University of Bath
1188,17 courses
1189,Follow
1190,127
1191,Chalmers University of Technology
1192,17 courses
1193,Follow
1194,102
1195,Chennai Mathematical Institute
1196,17 courses
1197,Follow
1198,77
1199,Cornell University
1200,17 courses
1201,Follow
1202,3.2k
1203,Chiang Rai Rajabhat University
1204,17 courses
1205,Follow
1206,1
1207,Keio University
1208,17 courses
1209,Follow
1210,87
1211,Srinakharinwirot University
1212,17 courses
1213,Follow
1214,2
1215,Université de Montréal
1216,17 courses
1217,Follow
1218,10
1219,University of Aberdeen
1220,16 courses
1221,Follow
1222,83
1223,Carnegie Mellon University
1224,16 courses
1225,Follow
1226,200
1227,"Doctor Harisingh Gour Vishwavidyalaya, Sagar"
1228,16 courses
1229,Follow
1230,4
1231,ETH Zurich
1232,16 courses
1233,Follow
1234,213
1235,George Washington University
1236,16 courses
1237,Follow
1238,223
1239,ITMO University
1240,16 courses
1241,Follow
1242,45
1243,Mahidol University
1244,16 courses
1245,Follow
1246,10
1247,Nanjing University
1248,16 courses
1249,Follow
1250,134
1251,Southern New Hampshire University
1252,16 courses
1253,Follow
1254,23
1255,University of Kashmir
1256,16 courses
1257,Follow
1258,9
1259,University of the Witwatersrand
1260,16 courses
1261,Follow
1262,141
1263,Università Bocconi
1264,15 courses
1265,Follow
1266,169
1267,University of Dundee
1268,15 courses
1269,Follow
1270,89
1271,University of Houston
1272,15 courses
1273,Follow
1274,2
1275,University of Leicester
1276,15 courses
1277,Follow
1278,129
1279,Icahn School of Medicine at Mount Sinai
1280,15 courses
1281,Follow
1282,84
1283,University of Notre Dame
1284,15 courses
1285,Follow
1286,203
1287,University of Rochester
1288,15 courses
1289,Follow
1290,5.6k
1291,Tokyo Institute of Technology
1292,15 courses
1293,Follow
1294,109
1295,UAL Creative Computing Institute
1296,15 courses
1297,Follow
1298,3
1299,Universitat Jaume  I
1300,15 courses
1301,Follow
1302,192
1303,Universidad de La Laguna
1304,15 courses
1305,Follow
1306,40
1307,University of Western Australia
1308,15 courses
1309,Follow
1310,215
1311,Xi'an Jiaotong University
1312,15 courses
1313,Follow
1314,64
1315,Technical University of Denmark (DTU)
1316,14 courses
1317,Follow
1318,210
1319,École normale supérieure
1320,14 courses
1321,Follow
1322,94
1323,Gujarat University
1324,14 courses
1325,Follow
1326,9
1327,Karolinska Institutet
1328,14 courses
1329,Follow
1330,80
1331,King Mongkut's Institute of Technology Ladkrabang
1332,14 courses
1333,Follow
1334,2
1335,McMaster University
1336,14 courses
1337,Follow
1338,208
1339,University of Parma
1340,14 courses
1341,Follow
1342,1.2k
1343,San Jose State University
1344,14 courses
1345,Follow
1346,3.0k
1347,Trinity College Dublin
1348,14 courses
1349,Follow
1350,148
1351,"University of California, San Francisco"
1352,14 courses
1353,Follow
1354,7.9k
1355,Université Paris 1 Panthéon-Sorbonne
1356,14 courses
1357,Follow
1358,90
1359,University of Urbino
1360,14 courses
1361,Follow
1362,77
1363,Case Western Reserve University
1364,13 courses
1365,Follow
1366,129
1367,"Devi Ahilya Viswavidyalaya, Indore"
1368,13 courses
1369,Follow
1370,9
1371,Grenoble School of Management
1372,13 courses
1373,Follow
1374,84
1375,Hebrew University of Jerusalem
1376,13 courses
1377,Follow
1378,293
1379,"St George's, University of London"
1380,13 courses
1381,Follow
1382,77
1383,Silpakorn University
1384,13 courses
1385,Follow
1386,10
1387,School of Visual Arts
1388,13 courses
1389,Follow
1390,185
1391,The College of St. Scholastica
1392,13 courses
1393,Follow
1394,70
1395,Université fédérale de Toulouse Midi-Pyrénées
1396,13 courses
1397,Follow
1398,36
1399,University of Maryland University College
1400,13 courses
1401,Follow
1402,133
1403,The University of North Carolina at Chapel Hill
1404,13 courses
1405,Follow
1406,1.2k
1407,Universidad de Salamanca
1408,13 courses
1409,Follow
1410,66
1411,University of Zurich
1412,13 courses
1413,Follow
1414,179
1415,Avinashilingam Institute for Home Science and Higher Education for Women
1416,12 courses
1417,Follow
1418,31
1419,University of Basel
1420,12 courses
1421,Follow
1422,69
1423,Universitat Oberta de Catalunya
1424,12 courses
1425,Follow
1426,48
1427,EDHEC Business School
1428,12 courses
1429,Follow
1430,6
1431,University of Helsinki
1432,12 courses
1433,Follow
1434,92
1435,"Indian Institute of Science Education and Research, Mohali"
1436,12 courses
1437,Follow
1438,28
1439,"Indian Institute of Technology, Ropar"
1440,12 courses
1441,Follow
1442,27
1443,ISAE-SUPAERO
1444,12 courses
1445,Follow
1446,3
1447,Instituto Tecnológico de Aeronáutica
1448,12 courses
1449,Follow
1450,69
1451,"Jawaharlal Nehru University, New Delhi"
1452,12 courses
1453,Follow
1454,2
1455,LaSalle College
1456,12 courses
1457,Follow
1458,1
1459,Middlesex University London
1460,12 courses
1461,Follow
1462,97
1463,Queen's University Belfast
1464,12 courses
1465,Follow
1466,76
1467,Peoples' Friendship University of Russia (RUDN)
1468,12 courses
1469,Follow
1470,0
1471,St. George's University
1472,12 courses
1473,Follow
1474,92
1475,Stanford Medicine
1476,12 courses
1477,Follow
1478,306
1479,Taylor's University
1480,12 courses
1481,Follow
1482,2.9k
1483,Te Pūkenga - New Zealand Institute of Skills & Technology
1484,12 courses
1485,Follow
1486,0
1487,Eindhoven University of Technology
1488,12 courses
1489,Follow
1490,67
1491,Universidad ESAN
1492,12 courses
1493,Follow
1494,38
1495,University of Houston System
1496,12 courses
1497,Follow
1498,758
1499,Universitat de València
1500,12 courses
1501,Follow
1502,2
1503,University of Waikato
1504,12 courses
1505,Follow
1506,54
1507,The University of Warwick
1508,12 courses
1509,Follow
1510,116
1511,Wellesley College
1512,12 courses
1513,Follow
1514,719
1515,Waikato Institute of Technology
1516,12 courses
1517,Follow
1518,0
1519,Association of International Certified Professional Accountants
1520,11 courses
1521,Follow
1522,8
1523,Colorado State University
1524,11 courses
1525,Follow
1526,133
1527,University of Extremadura
1528,11 courses
1529,Follow
1530,35
1531,Communauté Université Grenoble Alpes
1532,11 courses
1533,Follow
1534,24
1535,Indian Institute of Technology Patna
1536,11 courses
1537,Follow
1538,50
1539,University of Liège
1540,11 courses
1541,Follow
1542,36
1543,University of Liverpool
1544,11 courses
1545,Follow
1546,174
1547,Université de Lorraine
1548,11 courses
1549,Follow
1550,62
1551,Math at Andrews
1552,11 courses
1553,Follow
1554,0
1555,Osaka University
1556,11 courses
1557,Follow
1558,90
1559,University of Pittsburgh
1560,11 courses
1561,Follow
1562,186
1563,"Royal Holloway, University of London"
1564,11 courses
1565,Follow
1566,81
1567,Sapienza University of Rome
1568,11 courses
1569,Follow
1570,115
1571,Università di Torino
1572,11 courses
1573,Follow
1574,20
1575,Graz University of Technology
1576,11 courses
1577,Follow
1578,0
1579,Universidad Externado de Colombia
1580,11 courses
1581,Follow
1582,1
1583,University of North Texas
1584,11 courses
1585,Follow
1586,61
1587,Université Panthéon-Assas - Paris II
1588,11 courses
1589,Follow
1590,73
1591,University of the Basque Country
1592,10 courses
1593,Follow
1594,63
1595,Berkeley University of California
1596,10 courses
1597,Follow
1598,8
1599,Embry-Riddle Aeronautical University
1600,10 courses
1601,Follow
1602,283
1603,Hanyang University
1604,10 courses
1605,Follow
1606,72
1607,University of Iceland
1608,10 courses
1609,Follow
1610,51
1611,Indian Institute of Science Education and Research Bhopal
1612,10 courses
1613,Follow
1614,2
1615,Kasetsart University
1616,10 courses
1617,Follow
1618,4
1619,University of Law
1620,10 courses
1621,Follow
1622,3
1623,Université Montpellier 2
1624,10 courses
1625,Follow
1626,50
1627,Utrecht University
1628,10 courses
1629,Follow
1630,78
1631,West Virginia University
1632,10 courses
1633,Follow
1634,109
1635,Anglia Ruskin University
1636,9 courses
1637,Follow
1638,7
1639,Université de Bordeaux
1640,9 courses
1641,Follow
1642,62
1643,Université libre de Bruxelles
1644,9 courses
1645,Follow
1646,73
1647,Hamad Bin Khalifa University
1648,9 courses
1649,Follow
1650,14
1651,HESAM Université
1652,9 courses
1653,Follow
1654,1
1655,Howard University
1656,9 courses
1657,Follow
1658,1
1659,Indraprastha Institute of Information Technology Delhi
1660,9 courses
1661,Follow
1662,47
1663,University of Lincoln
1664,9 courses
1665,Follow
1666,0
1667,London South Bank University
1668,9 courses
1669,Follow
1670,104
1671,London School of Economics and Political Science
1672,9 courses
1673,Follow
1674,3
1675,Manipur University
1676,9 courses
1677,Follow
1678,5
1679,Université de Nantes
1680,9 courses
1681,Follow
1682,51
1683,Newcastle University
1684,9 courses
1685,Follow
1686,98
1687,Norwegian University of Science and Technology
1688,9 courses
1689,Follow
1690,25
1691,Open Universiteit Nederland
1692,9 courses
1693,Follow
1694,25
1695,Trinity College
1696,9 courses
1697,Follow
1698,163
1699,University of Twente
1700,9 courses
1701,Follow
1702,68
1703,University of Oslo
1704,9 courses
1705,Follow
1706,94
1707,Universidad Pontificia Bolivariana
1708,9 courses
1709,Follow
1710,0
1711,Pontificia Universidad Católica de Valparaíso
1712,9 courses
1713,Follow
1714,3
1715,Victoria University of Wellington
1716,9 courses
1717,Follow
1718,66
1719,Vrije Universiteit Brussel
1720,9 courses
1721,Follow
1722,51
1723,Andrews University
1724,8 courses
1725,Follow
1726,0
1727,University of Bristol
1728,8 courses
1729,Follow
1730,94
1731,University of Burgundy
1732,8 courses
1733,Follow
1734,67
1735,Curtis Institute of Music
1736,8 courses
1737,Follow
1738,72
1739,École Centrale Paris
1740,8 courses
1741,Follow
1742,105
1743,Harvey Mudd College
1744,8 courses
1745,Follow
1746,65
1747,Hat Yai University
1748,8 courses
1749,Follow
1750,1
1751,University of Hull
1752,8 courses
1753,Follow
1754,47
1755,Institut Français de la Mode
1756,8 courses
1757,Follow
1758,3
1759,Université Jean Moulin Lyon 3
1760,8 courses
1761,Follow
1762,45
1763,"Jai Narain Vyas University, Jodhpur"
1764,8 courses
1765,Follow
1766,0
1767,Koç University
1768,8 courses
1769,Follow
1770,88
1771,Université de Lille
1772,8 courses
1773,Follow
1774,54
1775,Manchester Metropolitan University
1776,8 courses
1777,Follow
1778,26
1779,University of Northampton
1780,8 courses
1781,Follow
1782,86
1783,Northern Michigan University
1784,8 courses
1785,Follow
1786,81
1787,Nanyang Technological University
1788,8 courses
1789,Follow
1790,118
1791,University of Oxford
1792,8 courses
1793,Follow
1794,573
1795,Pontificia Universidad Católica del Perú
1796,8 courses
1797,Follow
1798,40
1799,Queen's University
1800,8 courses
1801,Follow
1802,13
1803,Relay Graduate School of Education
1804,8 courses
1805,Follow
1806,118
1807,School of the Art Institute of Chicago
1808,8 courses
1809,Follow
1810,127
1811,Samara University
1812,8 courses
1813,Follow
1814,49
1815,SOAS University of London
1816,8 courses
1817,Follow
1818,68
1819,Stellenbosch University
1820,8 courses
1821,Follow
1822,54
1823,Swinburne University of Technology
1824,8 courses
1825,Follow
1826,80
1827,Universidad Nebrija
1828,8 courses
1829,Follow
1830,0
1831,University of Southern Queensland
1832,8 courses
1833,Follow
1834,0
1835,University of Science and Technology of China
1836,8 courses
1837,Follow
1838,81
1839,Zurich University of Applied Sciences
1840,8 courses
1841,Follow
1842,0
1843,Aix Marseille Université
1844,7 courses
1845,Follow
1846,45
1847,University of Arizona
1848,7 courses
1849,Follow
1850,147
1851,Cardiff University
1852,7 courses
1853,Follow
1854,87
1855,Colorado Community College System
1856,7 courses
1857,Follow
1858,65
1859,Universidad EAFIT
1860,7 courses
1861,Follow
1862,19
1863,eCornell
1864,7 courses
1865,Follow
1866,265
1867,National Law University Delhi
1868,7 courses
1869,Follow
1870,5
1871,Universidad del Norte
1872,7 courses
1873,Follow
1874,0
1875,"Palacký University, Olomouc"
1876,7 courses
1877,Follow
1878,39
1879,Universidad del Salvador
1880,7 courses
1881,Follow
1882,1
1883,Santa Clara University
1884,7 courses
1885,Follow
1886,81
1887,Sripatum University
1888,7 courses
1889,Follow
1890,0
1891,TenarisUniversity
1892,7 courses
1893,Follow
1894,49
1895,Tufts University
1896,7 courses
1897,Follow
1898,51
1899,University of London
1900,7 courses
1901,Follow
1902,4
1903,Universidad Complutense de Madrid
1904,7 courses
1905,Follow
1906,71
1907,Université de Liège
1908,7 courses
1909,Follow
1910,2
1911,University of Ferrara
1912,7 courses
1913,Follow
1914,67
1915,University of Lausanne
1916,7 courses
1917,Follow
1918,64
1919,University of Brasilia
1920,7 courses
1921,Follow
1922,2
1923,University of Hyderabad
1924,7 courses
1925,Follow
1926,5
1927,Ural Federal University
1928,7 courses
1929,Follow
1930,32
1931,University Of The West Indies
1932,7 courses
1933,Follow
1934,0
1935,University of Wollongong
1936,7 courses
1937,Follow
1938,70
1939,University of Bergen
1940,6 courses
1941,Follow
1942,49
1943,Universidad de Cádiz
1944,6 courses
1945,Follow
1946,43
1947,CNIT - City College of San Francisco
1948,6 courses
1949,Follow
1950,2
1951,Central University of Kerala
1952,6 courses
1953,Follow
1954,10
1955,University of Derby
1956,6 courses
1957,Follow
1958,59
1959,Durham University
1960,6 courses
1961,Follow
1962,75
1963,ESADE Business and Law School
1964,6 courses
1965,Follow
1966,64
1967,SUNY Empire State College
1968,6 courses
1969,Follow
1970,57
1971,Fontys Hogeschool ICT
1972,6 courses
1973,Follow
1974,28
1975,Glion Institute of Higher Education
1976,6 courses
1977,Follow
1978,5
1979,Hanken School of Economics
1980,6 courses
1981,Follow
1982,22
1983,Iowa State University
1984,6 courses
1985,Follow
1986,100
1987,"Indian Institute of Information Technology, Bangalore"
1988,6 courses
1989,Follow
1990,14.0k
1991,Indian Institute Of Management–Kozhikode (IIM–Kozhikode)
1992,6 courses
1993,Follow
1994,1
1995,University of Iowa
1996,6 courses
1997,Follow
1998,177
1999,Juilliard
2000,6 courses
2001,Follow
2002,171
2003,Karlstad University
2004,6 courses
2005,Follow
2006,45
2007,Université Paris Lumières
2008,6 courses
2009,Follow
2010,17
2011,Marist College
2012,6 courses
2013,Follow
2014,72
2015,The University of Texas MD Anderson Cancer Center
2016,6 courses
2017,Follow
2018,15
2019,Maejo University
2020,6 courses
2021,Follow
2022,0
2023,National Chiao Tung University
2024,6 courses
2025,Follow
2026,33
2027,Universidad Autónoma de Occidente
2028,6 courses
2029,Follow
2030,29
2031,O.P. Jindal Global University
2032,6 courses
2033,Follow
2034,2
2035,Paris Diderot University
2036,6 courses
2037,Follow
2038,62
2039,Université Paris SUD
2040,6 courses
2041,Follow
2042,58
2043,Prince of Songkla University
2044,6 courses
2045,Follow
2046,0
2047,Prince of Songkla University
2048,6 courses
2049,Follow
2050,0
2051,Ravensbourne University London
2052,6 courses
2053,Follow
2054,1
2055,Shanghai International Studies University
2056,6 courses
2057,Follow
2058,61
2059,Stanford Graduate School of Education
2060,6 courses
2061,Follow
2062,88
2063,The New School
2064,6 courses
2065,Follow
2066,77
2067,Tohoku University
2068,6 courses
2069,Follow
2070,31
2071,Eberhard Karls University of Tübingen
2072,6 courses
2073,Follow
2074,1
2075,United Arab Emirates University
2076,6 courses
2077,Follow
2078,3
2079,Universidad Católica de Murcia
2080,6 courses
2081,Follow
2082,53
2083,Universidad de Vic - Universidad Central de Cataluña
2084,6 courses
2085,Follow
2086,0
2087,Universidad de Malaga
2088,6 courses
2089,Follow
2090,60
2091,Universidad Nacional de Colombia
2092,6 courses
2093,Follow
2094,1
2095,Universidad del País Vasco/ Euskal Herriko Unibertsitatea
2096,6 courses
2097,Follow
2098,0
2099,University of Foggia
2100,6 courses
2101,Follow
2102,44
2103,University of Oregon
2104,6 courses
2105,Follow
2106,140
2107,University of Vigo
2108,6 courses
2109,Follow
2110,0
2111,Weizmann Institute of Science
2112,6 courses
2113,Follow
2114,44
2115,American Institute of Business and Economics
2116,5 courses
2117,Follow
2118,65
2119,Avans University of Applied Sciences
2120,5 courses
2121,Follow
2122,36
2123,University of Bayreuth
2124,5 courses
2125,Follow
2126,0
2127,Ball State University
2128,5 courses
2129,Follow
2130,97
2131,University of Canberra
2132,5 courses
2133,Follow
2134,83
2135,Pontifical Catholic University of Valparaíso
2136,5 courses
2137,Follow
2138,31
2139,Charles Darwin University
2140,5 courses
2141,Follow
2142,83
2143,Concordia University Wisconsin
2144,5 courses
2145,Follow
2146,55
2147,ESCP Europe
2148,5 courses
2149,Follow
2150,50
2151,European University at St. Petersburg
2152,5 courses
2153,Follow
2154,34
2155,Florida International University
2156,5 courses
2157,Follow
2158,138
2159,Fundación Telefónica
2160,5 courses
2161,Follow
2162,0
2163,Indian Institute of Technology Mandi
2164,5 courses
2165,Follow
2166,1
2167,IIT Palakkad
2168,5 courses
2169,Follow
2170,1
2171,Inha University
2172,5 courses
2173,Follow
2174,26
2175,Insper
2176,5 courses
2177,Follow
2178,40
2179,Lakeland College
2180,5 courses
2181,Follow
2182,51
2183,London College of Fashion
2184,5 courses
2185,Follow
2186,75
2187,McGill University
2188,5 courses
2189,Follow
2190,181
2191,Mahatma Gandhi College
2192,5 courses
2193,Follow
2194,3
2195,"Madurai Kamaraj University,  Madurai, Tamil Nadu"
2196,5 courses
2197,Follow
2198,5
2199,Murdoch University
2200,5 courses
2201,Follow
2202,35
2203,Nankai University
2204,5 courses
2205,Follow
2206,0
2207,North Carolina State University
2208,5 courses
2209,Follow
2210,113
2211,Nakhon Ratchasima Rajabhat University
2212,5 courses
2213,Follow
2214,0
2215,"Netaji Subhas Open University, Kolkata"
2216,5 courses
2217,Follow
2218,1
2219,Osmania University
2220,5 courses
2221,Follow
2222,0
2223,Pace University
2224,5 courses
2225,Follow
2226,77
2227,Université Paris Descartes
2228,5 courses
2229,Follow
2230,63
2231,Universite Perpignan Via Domitia
2232,5 courses
2233,Follow
2234,22
2235,Pohang University of Science and Technology
2236,5 courses
2237,Follow
2238,28
2239,Ringling College of Art + Design
2240,5 courses
2241,Follow
2242,28
2243,Ritsumeikan University
2244,5 courses
2245,Follow
2246,41
2247,Rangsit University
2248,5 courses
2249,Follow
2250,0
2251,Sberbank Corporate University
2252,5 courses
2253,Follow
2254,21
2255,Surat Thani Rajabhat University
2256,5 courses
2257,Follow
2258,0
2259,"St.Mary's College, Thrissur"
2260,5 courses
2261,Follow
2262,0
2263,University Of Surrey
2264,5 courses
2265,Follow
2266,3
2267,Syracuse University
2268,5 courses
2269,Follow
2270,110
2271,Universidad de Alcalá
2272,5 courses
2273,Follow
2274,48
2275,University of Calicut
2276,5 courses
2277,Follow
2278,2
2279,University of Kentucky
2280,5 courses
2281,Follow
2282,95
2283,Université de Montpellier
2284,5 courses
2285,Follow
2286,1
2287,University of Milano-Bicocca
2288,5 courses
2289,Follow
2290,68
2291,University of Genova
2292,5 courses
2293,Follow
2294,80
2295,Université Pierre et Marie CURIE
2296,5 courses
2297,Follow
2298,49
2299,University of South Florida
2300,5 courses
2301,Follow
2302,103
2303,Aalto University
2304,4 courses
2305,Follow
2306,1
2307,Abertay University
2308,4 courses
2309,Follow
2310,27
2311,AgroParisTech
2312,4 courses
2313,Follow
2314,9
2315,Agrocampus Ouest
2316,4 courses
2317,Follow
2318,17
2319,Arab Open University
2320,4 courses
2321,Follow
2322,21
2323,AUB: American University of Beirut
2324,4 courses
2325,Follow
2326,71
2327,Auckland University of Technology
2328,4 courses
2329,Follow
2330,47
2331,Barry University
2332,4 courses
2333,Follow
2334,44
2335,Université de Bretagne Occidentale
2336,4 courses
2337,Follow
2338,30
2339,Columbus College of Art & Design
2340,4 courses
2341,Follow
2342,67
2343,Chartered College of Teaching
2344,4 courses
2345,Follow
2346,6
2347,Universidad Cooperativa de Colombia
2348,4 courses
2349,Follow
2350,20
2351,Chaiyaphum Rajabhat University
2352,4 courses
2353,Follow
2354,0
2355,Dalhousie University
2356,4 courses
2357,Follow
2358,56
2359,Edge Hill University
2360,4 courses
2361,Follow
2362,32
2363,École des Ponts Paritech
2364,4 courses
2365,Follow
2366,45
2367,École Pratique des Hautes Études
2368,4 courses
2369,Follow
2370,27
2371,Florida State University
2372,4 courses
2373,Follow
2374,97
2375,Hamilton College
2376,4 courses
2377,Follow
2378,50
2379,Indian Institute of Technology (BHU) Varanasi
2380,4 courses
2381,Follow
2382,2
2383,Immanuel Kant Baltic Federal University
2384,4 courses
2385,Follow
2386,26
2387,Universitat de les Illes Balears
2388,4 courses
2389,Follow
2390,21
2391,Korea University
2392,4 courses
2393,Follow
2394,99
2395,King Saud University
2396,4 courses
2397,Follow
2398,248
2399,Universitat de Lleida
2400,4 courses
2401,Follow
2402,0
2403,Loughborough University
2404,4 courses
2405,Follow
2406,48
2407,Université de Lyon
2408,4 courses
2409,Follow
2410,26
2411,"University of Maryland, Baltimore"
2412,4 courses
2413,Follow
2414,1
2415,National University of Science and Technology MISiS
2416,4 courses
2417,Follow
2418,48
2419,Missouri State University
2420,4 courses
2421,Follow
2422,76
2423,Match Teacher Residency
2424,4 courses
2425,Follow
2426,41
2427,Antonio de Nebrija University
2428,4 courses
2429,Follow
2430,36
2431,National Law School of India University
2432,4 courses
2433,Follow
2434,1
2435,New Mexico Highlands University
2436,4 courses
2437,Follow
2438,0
2439,Nottingham Trent University
2440,4 courses
2441,Follow
2442,0
2443,National Tsing Hua University
2444,4 courses
2445,Follow
2446,33
2447,"National University of Ireland, Galway"
2448,4 courses
2449,Follow
2450,73
2451,Oregon State University
2452,4 courses
2453,Follow
2454,87
2455,Mercy College Palakkad
2456,4 courses
2457,Follow
2458,2
2459,Parkland College
2460,4 courses
2461,Follow
2462,43
2463,Institución Universitaria Pascual Bravo
2464,4 courses
2465,Follow
2466,0
2467,Pacific Northwest College of Art
2468,4 courses
2469,Follow
2470,54
2471,Polytechnique Montréal
2472,4 courses
2473,Follow
2474,3
2475,Pompeu Fabra University
2476,4 courses
2477,Follow
2478,41
2479,Pontifícia Universidade Católica do Rio Grande do Sul
2480,4 courses
2481,Follow
2482,36
2483,Punjabi University
2484,4 courses
2485,Follow
2486,0
2487,Rabindra Bharati University
2488,4 courses
2489,Follow
2490,0
2491,Rensselaer Polytechnic Institute
2492,4 courses
2493,Follow
2494,1
2495,Shri Lal Bahadur Shastri National Sanskrit University
2496,4 courses
2497,Follow
2498,1
2499,Ryerson University
2500,4 courses
2501,Follow
2502,50
2503,Università Cattolica del Sacro Cuore
2504,4 courses
2505,Follow
2506,48
2507,Seattle Central Community College
2508,4 courses
2509,Follow
2510,65
2511,Southern College of Technology
2512,4 courses
2513,Follow
2514,0
2515,San Diego State University
2516,4 courses
2517,Follow
2518,72
2519,Suan Dusit University
2520,4 courses
2521,Follow
2522,0
2523,Simon Fraser University
2524,4 courses
2525,Follow
2526,70
2527,Stanford Graduate School of Business
2528,4 courses
2529,Follow
2530,191
2531,Shri Lal Bahadur Shastri Rashtriya Sanskrit Vidyapeeth
2532,4 courses
2533,Follow
2534,5
2535,School of Planning and Architecture New Delhi
2536,4 courses
2537,Follow
2538,1
2539,Téluq
2540,4 courses
2541,Follow
2542,28
2543,Thunderbird School of Global Management
2544,4 courses
2545,Follow
2546,44
2547,Universidad Blas Pascal
2548,4 courses
2549,Follow
2550,39
2551,"University of California, Riverside"
2552,4 courses
2553,Follow
2554,1
2555,University for the Creative Arts
2556,4 courses
2557,Follow
2558,1
2559,University of Central Florida
2560,4 courses
2561,Follow
2562,83
2563,Universidad CEU Cardenal Herrera
2564,4 courses
2565,Follow
2566,33
2567,Universidad a Distancia de Madrid
2568,4 courses
2569,Follow
2570,55
2571,Universidade Federal do Rio Grande do Sul
2572,4 courses
2573,Follow
2574,24
2575,Universitas Indonesia
2576,4 courses
2577,Follow
2578,1
2579,Universidad Europea de Madrid
2580,4 courses
2581,Follow
2582,66
2583,"University of Nevada, Las Vegas"
2584,4 courses
2585,Follow
2586,65
2587,University of West Florida
2588,4 courses
2589,Follow
2590,69
2591,Universidad Politécnica de Cartagena
2592,4 courses
2593,Follow
2594,45
2595,Université Paris Ouest Nanterre la Défense
2596,4 courses
2597,Follow
2598,51
2599,Università della Svizzera italiana
2600,4 courses
2601,Follow
2602,51
2603,Universidad San Pablo CEU
2604,4 courses
2605,Follow
2606,40
2607,Utah State University
2608,4 courses
2609,Follow
2610,62
2611,University of Tasmania
2612,4 courses
2613,Follow
2614,308
2615,Universidad del Valle de Guatemala
2616,4 courses
2617,Follow
2618,37
2619,University of Victoria
2620,4 courses
2621,Follow
2622,75
2623,University of Valladolid
2624,4 courses
2625,Follow
2626,34
2627,University of Warsaw
2628,4 courses
2629,Follow
2630,0
2631,Western Governors University
2632,4 courses
2633,Follow
2634,2
2635,Zigurat Global Institute of Technology
2636,4 courses
2637,Follow
2638,6
2639,Abadir - Accademia di Belle Arti
2640,3 courses
2641,Follow
2642,7
2643,Anna University
2644,3 courses
2645,Follow
2646,0
2647,University Of Auckland
2648,3 courses
2649,Follow
2650,140
2651,Dr. Babasaheb Ambedkar Open University
2652,3 courses
2653,Follow
2654,0
2655,Ben-Gurion University of the Negev
2656,3 courses
2657,Follow
2658,36
2659,Universidad El Bosque
2660,3 courses
2661,Follow
2662,0
2663,Broward College
2664,3 courses
2665,Follow
2666,52
2667,California College of the Arts
2668,3 courses
2669,Follow
2670,134
2671,Cesar Ritz Colleges
2672,3 courses
2673,Follow
2674,0
2675,City University of Hong Kong
2676,3 courses
2677,Follow
2678,53
2679,Clemson University
2680,3 courses
2681,Follow
2682,72
2683,Universidade da Coruña
2684,3 courses
2685,Follow
2686,0
2687,Central University of Punjab
2688,3 courses
2689,Follow
2690,1
2691,Dibrugarh University
2692,3 courses
2693,Follow
2694,0
2695,Ducere Business School
2696,3 courses
2697,Follow
2698,0
2699,East Tennessee State University
2700,3 courses
2701,Follow
2702,64
2703,Universidade de Évora
2704,3 courses
2705,Follow
2706,1
2707,"Govt. Degree College, Eidgah, Srinagar"
2708,3 courses
2709,Follow
2710,0
2711,University of Haifa
2712,3 courses
2713,Follow
2714,24
2715,Heidelberg University
2716,3 courses
2717,Follow
2718,58
2719,Helmut Schmidt University
2720,3 courses
2721,Follow
2722,43
2723,Indian Institute of Technology Gandhinagar
2724,3 courses
2725,Follow
2726,0
2727,IIT (ISM) Dhanbad
2728,3 courses
2729,Follow
2730,0
2731,Indian Statistical Institute
2732,3 courses
2733,Follow
2734,1
2735,Keiser University
2736,3 courses
2737,Follow
2738,45
2739,University of Kerala
2740,3 courses
2741,Follow
2742,0
2743,King Fahd University of Petroleum and Minerals
2744,3 courses
2745,Follow
2746,89
2747,Kingston University London
2748,3 courses
2749,Follow
2750,0
2751,College of Law
2752,3 courses
2753,Follow
2754,1
2755,Leuphana Universität Lüneburg
2756,3 courses
2757,Follow
2758,39
2759,"L.M.S Law College, Imphal Manipur"
2760,3 courses
2761,Follow
2762,1
2763,LUISS
2764,3 courses
2765,Follow
2766,54
2767,Manchester University
2768,3 courses
2769,Follow
2770,93
2771,Masaryk University
2772,3 courses
2773,Follow
2774,29
2775,Massey University
2776,3 courses
2777,Follow
2778,58
2779,Arts et Métiers ParisTech
2780,3 courses
2781,Follow
2782,26
2783,Mae Fah Luang University
2784,3 courses
2785,Follow
2786,0
2787,Montpellier SupAgro
2788,3 courses
2789,Follow
2790,29
2791,National Yang Ming Chiao Tung University (NCYU)
2792,3 courses
2793,Follow
2794,0
2795,National Film and Television School
2796,3 courses
2797,Follow
2798,182
2799,Universidade NOVA de Lisboa
2800,3 courses
2801,Follow
2802,4
2803,Universidad ORT Uruguay
2804,3 courses
2805,Follow
2806,39
2807,Osaka Institute of Technology
2808,3 courses
2809,Follow
2810,51
2811,Otemae University
2812,3 courses
2813,Follow
2814,31
2815,Otis College of Art and Design
2816,3 courses
2817,Follow
2818,77
2819,Paris College of Art
2820,3 courses
2821,Follow
2822,66
2823,University of Pavia
2824,3 courses
2825,Follow
2826,41
2827,Phuket Rajabhat University
2828,3 courses
2829,Follow
2830,0
2831,Pondicherry University
2832,3 courses
2833,Follow
2834,0
2835,University of Porto
2836,3 courses
2837,Follow
2838,40
2839,Paris School of Business
2840,3 courses
2841,Follow
2842,10
2843,PSL Research University
2844,3 courses
2845,Follow
2846,6
2847,Qatar University
2848,3 courses
2849,Follow
2850,0
2851,Rattana Bundit University
2852,3 courses
2853,Follow
2854,0
2855,Université de La Réunion
2856,3 courses
2857,Follow
2858,23
2859,Rajamangala University of Technology Lanna Tak
2860,3 courses
2861,Follow
2862,1
2863,Saarland University
2864,3 courses
2865,Follow
2866,39
2867,Universidad Católica San José
2868,3 courses
2869,Follow
2870,0
2871,Universidad de Santiago de Chile
2872,3 courses
2873,Follow
2874,53
2875,Scottsdale Community College
2876,3 courses
2877,Follow
2878,55
2879,Smith School of Business
2880,3 courses
2881,Follow
2882,1
2883,Université de Strasbourg
2884,3 courses
2885,Follow
2886,45
2887,University of Sunderland
2888,3 courses
2889,Follow
2890,44
2891,Suranaree University of Technology
2892,3 courses
2893,Follow
2894,0
2895,Universidad Tecnológica Nacional
2896,3 courses
2897,Follow
2898,36
2899,University of Tennessee
2900,3 courses
2901,Follow
2902,75
2903,"The Graduate Institute, Geneva"
2904,3 courses
2905,Follow
2906,66
2907,Thaksin University
2908,3 courses
2909,Follow
2910,0
2911,UC Berkeley
2912,3 courses
2913,Follow
2914,6
2915,UCL Institute of Education
2916,3 courses
2917,Follow
2918,61
2919,University of Connecticut
2920,3 courses
2921,Follow
2922,2
2923,University of Delaware
2924,3 courses
2925,Follow
2926,62
2927,Universitat de Girona
2928,3 courses
2929,Follow
2930,34
2931,Universidad Diego Portales
2932,3 courses
2933,Follow
2934,36
2935,University of Massachusetts Amherst
2936,3 courses
2937,Follow
2938,85
2939,"University of Maryland, Baltimore County"
2940,3 courses
2941,Follow
2942,0
2943,Universidad Nacional Abierta y a Distancia UNAD
2944,3 courses
2945,Follow
2946,0
2947,Université de Caen Normandie
2948,3 courses
2949,Follow
2950,18
2951,Università per Stranieri di Siena
2952,3 courses
2953,Follow
2954,50
2955,Corporación Universitaria Minuto de Dios
2956,3 courses
2957,Follow
2958,29
2959,Ca' Foscari University of Venice
2960,3 courses
2961,Follow
2962,44
2963,Université Côte d'Azur
2964,3 courses
2965,Follow
2966,15
2967,University of Calcutta
2968,3 courses
2969,Follow
2970,4
2971,"University of Madras, Chennai"
2972,3 courses
2973,Follow
2974,6
2975,"Uttarakhand Open University, Haldwani"
2976,3 courses
2977,Follow
2978,0
2979,University Paris-Est Créteil: UPEC
2980,3 courses
2981,Follow
2982,3
2983,Uppsala University
2984,3 courses
2985,Follow
2986,51
2987,Uttaradit Rajabhat University
2988,3 courses
2989,Follow
2990,0
2991,University of Saskatchewan
2992,3 courses
2993,Follow
2994,74
2995,Université de Senghor
2996,3 courses
2997,Follow
2998,2
2999,Universidad de San Martín de Porres
3000,3 courses
3001,Follow
3002,30
3003,Université Sorbonne Paris Cité
3004,3 courses
3005,Follow
3006,4
3007,University of Utah
3008,3 courses
3009,Follow
3010,94
3011,Utah Valley University
3012,3 courses
3013,Follow
3014,61
3015,Visva-Bharati University
3016,3 courses
3017,Follow
3018,37
3019,Whitireia Community Polytechnic
3020,3 courses
3021,Follow
3022,0
3023,Worcester Polytechnic Institute
3024,3 courses
3025,Follow
3026,40
3027,Universidad de Zaragoza
3028,3 courses
3029,Follow
3030,33
3031,Universidade Aberta
3032,2 courses
3033,Follow
3034,37
3035,American College of Education
3036,2 courses
3037,Follow
3038,81
3039,"All India Institute of Medical Sciences, New Delhi"
3040,2 courses
3041,Follow
3042,9
3043,University at Albany
3044,2 courses
3045,Follow
3046,51
3047,Universidad de Alicante
3048,2 courses
3049,Follow
3050,35
3051,Universidad de Almería
3052,2 courses
3053,Follow
3054,0
3055,American College of Brazilian Studies
3056,2 courses
3057,Follow
3058,32
3059,American University
3060,2 courses
3061,Follow
3062,128
3063,Austin Peay State University
3064,2 courses
3065,Follow
3066,35
3067,Arab East Colleges for Graduate Studies
3068,2 courses
3069,Follow
3070,40
3071,Université d'Artois
3072,2 courses
3073,Follow
3074,32
3075,Athabasca University
3076,2 courses
3077,Follow
3078,54
3079,Universidad Autónoma de Guerrero
3080,2 courses
3081,Follow
3082,23
3083,Bar-Ilan University
3084,2 courses
3085,Follow
3086,35
3087,Bowling Green State University
3088,2 courses
3089,Follow
3090,44
3091,Banaras Hindu University
3092,2 courses
3093,Follow
3094,28
3095,Biola University
3096,2 courses
3097,Follow
3098,0
3099,"Birkbeck, University of London"
3100,2 courses
3101,Follow
3102,37
3103,Blekinge Tekniske Hogskole
3104,2 courses
3105,Follow
3106,23
3107,Universidad Autónoma de Bucaramanga
3108,2 courses
3109,Follow
3110,0
3111,University of Burgos
3112,2 courses
3113,Follow
3114,0
3115,Drexel University College of Computing & Informatics
3116,2 courses
3117,Follow
3118,48
3119,Chaudhary Devi Lal University
3120,2 courses
3121,Follow
3122,0
3123,Universidad de Celaya
3124,2 courses
3125,Follow
3126,28
3127,Universidad CES
3128,2 courses
3129,Follow
3130,30
3131,Charles Sturt University
3132,2 courses
3133,Follow
3134,1
3135,Central Institute of Technology
3136,2 courses
3137,Follow
3138,56
3139,Université Clermont Auvergne
3140,2 courses
3141,Follow
3142,1
3143,Colgate University
3144,2 courses
3145,Follow
3146,49
3147,University College Cork
3148,2 courses
3149,Follow
3150,42
3151,Central University of Kashmir
3152,2 courses
3153,Follow
3154,2
3155,Central University of South Bihar
3156,2 courses
3157,Follow
3158,0
3159,Dublin Institute of Technology
3160,2 courses
3161,Follow
3162,60
3163,Dhanamanjuri University
3164,2 courses
3165,Follow
3166,0
3167,Dhurakij Pundit University
3168,2 courses
3169,Follow
3170,0
3171,"Doon University, Dehradun"
3172,2 courses
3173,Follow
3174,6
3175,École Centrale de Lille
3176,2 courses
3177,Follow
3178,39
3179,East Carolina University
3180,2 courses
3181,Follow
3182,54
3183,EMLYON Business School
3184,2 courses
3185,Follow
3186,40
3187,Fanshawe College
3188,2 courses
3189,Follow
3190,33
3191,Friedrich–Alexander University Erlangen–Nürnberg
3192,2 courses
3193,Follow
3194,0
3195,Florida Institute of Technology
3196,2 courses
3197,Follow
3198,68
3199,Govt. College for Women
3200,2 courses
3201,Follow
3202,1
3203,"Guru Govind Singh Indraprastha University (GGSIPU), New Delhi"
3204,2 courses
3205,Follow
3206,2
3207,H.N.B Garhwal University (A Central University) Srinagar Garhwal
3208,2 courses
3209,Follow
3210,11
3211,Harbin Engineering University
3212,2 courses
3213,Follow
3214,0
3215,Harvard Medical School
3216,2 courses
3217,Follow
3218,218
3219,Harvard Business School
3220,2 courses
3221,Follow
3222,202
3223,Dr. Harisingh Gour University
3224,2 courses
3225,Follow
3226,1
3227,University of the Arts The Hague
3228,2 courses
3229,Follow
3230,49
3231,University of Hohenheim
3232,2 courses
3233,Follow
3234,13
3235,Hosei University
3236,2 courses
3237,Follow
3238,38
3239,Hunan University
3240,2 courses
3241,Follow
3242,0
3243,HZ University of Applied Sciences
3244,2 courses
3245,Follow
3246,29
3247,Universidad ICESI
3248,2 courses
3249,Follow
3250,0
3251,Institut Catholique de Paris
3252,2 courses
3253,Follow
3254,3
3255,"IEBS, Innovation & Entrepreneurship Business School"
3256,2 courses
3257,Follow
3258,1
3259,"Indian Institute of Engineering Science And Technology, Shibpur"
3260,2 courses
3261,Follow
3262,1
3263,IILM Institute for Higher Education
3264,2 courses
3265,Follow
3266,0
3267,Indian Institute of Technology Indore
3268,2 courses
3269,Follow
3270,0
3271,Universidad Tecnológica de Chile INACAP
3272,2 courses
3273,Follow
3274,21
3275,Institut Teknologi Bandung
3276,2 courses
3277,Follow
3278,0
3279,Université de Jendouba
3280,2 courses
3281,Follow
3282,25
3283,Johannes Gutenberg University Mainz
3284,2 courses
3285,Follow
3286,41
3287,Jamia Millia Islamia
3288,2 courses
3289,Follow
3290,2
3291,Universidad San Jorge
3292,2 courses
3293,Follow
3294,26
3295,JSS Science and Technology University
3296,2 courses
3297,Follow
3298,0
3299,Kirkwood Community College
3300,2 courses
3301,Follow
3302,38
3303,Karlsruhe Institute of Technology
3304,2 courses
3305,Follow
3306,44
3307,King Mongkut's University of Technology North Bangkok
3308,2 courses
3309,Follow
3310,0
3311,Kurukshetra University
3312,2 courses
3313,Follow
3314,1
3315,London Business School
3316,2 courses
3317,Follow
3318,189
3319,Fachhochschule Lübeck
3320,2 courses
3321,Follow
3322,35
3323,McHenry County College
3324,2 courses
3325,Follow
3326,36
3327,"Maharshi Dayanand University, Rohtak"
3328,2 courses
3329,Follow
3330,2
3331,Metropolitan Community College
3332,2 courses
3333,Follow
3334,43
3335,"Mahathma Gandhi College, Iritty"
3336,2 courses
3337,Follow
3338,0
3339,Maryland Institute College of Art
3340,2 courses
3341,Follow
3342,57
3343,MINES ParisTech
3344,2 courses
3345,Follow
3346,20
3347,Memorial University of Newfoundland
3348,2 courses
3349,Follow
3350,1
3351,Naropa University
3352,2 courses
3353,Follow
3354,35
3355,University of Nebraska
3356,2 courses
3357,Follow
3358,65
3359,Nihon University
3360,2 courses
3361,Follow
3362,38
3363,Nelson Marlborough Institute of Technology (NMIT)
3364,2 courses
3365,Follow
3366,0
3367,New Mexico State University
3368,2 courses
3369,Follow
3370,56
3371,Universidad Nacional del Nordeste
3372,2 courses
3373,Follow
3374,31
3375,Northumbria University
3376,2 courses
3377,Follow
3378,33
3379,Norwich University of the Arts
3380,2 courses
3381,Follow
3382,58
3383,New York Institute of Technology
3384,2 courses
3385,Follow
3386,82
3387,Osaka City University
3388,2 courses
3389,Follow
3390,39
3391,University of Otago
3392,2 courses
3393,Follow
3394,0
3395,University of Ottawa
3396,2 courses
3397,Follow
3398,113
3399,Université de Paris
3400,2 courses
3401,Follow
3402,0
3403,Université Paris-Seine
3404,2 courses
3405,Follow
3406,0
3407,"Providence College of Teacher Education for Women, Calicut"
3408,2 courses
3409,Follow
3410,1
3411,Université Pierre-Mendès-France
3412,2 courses
3413,Follow
3414,40
3415,Universität Potsdam
3416,2 courses
3417,Follow
3418,43
3419,University of Pretoria
3420,2 courses
3421,Follow
3422,62
3423,Panjab University Chandigarh
3424,2 courses
3425,Follow
3426,10
3427,Queen Margaret University
3428,2 courses
3429,Follow
3430,24
3431,Rajapark Institute
3432,2 courses
3433,Follow
3434,0
3435,Royal College of Veterinary Surgeons
3436,2 courses
3437,Follow
3438,25
3439,Université de Rennes
3440,2 courses
3441,Follow
3442,16
3443,Rikkyo University
3444,2 courses
3445,Follow
3446,36
3447,Renton Technical College
3448,2 courses
3449,Follow
3450,33
3451,Saskatchewan Polytechnic
3452,2 courses
3453,Follow
3454,6
3455,Saurashtra University
3456,2 courses
3457,Follow
3458,0
3459,Shiga University
3460,2 courses
3461,Follow
3462,25
3463,Shoreline Community College
3464,2 courses
3465,Follow
3466,39
3467,"School Of Economics, DAVV"
3468,2 courses
3469,Follow
3470,0
3471,Sophia University
3472,2 courses
3473,Follow
3474,38
3475,Shri Ram College of Commerce
3476,2 courses
3477,Follow
3478,0
3479,上海戏剧学院
3480,2 courses
3481,Follow
3482,22
3483,University of Stirling
3484,2 courses
3485,Follow
3486,37
3487,TAFE NSW
3488,2 courses
3489,Follow
3490,75
3491,Tallinn University
3492,2 courses
3493,Follow
3494,36
3495,University of Tartu
3496,2 courses
3497,Follow
3498,0
3499,"Teachers College, Columbia University"
3500,2 courses
3501,Follow
3502,68
3503,Thomas Edison State University
3504,2 courses
3505,Follow
3506,0
3507,Technische Hochschule Mittelhessen
3508,2 courses
3509,Follow
3510,30
3511,Tomsk Polytechnic University
3512,2 courses
3513,Follow
3514,44
3515,Université Toulouse III - Paul Sabatier
3516,2 courses
3517,Follow
3518,40
3519,Universitat Abat Oliba CEU
3520,2 courses
3521,Follow
3522,27
3523,University of Cincinnati
3524,2 courses
3525,Follow
3526,57
3527,"University of California, Los Angeles"
3528,2 courses
3529,Follow
3530,132
3531,University of Central Lancashire (UCLan)
3532,2 courses
3533,Follow
3534,0
3535,Universidad Castilla-La Mancha
3536,2 courses
3537,Follow
3538,1
3539,Universidad del Desarrollo
3540,2 courses
3541,Follow
3542,37
3543,Université de Franche-Comté
3544,2 courses
3545,Follow
3546,33
3547,Universidad Francisco Gavidia
3548,2 courses
3549,Follow
3550,0
3551,Université Lille
3552,2 courses
3553,Follow
3554,23
3555,University of Massachusetts Boston
3556,2 courses
3557,Follow
3558,88
3559,Universidad de Ibagué
3560,2 courses
3561,Follow
3562,31
3563,Universitas Padjadjaran
3564,2 courses
3565,Follow
3566,0
3567,University of Bari Aldo Moro
3568,2 courses
3569,Follow
3570,32
3571,University of Perugia
3572,2 courses
3573,Follow
3574,35
3575,"University of Nevada, Reno"
3576,2 courses
3577,Follow
3578,16
3579,University of Mumbai
3580,2 courses
3581,Follow
3582,8
3583,"University of Technology, Sydney"
3584,2 courses
3585,Follow
3586,62
3587,University of the Sunshine Coast
3588,2 courses
3589,Follow
3590,0
3591,Université de Versailles Saint-Quentin-en-Yvelines
3592,2 courses
3593,Follow
3594,13
3595,University of Texas Health Science Center at Houston
3596,2 courses
3597,Follow
3598,57
3599,National Technological University – Buenos Aires Regional Faculty
3600,2 courses
3601,Follow
3602,0
3603,Université de Valenciennes et du Hainaut-Cambrésis
3604,2 courses
3605,Follow
3606,15
3607,VetAgro Sup
3608,2 courses
3609,Follow
3610,15
3611,VIA University
3612,2 courses
3613,Follow
3614,33
3615,University of the West of England
3616,2 courses
3617,Follow
3618,46
3619,University of Westminster
3620,2 courses
3621,Follow
3622,57
3623,Wilkes University
3624,2 courses
3625,Follow
3626,39
3627,University of Wolverhampton
3628,2 courses
3629,Follow
3630,37
3631,Washington State University
3632,2 courses
3633,Follow
3634,34
3635,Yuvaraja's College
3636,2 courses
3637,Follow
3638,0
3639,Aberystwyth University
3640,1 course
3641,Follow
3642,0
3643,Agrocampus Quest
3644,1 course
3645,Follow
3646,1
3647,Al-Qasemi Academy
3648,1 course
3649,Follow
3650,0
3651,American University in Cairo
3652,1 course
3653,Follow
3654,64
3655,Amrita Vishwa Vidyapeetham
3656,1 course
3657,Follow
3658,0
3659,Amsterdam University of Applied Sciences
3660,1 course
3661,Follow
3662,44
3663,Universidade Anhembi Morumbi
3664,1 course
3665,Follow
3666,1
3667,American Public University
3668,1 course
3669,Follow
3670,53
3671,Corporación Universitaria de Asturias
3672,1 course
3673,Follow
3674,0
3675,Audencia Nantes
3676,1 course
3677,Follow
3678,30
3679,"Assam University, Silchar"
3680,1 course
3681,Follow
3682,0
3683,Universidad Autónoma Metropolitana
3684,1 course
3685,Follow
3686,0
3687,Avans Hogeschool
3688,1 course
3689,Follow
3690,13
3691,Universidade de Aveiro
3692,1 course
3693,Follow
3694,1
3695,University of Baltimore
3696,1 course
3697,Follow
3698,21
3699,Banasthali Vidyapith
3700,1 course
3701,Follow
3702,0
3703,Baruch College
3704,1 course
3705,Follow
3706,1
3707,Bay Path College
3708,1 course
3709,Follow
3710,31
3711,Bengaluru Central University
3712,1 course
3713,Follow
3714,0
3715,Beacon College
3716,1 course
3717,Follow
3718,37
3719,Bellevue University
3720,1 course
3721,Follow
3722,40
3723,Berkeley College
3724,1 course
3725,Follow
3726,67
3727,Berlin Career College
3728,1 course
3729,Follow
3730,2
3731,Birzeit University
3732,1 course
3733,Follow
3734,0
3735,Bond University
3736,1 course
3737,Follow
3738,0
3739,Bordeaux Sciences Agro
3740,1 course
3741,Follow
3742,15
3743,Université Bordeaux Montaigne
3744,1 course
3745,Follow
3746,38
3747,Boston College
3748,1 course
3749,Follow
3750,36
3751,Bournemouth University
3752,1 course
3753,Follow
3754,1
3755,Bhagat Phool Singh Mahila Vishwavidyalaya
3756,1 course
3757,Follow
3758,0
3759,Université Bretagne Sud
3760,1 course
3761,Follow
3762,2
3763,Buriram Rajabhat University
3764,1 course
3765,Follow
3766,0
3767,Birmingham-Southern College
3768,1 course
3769,Follow
3770,50
3771,BTI - Bethlehem Tertiary Institute
3772,1 course
3773,Follow
3774,0
3775,University of Buckingham
3776,1 course
3777,Follow
3778,67
3779,Bangkok University
3780,1 course
3781,Follow
3782,0
3783,Bunka Gakuen
3784,1 course
3785,Follow
3786,32
3787,University of Burdwan
3788,1 course
3789,Follow
3790,0
3791,Brigham Young University
3792,1 course
3793,Follow
3794,1
3795,University of Carthage
3796,1 course
3797,Follow
3798,15
3799,Cascadia College
3800,1 course
3801,Follow
3802,29
3803,Universidad Católica de Valencia San Vicente Mártir
3804,1 course
3805,Follow
3806,0
3807,Central Agricultural University
3808,1 course
3809,Follow
3810,0
3811,LDE Centre for Safety and Security
3812,1 course
3813,Follow
3814,55
3815,University of Cergy-Pontoise
3816,1 course
3817,Follow
3818,0
3819,Chiba Institute of Technology
3820,1 course
3821,Follow
3822,3
3823,University of Chicago Booth School of Business
3824,1 course
3825,Follow
3826,55
3827,Chuo University Graduate School of Strategic Management
3828,1 course
3829,Follow
3830,35
3831,Cluster University Srinagar
3832,1 course
3833,Follow
3834,0
3835,Polytechnic Institute of Coimbra
3836,1 course
3837,Follow
3838,0
3839,Columbia Business School
3840,1 course
3841,Follow
3842,116
3843,Universidad de Concepción
3844,1 course
3845,Follow
3846,0
3847,University of Concordia
3848,1 course
3849,Follow
3850,50
3851,Conestoga College
3852,1 course
3853,Follow
3854,0
3855,Universidad Continental
3856,1 course
3857,Follow
3858,0
3859,Cornish College of the Arts
3860,1 course
3861,Follow
3862,82
3863,Creighton University
3864,1 course
3865,Follow
3866,39
3867,Criswell College
3868,1 course
3869,Follow
3870,25
3871,Central University of Himachal Pradesh
3872,1 course
3873,Follow
3874,0
3875,City University of New York
3876,1 course
3877,Follow
3878,0
3879,Central University of Haryana
3880,1 course
3881,Follow
3882,0
3883,Université Paris-Dauphine
3884,1 course
3885,Follow
3886,22
3887,Dallas Baptist University
3888,1 course
3889,Follow
3890,47
3891,Dayalbagh Educational Institute
3892,1 course
3893,Follow
3894,0
3895,Del Mar College
3896,1 course
3897,Follow
3898,35
3899,University of Denver
3900,1 course
3901,Follow
3902,17
3903,China Foreign Affairs University
3904,1 course
3905,Follow
3906,4
3907,Dominican University
3908,1 course
3909,Follow
3910,34
3911,Drexel University
3912,1 course
3913,Follow
3914,40
3915,Universidad Juárez del Estado de Durango
3916,1 course
3917,Follow
3918,0
3919,Ehime University
3920,1 course
3921,Follow
3922,30
3923,Ecole hôtelière de Lausanne
3924,1 course
3925,Follow
3926,45
3927,Ecole des Ingénieurs de la Ville de Paris
3928,1 course
3929,Follow
3930,0
3931,Elgin Community College
3932,1 course
3933,Follow
3934,29
3935,Elmhurst College
3936,1 course
3937,Follow
3938,38
3939,Emily Carr University of Art + Design
3940,1 course
3941,Follow
3942,51
3943,ENSAE ParisTech
3944,1 course
3945,Follow
3946,16
3947,Ecole Nationale Supérieure d'Arts et Métiers
3948,1 course
3949,Follow
3950,28
3951,Ecole Nationale Supérieure de Céramique Industrielle
3952,1 course
3953,Follow
3954,30
3955,Dr. MGR Educational and Research Institute (Deemed to be University)
3956,1 course
3957,Follow
3958,0
3959,ESMT Berlin
3960,1 course
3961,Follow
3962,2
3963,ESPCI Paris
3964,1 course
3965,Follow
3966,11
3967,University of Essex
3968,1 course
3969,Follow
3970,3
3971,Université Evry Val-d'Essonne
3972,1 course
3973,Follow
3974,15
3975,Yangling Vocational and Technical College
3976,1 course
3977,Follow
3978,0
3979,Excelsior College
3980,1 course
3981,Follow
3982,4
3983,Fujian Agriculture and Forestry University
3984,1 course
3985,Follow
3986,4
3987,Farook College
3988,1 course
3989,Follow
3990,0
3991,Fachhochschule Münster
3992,1 course
3993,Follow
3994,4
3995,Fort Hays State University
3996,1 course
3997,Follow
3998,34
3999,Flinders University
4000,1 course
4001,Follow
4002,39
4003,University of Florence
4004,1 course
4005,Follow
4006,56
4007,Universidad Francisco de Vitoria
4008,1 course
4009,Follow
4010,31
4011,Search Results Universidad Francisco Gavidia
4012,1 course
4013,Follow
4014,27
4015,Frost School of Music
4016,1 course
4017,Follow
4018,50
4019,"University of Miami, Frost School of Music"
4020,1 course
4021,Follow
4022,47
4023,Universidade de Blumenau
4024,1 course
4025,Follow
4026,32
4027,Mahatma Gandhi Antarrashtriya Hindi Vishwavidyalaya
4028,1 course
4029,Follow
4030,0
4031,Gannon University
4032,1 course
4033,Follow
4034,31
4035,Glasgow Caledonian University
4036,1 course
4037,Follow
4038,0
4039,Guru Jambheshwar University of Science and Technology
4040,1 course
4041,Follow
4042,0
4043,Gurukula Kangri University
4044,1 course
4045,Follow
4046,0
4047,GLA University
4048,1 course
4049,Follow
4050,0
4051,George Mason University
4052,1 course
4053,Follow
4054,73
4055,Gordon State College
4056,1 course
4057,Follow
4058,0
4059,University of Guadalajara
4060,1 course
4061,Follow
4062,41
4063,Guangzhou University
4064,1 course
4065,Follow
4066,0
4067,Guilin University of Technology
4068,1 course
4069,Follow
4070,0
4071,Halmstad University
4072,1 course
4073,Follow
4074,35
4075,Hanze University of Applied Sciences
4076,1 course
4077,Follow
4078,38
4079,Homi Bhabha National Institute
4080,1 course
4081,Follow
4082,0
4083,Hebei University of Technology
4084,1 course
4085,Follow
4086,0
4087,Haute Ecole Charlemagne
4088,1 course
4089,Follow
4090,0
4091,Heliopolis University
4092,1 course
4093,Follow
4094,25
4095,Hertie School of Governance
4096,1 course
4097,Follow
4098,6
4099,Ningxia University
4100,1 course
4101,Follow
4102,0
4103,The Hong Kong Academy for Performing Arts
4104,1 course
4105,Follow
4106,2
4107,Hokkaido University
4108,1 course
4109,Follow
4110,5
4111,Holon Institute of Technology
4112,1 course
4113,Follow
4114,30
4115,Institute for Housing and Urban Development
4116,1 course
4117,Follow
4118,32
4119,Howard Hughes Medical Institute
4120,1 course
4121,Follow
4122,30
4123,Lucerne University of Applied Sciences and Arts
4124,1 course
4125,Follow
4126,0
4127,HTW Berlin - University of Applied Sciences
4128,1 course
4129,Follow
4130,47
4131,University of Huddersfield
4132,1 course
4133,Follow
4134,0
4135,Hunter College
4136,1 course
4137,Follow
4138,0
4139,International College of Management Sydney
4140,1 course
4141,Follow
4142,61
4143,Institute of Chemical Technology (ICT)
4144,1 course
4145,Follow
4146,0
4147,IE School of Architecture & Design
4148,1 course
4149,Follow
4150,64
4151,Indira Gandhi National Tribal University
4152,1 course
4153,Follow
4154,0
4155,International Institute for Industrial Environmental Economics
4156,1 course
4157,Follow
4158,17
4159,Indian Institute of Management - Calcutta
4160,1 course
4161,Follow
4162,0
4163,IISER Kolkata
4164,1 course
4165,Follow
4166,0
4167,"Indian Institute of Science Education and Research, Tirupati"
4168,1 course
4169,Follow
4170,0
4171,IISER TVM
4172,1 course
4173,Follow
4174,0
4175,"IIS (Deemed to be University), Jaipur"
4176,1 course
4177,Follow
4178,0
4179,Indian Institute Of Technology Bhubaneswar
4180,1 course
4181,Follow
4182,13
4183,Institute of Mathematical Sciences
4184,1 course
4185,Follow
4186,0
4187,"Institute of Education, University of London"
4188,1 course
4189,Follow
4190,70
4191,Institut polytechnique de Paris
4192,1 course
4193,Follow
4194,0
4195,École d'ingénieurs à Toulon - ISEN
4196,1 course
4197,Follow
4198,3
4199,Universidad Israel
4200,1 course
4201,Follow
4202,0
4203,Instituto Tecnológico Autónomo de México
4204,1 course
4205,Follow
4206,1
4207,Institut Teknologi Sepuluh Nopember
4208,1 course
4209,Follow
4210,0
4211,IUCAA
4212,1 course
4213,Follow
4214,1
4215,Jacobs University
4216,1 course
4217,Follow
4218,38
4219,IIT Jammu
4220,1 course
4221,Follow
4222,2
4223,Johnson County Community College
4224,1 course
4225,Follow
4226,39
4227,John Jay College of Criminal Justice
4228,1 course
4229,Follow
4230,48
4231,The John Marshall School
4232,1 course
4233,Follow
4234,43
4235,Jogesh Chandra Chaudhuri Law College
4236,1 course
4237,Follow
4238,0
4239,Jordan University of Science and Technology
4240,1 course
4241,Follow
4242,0
4243,Kansas State University
4244,1 course
4245,Follow
4246,53
4247,Univerzita Karlova
4248,1 course
4249,Follow
4250,24
4251,King Abdullah University of Science and Technology (KAUST)
4252,1 course
4253,Follow
4254,0
4255,Kennesaw State University
4256,1 course
4257,Follow
4258,42
4259,King Faisal University
4260,1 course
4261,Follow
4262,46
4263,CAU (Christian-Albrechts-Universität zu Kiel)
4264,1 course
4265,Follow
4266,33
4267,King Abdulaziz University
4268,1 course
4269,Follow
4270,44
4271,Krishna Kanta Handiqui State Open University
4272,1 course
4273,Follow
4274,0
4275,KLC School of Design
4276,1 course
4277,Follow
4278,40
4279,Knox Grammar School
4280,1 course
4281,Follow
4282,39
4283,Kokushikan University
4284,1 course
4285,Follow
4286,26
4287,Komazawa University
4288,1 course
4289,Follow
4290,33
4291,Kristu Jayanti College
4292,1 course
4293,Follow
4294,0
4295,Kerala School of Mathematics
4296,1 course
4297,Follow
4298,0
4299,Karnataka State Open University Mukthagangotri
4300,1 course
4301,Follow
4302,0
4303,Kuwait University
4304,1 course
4305,Follow
4306,85
4307,La Trobe University
4308,1 course
4309,Follow
4310,32
4311,College of Medicine - University of Lagos
4312,1 course
4313,Follow
4314,14
4315,Lamar University
4316,1 course
4317,Follow
4318,40
4319,Lanzhou University
4320,1 course
4321,Follow
4322,0
4323,Lebanese American University
4324,1 course
4325,Follow
4326,0
4327,Leiden University Medical Center
4328,1 course
4329,Follow
4330,27
4331,Pôle Universitaire Léonard de Vinci
4332,1 course
4333,Follow
4334,16
4335,Linnaeus University
4336,1 course
4337,Follow
4338,20
4339,Liverpool School of Tropical Medicine
4340,1 course
4341,Follow
4342,0
4343,Louisiana State University
4344,1 course
4345,Follow
4346,0
4347,Universidade Lusófona
4348,1 course
4349,Follow
4350,28
4351,LUT University
4352,1 course
4353,Follow
4354,0
4355,Luther College at the University of Regina
4356,1 course
4357,Follow
4358,0
4359,Maastricht University
4360,1 course
4361,Follow
4362,50
4363,Maharaja Agrasen University
4364,1 course
4365,Follow
4366,0
4367,Maulana Abul Kalam Azad University of Technology
4368,1 course
4369,Follow
4370,0
4371,Malmo University
4372,1 course
4373,Follow
4374,2
4375,University of Mannheim
4376,1 course
4377,Follow
4378,0
4379,Mannheim Business School
4380,1 course
4381,Follow
4382,0
4383,Manouba University
4384,1 course
4385,Follow
4386,0
4387,Le Mans Université
4388,1 course
4389,Follow
4390,16
4391,Marshall University
4392,1 course
4393,Follow
4394,0
4395,Mar Baselios College of Engineering and Technology
4396,1 course
4397,Follow
4398,0
4399,Minneapolis College of Art and Design
4400,1 course
4401,Follow
4402,66
4403,Massachusetts College of Liberal Arts
4404,1 course
4405,Follow
4406,58
4407,Meiji University
4408,1 course
4409,Follow
4410,41
4411,MES College of Engineering
4412,1 course
4413,Follow
4414,0
4415,Macquarie Graduate School of Management
4416,1 course
4417,Follow
4418,44
4419,"Mahatma Gandhi University, Kerala"
4420,1 course
4421,Follow
4422,10
4423,MHMK Macromedia University for Media and Communication
4424,1 course
4425,Follow
4426,8
4427,Minami Kyushu University
4428,1 course
4429,Follow
4430,2
4431,Instituto Federal de Minas Gerais
4432,1 course
4433,Follow
4434,19
4435,Missouri University of Science and Technology
4436,1 course
4437,Follow
4438,48
4439,Mid Sweden University
4440,1 course
4441,Follow
4442,52
4443,University of Missouri
4444,1 course
4445,Follow
4446,1
4447,University Mohammed VI Polytechnic
4448,1 course
4449,Follow
4450,13
4451,Université de Mons
4452,1 course
4453,Follow
4454,13
4455,Montana State University
4456,1 course
4457,Follow
4458,48
4459,De Montfort University
4460,1 course
4461,Follow
4462,25
4463,Morehouse College
4464,1 course
4465,Follow
4466,0
4467,Mt. San Jacinto College
4468,1 course
4469,Follow
4470,38
4471,Middle Tennessee State University
4472,1 course
4473,Follow
4474,0
4475,Marquette University
4476,1 course
4477,Follow
4478,50
4479,Mykolaiv National Agrarian University
4480,1 course
4481,Follow
4482,31
4483,Nagoya University of Commerce and Business
4484,1 course
4485,Follow
4486,32
4487,Nambol Sanoi College
4488,1 course
4489,Follow
4490,0
4491,University of Namur
4492,1 course
4493,Follow
4494,0
4495,Nanchang University
4496,1 course
4497,Follow
4498,0
4499,Edinburgh Napier University
4500,1 course
4501,Follow
4502,1
4503,National Cybersecurity Institute at Excelsior College
4504,1 course
4505,Follow
4506,50
4507,"National Institute of Technology, Calicut"
4508,1 course
4509,Follow
4510,0
4511,Northern Illinois University
4512,1 course
4513,Follow
4514,60
4515,Nizam College
4516,1 course
4517,Follow
4518,0
4519,New Jersey Institute of Technology
4520,1 course
4521,Follow
4522,55
4523,National Law University Odisha
4524,1 course
4525,Follow
4526,3
4527,Normandie Université
4528,1 course
4529,Follow
4530,16
4531,Northpoint Bible College
4532,1 course
4533,Follow
4534,61
4535,North Seattle Community College
4536,1 course
4537,Follow
4538,43
4539,The Nossal Institute for Global Health
4540,1 course
4541,Follow
4542,0
4543,Northwestern Polytechnical University
4544,1 course
4545,Follow
4546,0
4547,National Technical University of Athens
4548,1 course
4549,Follow
4550,17
4551,Oakwood University
4552,1 course
4553,Follow
4554,56
4555,Ocean County College
4556,1 course
4557,Follow
4558,40
4559,Oklahoma State University
4560,1 course
4561,Follow
4562,46
4563,Oniris
4564,1 course
4565,Follow
4566,1
4567,University of Orléans
4568,1 course
4569,Follow
4570,0
4571,Académie d'Orléans-Tours
4572,1 course
4573,Follow
4574,2
4575,Instituto Universitario de Investigación Ortega y Gasset
4576,1 course
4577,Follow
4578,0
4579,Universität Osnabrück
4580,1 course
4581,Follow
4582,31
4583,Otago Polytechnic
4584,1 course
4585,Follow
4586,0
4587,Otsuma Women's University
4588,1 course
4589,Follow
4590,37
4591,Oxford Brookes University
4592,1 course
4593,Follow
4594,69
4595,Paine College
4596,1 course
4597,Follow
4598,39
4599,Université Paris Diderot
4600,1 course
4601,Follow
4602,0
4603,Portland Community College
4604,1 course
4605,Follow
4606,46
4607,"PES Degree College, Karnataka"
4608,1 course
4609,Follow
4610,0
4611,Phichit Polytechnic College
4612,1 course
4613,Follow
4614,0
4615,Philadelphia University
4616,1 course
4617,Follow
4618,64
4619,Pattani Community College
4620,1 course
4621,Follow
4622,0
4623,Princess Nora bint Abdul Rahman University
4624,1 course
4625,Follow
4626,84
4627,Université de la Polynésie Française
4628,1 course
4629,Follow
4630,15
4631,Polytechnic West
4632,1 course
4633,Follow
4634,65
4635,Pratt Institute
4636,1 course
4637,Follow
4638,11
4639,Pt. Ravishankar Shukla University
4640,1 course
4641,Follow
4642,0
4643,PSG College Of Technology
4644,1 course
4645,Follow
4646,0
4647,Université de Recherche Paris Sciences et Lettres
4648,1 course
4649,Follow
4650,38
4651,"Principal, Thiagarajar College of Preceptors, Madurai"
4652,1 course
4653,Follow
4654,1
4655,Universidad del Valle de Puebla
4656,1 course
4657,Follow
4658,0
4659,Qatar Faculty of Islamic Studies
4660,1 course
4661,Follow
4662,222
4663,Qingdao University
4664,1 course
4665,Follow
4666,0
4667,"Queens College, CUNY"
4668,1 course
4669,Follow
4670,21
4671,Quincy College
4672,1 course
4673,Follow
4674,39
4675,Radboud University
4676,1 course
4677,Follow
4678,40
4679,Ralston College
4680,1 course
4681,Follow
4682,0
4683,Royal College of Art
4684,1 course
4685,Follow
4686,0
4687,Reutlingen University
4688,1 course
4689,Follow
4690,38
4691,Rajiv Gandhi National University
4692,1 course
4693,Follow
4694,0
4695,Rajiv Gandhi University of Health Sciences
4696,1 course
4697,Follow
4698,0
4699,RheinMain University of Applied Sciences
4700,1 course
4701,Follow
4702,40
4703,Universidad Ricardo Palma
4704,1 course
4705,Follow
4706,3
4707,Richard Community College
4708,1 course
4709,Follow
4710,35
4711,Rhode Island School of Design
4712,1 course
4713,Follow
4714,88
4715,Rajamangala University of Technology Krungthep
4716,1 course
4717,Follow
4718,0
4719,Rajamangala University of Technology Suvarnabhumi
4720,1 course
4721,Follow
4722,0
4723,University of Roehampton
4724,1 course
4725,Follow
4726,11
4727,Rollins College
4728,1 course
4729,Follow
4730,45
4731,University of Rouen
4732,1 course
4733,Follow
4734,3
4735,Rowan University
4736,1 course
4737,Follow
4738,43
4739,Royal Roads University
4740,1 course
4741,Follow
4742,47
4743,Rogers State University
4744,1 course
4745,Follow
4746,44
4747,"Rashtrasant Tukadoji Maharaj Nagpur University, Nagpur"
4748,1 course
4749,Follow
4750,3
4751,Université La Sagesse
4752,1 course
4753,Follow
4754,12
4755,University St. Joseph
4756,1 course
4757,Follow
4758,51
4759,Southern Alberta Institute of Technology
4760,1 course
4761,Follow
4762,49
4763,"Salford Business School, University of Salford"
4764,1 course
4765,Follow
4766,60
4767,"University of Salford, Manchester"
4768,1 course
4769,Follow
4770,67
4771,Salisbury University
4772,1 course
4773,Follow
4774,0
4775,Sambalpur University
4776,1 course
4777,Follow
4778,0
4779,Sanno University
4780,1 course
4781,Follow
4782,35
4783,Santa Fe College
4784,1 course
4785,Follow
4786,0
4787,Saveetha Dental College
4788,1 course
4789,Follow
4790,0
4791,SBI Graduate School
4792,1 course
4793,Follow
4794,8
4795,Ningbo University of Finance and Economics
4796,1 course
4797,Follow
4798,0
4799,"SDM College (Autonomous), Ujire"
4800,1 course
4801,Follow
4802,0
4803,Seattle Pacific University
4804,1 course
4805,Follow
4806,27
4807,Sant Gadge Baba Amravati University
4808,1 course
4809,Follow
4810,0
4811,Shri Guru Tegh Bahadur Khalsa College
4812,1 course
4813,Follow
4814,0
4815,Shanghai Normal University
4816,1 course
4817,Follow
4818,0
4819,Sheffield Hallam University
4820,1 course
4821,Follow
4822,40
4823,Shenkar College of Engineering
4824,1 course
4825,Follow
4826,25
4827,Shibaura Institute of Technology
4828,1 course
4829,Follow
4830,2
4831,Shiv Nadar University
4832,1 course
4833,Follow
4834,0
4835,上海中医药大学
4836,1 course
4837,Follow
4838,35
4839,Sichuan University
4840,1 course
4841,Follow
4842,0
4843,Southern Illinois University Carbondale
4844,1 course
4845,Follow
4846,45
4847,Sri Jayachamarajendra College of Engineering
4848,1 course
4849,Follow
4850,0
4851,"St.John’s College, Palayamkottai Tirunelveli"
4852,1 course
4853,Follow
4854,3
4855,"S. Kula Women’s College, Nambol, Manipur"
4856,1 course
4857,Follow
4858,0
4859,Institute of Technology Sligo
4860,1 course
4861,Follow
4862,0
4863,Swedish University of Agricultural Sciences
4864,1 course
4865,Follow
4866,20
4867,Smith College
4868,1 course
4869,Follow
4870,52
4871,Sikkim Manipal University
4872,1 course
4873,Follow
4874,0
4875,Shri Mata Vaishno Devi University
4876,1 course
4877,Follow
4878,0
4879,St. Norbert College
4880,1 course
4881,Follow
4882,32
4883,Sree Neelakanta Govt. Sanskrit College
4884,1 course
4885,Follow
4886,0
4887,Universidad de Ciencias Empresariales y Sociales
4888,1 course
4889,Follow
4890,0
4891,Sonoma State University
4892,1 course
4893,Follow
4894,39
4895,University of Sousse
4896,1 course
4897,Follow
4898,34
4899,University of Southern Denmark (SDU)
4900,1 course
4901,Follow
4902,0
4903,Spokane Falls Community College
4904,1 course
4905,Follow
4906,32
4907,SRM Institute of Science and Technology
4908,1 course
4909,Follow
4910,0
4911,St. Albert's College
4912,1 course
4913,Follow
4914,0
4915,Stanford School of Engineering
4916,1 course
4917,Follow
4918,42
4919,Stanford PACS
4920,1 course
4921,Follow
4922,48
4923,Stanford Law School
4924,1 course
4925,Follow
4926,332
4927,Stevenson University
4928,1 course
4929,Follow
4930,38
4931,St. Mark's School
4932,1 course
4933,Follow
4934,38
4935,Stockholm University
4936,1 course
4937,Follow
4938,0
4939,Suffolk University
4940,1 course
4941,Follow
4942,48
4943,SUNY Binghamton University
4944,1 course
4945,Follow
4946,0
4947,Sauk Valley Community College
4948,1 course
4949,Follow
4950,27
4951,Swansea University
4952,1 course
4953,Follow
4954,45
4955,TAFE SA
4956,1 course
4957,Follow
4958,39
4959,Tagore Dental College
4960,1 course
4961,Follow
4962,0
4963,Taibah University
4964,1 course
4965,Follow
4966,86
4967,IEST – ANÁHUAC TAMPICO
4968,1 course
4969,Follow
4970,0
4971,Taxila Business School
4972,1 course
4973,Follow
4974,0
4975,Chung yuan Christian University
4976,1 course
4977,Follow
4978,0
4979,Teikyo University
4980,1 course
4981,Follow
4982,35
4983,Temple University
4984,1 course
4985,Follow
4986,62
4987,TH Köln - University of Applied Sciences
4988,1 course
4989,Follow
4990,38
4991,"Tata Institute of Social Sciences, Mumbai"
4992,1 course
4993,Follow
4994,11
4995,Tamil Nadu Agricultural University
4996,1 course
4997,Follow
4998,0
4999,Tennessee Tech University
5000,1 course
5001,Follow
5002,0
5003,Tokyo Future University
5004,1 course
5005,Follow
5006,1
5007,Toulouse Business School
5008,1 course
5009,Follow
5010,8
5011,Université Toulouse - Jean Jaurès
5012,1 course
5013,Follow
5014,41
5015,Cuyahoga Community College
5016,1 course
5017,Follow
5018,38
5019,University of Tsukuba
5020,1 course
5021,Follow
5022,1
5023,Texas Tech University
5024,1 course
5025,Follow
5026,0
5027,Technische Universität Berlin
5028,1 course
5029,Follow
5030,40
5031,Tezpur University
5032,1 course
5033,Follow
5034,1
5035,Tumkur University
5036,1 course
5037,Follow
5038,0
5039,Tomsk State University of Control Systems and Radioelectronics
5040,1 course
5041,Follow
5042,36
5043,Université Bretagne Loire
5044,1 course
5045,Follow
5046,0
5047,Université de Cergy Pontoise
5048,1 course
5049,Follow
5050,0
5051,University Of Jammu
5052,1 course
5053,Follow
5054,0
5055,University of California Agriculture and Natural Resources
5056,1 course
5057,Follow
5058,64
5059,University of Colorado Denver
5060,1 course
5061,Follow
5062,59
5063,UCL School of Management
5064,1 course
5065,Follow
5066,39
5067,University College of the North
5068,1 course
5069,Follow
5070,37
5071,Universidad de Flores
5072,1 course
5073,Follow
5074,0
5075,Berlin University of the Arts
5076,1 course
5077,Follow
5078,35
5079,Universidad de las Américas Puebla
5080,1 course
5081,Follow
5082,31
5083,Universidad de San Buenaventura Cali
5084,1 course
5085,Follow
5086,0
5087,Ghent University
5088,1 course
5089,Follow
5090,19
5091,University of Agder
5092,1 course
5093,Follow
5094,39
5095,University of Illinois Springfield
5096,1 course
5097,Follow
5098,54
5099,University of Missouri-Kansas City
5100,1 course
5101,Follow
5102,56
5103,Université Michel de Montaigne Bordeaux 3
5104,1 course
5105,Follow
5106,27
5107,The University of North Carolina at Greensboro
5108,1 course
5109,Follow
5110,58
5111,UNESS: Université Numérique en Santé et Sport
5112,1 course
5113,Follow
5114,0
5115,University of New Hampshire
5116,1 course
5117,Follow
5118,54
5119,Universität Hamburg
5120,1 course
5121,Follow
5122,53
5123,Uniagraria
5124,1 course
5125,Follow
5126,0
5127,Free University of Bozen-Bolzano
5128,1 course
5129,Follow
5130,42
5131,Federal University of the State of Rio de Janeiro
5132,1 course
5133,Follow
5134,34
5135,Universitas Airlangga
5136,1 course
5137,Follow
5138,0
5139,Universitas Terbuka
5140,1 course
5141,Follow
5142,0
5143,University of Alabama
5144,1 course
5145,Follow
5146,76
5147,University College Dublin
5148,1 course
5149,Follow
5150,55
5151,University of Alabama in Huntsville
5152,1 course
5153,Follow
5154,54
5155,University of Northwestern Ohio
5156,1 course
5157,Follow
5158,51
5159,University of Delhi
5160,1 course
5161,Follow
5162,1
5163,Universidad Panamericana
5164,1 course
5165,Follow
5166,39
5167,Universidad Popular Autónoma del Estado de Puebla
5168,1 course
5169,Follow
5170,0
5171,Université de Perpignan
5172,1 course
5173,Follow
5174,0
5175,UQAM - Université du Québec à Montréal
5176,1 course
5177,Follow
5178,0
5179,The University of Rhode Island
5180,1 course
5181,Follow
5182,59
5183,Universidad Católica Santo Toribio de Mogrovejo
5184,1 course
5185,Follow
5186,34
5187,University of South Dakota
5188,1 course
5189,Follow
5190,54
5191,University of San Francisco
5192,1 course
5193,Follow
5194,63
5195,Uttarakhand Sanskrit University
5196,1 course
5197,Follow
5198,0
5199,The University of Texas at El Paso
5200,1 course
5201,Follow
5202,0
5203,Universidad Tecnológica de Pereira
5204,1 course
5205,Follow
5206,32
5207,University of Texas of the Permian Basin
5208,1 course
5209,Follow
5210,43
5211,Universidad Técnica Particular de Loja
5212,1 course
5213,Follow
5214,0
5215,The University of Texas at San Antonio
5216,1 course
5217,Follow
5218,50
5219,"UVA Lifetime Learning, Patrick Henry Memorial Foundation"
5220,1 course
5221,Follow
5222,35
5223,University of Wisconsin-Extension
5224,1 course
5225,Follow
5226,53
5227,University of Wisconsin–La Crosse
5228,1 course
5229,Follow
5230,44
5231,University of Western Sydney
5232,1 course
5233,Follow
5234,66
5235,Universitat de Vic
5236,1 course
5237,Follow
5238,21
5239,Victoria University
5240,1 course
5241,Follow
5242,0
5243,Vidyasagar University
5244,1 course
5245,Follow
5246,0
5247,Virginia Tech
5248,1 course
5249,Follow
5250,0
5251,Vistula University
5252,1 course
5253,Follow
5254,29
5255,Flemish Institute for Technological Research
5256,1 course
5257,Follow
5258,18
5259,Vivekananda College
5260,1 course
5261,Follow
5262,0
5263,University of Waterloo
5264,1 course
5265,Follow
5266,1
5267,Weber State University
5268,1 course
5269,Follow
5270,53
5271,University of Wisconsin - Whitewater
5272,1 course
5273,Follow
5274,42
5275,Western Kentucky University
5276,1 course
5277,Follow
5278,53
5279,College of William & Mary
5280,1 course
5281,Follow
5282,55
5283,Julius-Maximilians-Universität Würzburg
5284,1 course
5285,Follow
5286,40
5287,Washington University in St. Louis
5288,1 course
5289,Follow
5290,0
5291,"Yashwantrao Chavan Maharashtra Open University, Nashik, Maharashtra"
5292,1 course
5293,Follow
5294,2
5295,Yeshiva University
5296,1 course
5297,Follow
5298,54
5299,Yunan School of Economics and Management
5300,1 course
5301,Follow
5302,0
5303,云林科技大学 (Yunlin University of Science and Technology)
5304,1 course
5305,Follow
5306,35
5307,Yunnan University
5308,1 course
5309,Follow
5310,0
5311,Chuzhou University
5312,1 course
5313,Follow
5314,0
5315,Zhengzhou University
5316,1 course
5317,Follow
5318,33
5319,Zurich University of the Arts
5320,1 course
5321,Follow
5322,47
5323,Zuyd University
5324,1 course
5325,Follow
5326,41
5327,Home
5328,Universities
5329,Browse by subject
5330,Computer Science
5331,Psychology
5332,Cybersecurity
5333,Health
5334,Law
5335,Accounting
5336,Web Development
5337,Browse by provider
5338,Coursera
5339,edX
5340,FutureLearn
5341,Udacity
5342,Swayam
5343,Udemy
5344,LinkedIn Learning
5345,Browse by university
5346,Harvard
5347,Stanford
5348,Georgia Tech
5349,University of Michigan
5350,Purdue University
5351,Duke University
5352,IIT Madras
5353,Browse by institution
5354,Google
5355,Microsoft
5356,IBM
5357,Amazon
5358,Linux Foundation
5359,British Council
5360,Salesforce
5361,Rankings
5362,Best Online Courses of All Time
5363,Best Online Courses of the Year
5364,Most Popular Courses of All Time
5365,Most Popular Courses of the Year
5366,250 Top FREE Coursera Courses of All Time
5367,100 Top FREE edX Courses of All Time
5368,250 Top Udemy Courses of All Time
5369,The Report
5370,by Class Central
5371,RSS Feed
5372,"The ""New Normal"" that Wasn't"
5373,DDoS Attack on Class Central
5374,500+ Online Degrees in India
5375,Harvard's CS50 Free Certificate Guide
5376,How Open University Works
5377,Free Certificates & Courses
5378,700+ Free Google Certificates
5379,Free LinkedIn Learning Certificates
5380,1600+ Free Coursera Courses
5381,Ivy League Online Courses
5382,175+ Free Writing Online Courses
5383,About Class Central
5384,"Class Central aggregates courses from many providers to help you find the best courses on almost any subject, wherever they exist."
5385,Facebook
5386,Twitter
5387,LinkedIn
5388,YouTube
5389,Class Central © 2011-2023
5390,Privacy Policy
5391,About Us
5392,Join Us
5393,Help Center
5394,Contact Us
5395,Share
5396,Facebook
5397,Twitter
5398,Email
5399,Copy link
5400,Never Stop Learning.
5401,"Get personalized course recommendations, track subjects and courses with reminders, and more."
5402,Sign up for free
