,link scrapped text
0,700+ Free Certificates from Google!
1,View
2,Close
3,Class Central
4,Courses
5,Class Central
6,Rankings
7,Collections
8,Subjects
9,View all
10,Computer Science
11,Health & Medicine
12,Mathematics
13,Business
14,Humanities
15,Engineering
16,Science
17,Education & Teaching
18,Social Sciences
19,Art & Design
20,Data Science
21,Programming
22,Personal Development
23,Information Security (InfoSec)
24,View all Subjects
25,Universities
26,The Report
27,Courses from
28,1000+ universities
29,Rankings
30,Best Courses
31,Best of All Time
32,Best of the Year 2022
33,Best of the Year 2021
34,Most Popular Courses
35,Most Popular of All Time
36,Most Popular of the Year 2022
37,Most Popular of the Year 2021
38,Collections
39,Monthly Course Reports
40,Starting this Month
41,New Online Courses
42,Most Popular
43,Computer Science
44,Artificial Intelligence
45,Algorithms and Data Structures
46,Internet of Things
47,Information Technology
48,Computer Networking
49,Machine Learning
50,DevOps
51,Deep Learning
52,Cryptography
53,Quantum Computing
54,Human-Computer Interaction (HCI)
55,Distributed Systems
56,Blockchain Development
57,Operating Systems
58,Computer Graphics
59,View all Computer Science
60,Health & Medicine
61,Nutrition & Wellness
62,Disease & Disorders
63,Public Health
64,Health Care
65,Nursing
66,Anatomy
67,Veterinary Science
68,Continuing Medical Education (CME)
69,View all Health & Medicine
70,Mathematics
71,Statistics & Probability
72,Foundations of Mathematics
73,Calculus
74,Discrete Mathematics
75,Trigonometry
76,Geometry
77,Algebra
78,Precalculus
79,Number Theory
80,Combinatorics
81,Mathematical logic
82,Linear Programming
83,View all Mathematics
84,Business
85,Management & Leadership
86,Finance
87,Entrepreneurship
88,Marketing
89,Strategic Management
90,Industry Specific
91,Business Intelligence
92,Accounting
93,Human Resources
94,Project Management
95,Sales
96,Design Thinking
97,Business Software
98,Risk Management
99,Corporate Social Responsibility
100,Customer Service
101,Nonprofit Management
102,Innovation
103,Operations Management
104,View all Business
105,Humanities
106,History
107,Literature
108,Language Learning
109,Grammar & Writing
110,Philosophy
111,Religion
112,ESL
113,Culture
114,Sports
115,Journalism
116,Ethics
117,Linguistics
118,Food
119,Library Science
120,Reading
121,Crisis Management
122,View all Humanities
123,Engineering
124,Electrical Engineering
125,Mechanical Engineering
126,Civil Engineering
127,Robotics
128,Nanotechnology
129,GIS
130,Textiles
131,Manufacturing
132,BIM
133,CAD
134,Chemical Engineering
135,Energy Systems
136,Aerospace Engineering
137,View all Engineering
138,Science
139,Chemistry
140,Physics
141,Environmental Science
142,Astronomy
143,Biology
144,Agriculture
145,Materials Science
146,Earth Science
147,Applied Science
148,Forensic Science
149,View all Science
150,Education & Teaching
151,K12
152,Higher Education
153,STEM
154,Teacher Professional Development
155,Course Development
156,Online Education
157,Test Prep
158,Pedagogy
159,View all Education & Teaching
160,Social Sciences
161,Sociology
162,Economics
163,Psychology
164,Anthropology
165,Political Science
166,Law
167,Urban Planning
168,Human Rights
169,Sustainability
170,Governance
171,Archaeology
172,Social Work
173,View all Social Sciences
174,Art & Design
175,Music
176,Digital Media
177,Visual Arts
178,Design & Creativity
179,View all Art & Design
180,Data Science
181,Bioinformatics
182,Big Data
183,Data Mining
184,Data Analysis
185,Data Visualization
186,Jupyter Notebooks
187,View all Data Science
188,Programming
189,Mobile Development
190,Web Development
191,Databases
192,Game Development
193,Programming Languages
194,Software Development
195,Cloud Computing
196,View all Programming
197,Personal Development
198,Communication Skills
199,Career Development
200,Self Improvement
201,Presentation Skills
202,Resilience
203,View all Personal Development
204,Information Security (InfoSec)
205,Cybersecurity
206,Network Security
207,Ethical Hacking
208,Digital Forensics
209,Reverse Engineering
210,Penetration Testing
211,Malware Analysis
212,DevSecOps
213,OSINT (Open Source Intelligence)
214,Threat Intelligence
215,Information Security Certifications
216,Red Team
217,Blue Team
218,View all Information Security (InfoSec)
219,The Report
220,2022 Year in Review: The “New Normal” that Wasn’t
221,"The pandemic ushered in a “new normal” in online learning, but it culminated in layoffs and stock drops."
222,Dhawal Shah
223,"Jan 02, 2023"
224,Latest
225,"Review of Goldman Sachs 10,000 Women Courses"
226,10 Best Japanese Courses to Take in 2023
227,7 Best Erlang Courses to Take in 2023
228,Harvard CS50 Guide: How to Pick the Right Course (with Free Certificate)
229,10 Best CSS Animation Courses to Take in 2023
230,Visit
231,The Report
232,"DDoS Attack on Class Central: Mitigation, SEO Impact, and Costs"
233,Trending
234,Most common
235,excel
236,law
237,graphic design
238,Popular subjects
239,Digital Skills
240,209 courses
241,Programming
242,"24,443 courses"
243,Information Technology (IT) Certifications
244,504 courses
245,Popular courses
246,The Science of Happiness
247,"University of California, Berkeley"
248,Introduction to Financial Accounting
249,University of Pennsylvania
250,Cryptography I
251,Stanford University
252,Organize and share your learning with Class Central Lists.
253,View our
254,Lists Showcase
255,Sign up
256,Log in
257,or
258,Sign up
259,Log in
260,Sign up
261,Subjects
262,Mathematics
263,Algebra
264,Free Online
265,Algebra Courses
266,"Learn Algebra, earn certificates with free online courses from Harvard, MIT, Johns Hopkins, UC Irvine and other top universities around the world. Read reviews to decide if a class is right for you."
267,Follow
268,84.8k
269,Share
270,357 courses
271,Related Subjects
272,Linear Algebra Courses
273,Showing
274,357 courses
275,Filter
276,Sort by Relevancy
277,Relevancy
278,Highest rated
279,Lowest rated
280,Most recently added
281,Filter by
282,Clear All
283,Filters
284,With certificate
285,(107)
286,Free course
287,(307)
288,With free certificate
289,(5)
290,University course only
291,(103)
292,Level
293,Beginner
294,(63)
295,Intermediate
296,(27)
297,Advanced
298,(3)
299,Duration
300,1-5 hours
301,(84)
302,5-10 hours
303,(28)
304,10+ hours
305,(134)
306,Language
307,English
308,(319)
309,Amharic
310,(2)
311,French
312,(2)
313,German
314,(1)
315,Hindi
316,(4)
317,Japanese
318,(1)
319,Russian
320,(6)
321,Spanish
322,(20)
323,Turkish
324,(2)
325,Show 357 courses
326,Clear Filters
327,Matrix Algebra for Engineers
328,637 reviews
329,"This course is all about matrices, and concisely covers the linear algebra that an engineer should know.   We define matrices and how to add and multiply them, and introduce some special types of matrices."
330,Add to list
331,Quick View
332,Coursera
333,"20 hours worth of material, 4 weeks long"
334,"20th Feb, 2023"
335,Free Online Course (Audit)
336,Best of All Time
337,Bases Matemáticas: Álgebra
338,50 reviews
339,"En este curso se tratan los sistemas de ecuaciones, las matrices y cómo usarlas para resolverlos."
340,Add to list
341,Quick View
342,edX
343,"3-4 hours a week, 4 weeks long"
344,Self paced
345,Free Online Course (Audit)
346,Introduction to Linear Models and Matrix Algebra
347,12 reviews
348,Learn to use R programming to apply linear models to analyze data in life sciences.
349,Add to list
350,Quick View
351,edX
352,"2-4 hours a week, 4 weeks long"
353,Self paced
354,Free Online Course (Audit)
355,Linear Algebra (Fall 2011)
356,"This course covers matrix theory and linear algebra, emphasizing topics useful in other disciplines such as physics, economics and social sciences, natural sciences, and engineering."
357,Add to list
358,Quick View
359,MIT OpenCourseWare
360,36 hours worth of material
361,On-Demand
362,Free Online Course
363,Mathematics for Machine Learning: Linear Algebra
364,8 reviews
365,"In this course on Linear Algebra we look at what linear algebra is and how it relates to vectors and matrices. Then we look through what vectors and matrices are and how to work with them, including the knotty problem of eigenvalues and eigenvectors, and…"
366,Add to list
367,Quick View
368,Coursera
369,"19 hours worth of material, 5 weeks long"
370,"13th Feb, 2023"
371,Free Online Course (Audit)
372,"Matrix Methods in Data Analysis, Signal Processing, and Machine Learning (Spring 2018)"
373,2 reviews
374,This course reviews linear algebra with applications to probability and statistics and optimization–and above all a full explanation of deep learning.
375,Add to list
376,Quick View
377,MIT OpenCourseWare
378,28 hours worth of material
379,On-Demand
380,Free Online Course
381,"MIT 2.087 Engineering Mathematics: Linear Algebra and ODEs, Fall 2014"
382,Syllabus: 2. First-Order Equations.3. First-Order Equations (continued).4. Second-Order Equations.5. Second-Order Equations (continued).
383,Add to list
384,YouTube
385,5 hours worth of material
386,On-Demand
387,Free Online Course
388,"MIT A 2020 Vision of Linear Algebra, Spring 2020"
389,Syllabus: Intro: A New Way to Start Linear Algebra. Part 1: The Column Space of a Matrix. Part 2: The Big Picture of Linear Algebra. Part 3: Orthogonal Vectors. Part 4: Eigenvalues and Eigenvectors. Part 5: Singular Values and Singular Vectors. Part 6: F…
390,Add to list
391,YouTube
392,1-2 hours worth of material
393,On-Demand
394,Free Online Course
395,Schoolyourself
396,Introduction to Algebra
397,19 reviews
398,"Solve equations, draw graphs, and play with quadratics in this interactive course!"
399,Add to list
400,Quick View
401,edX
402,"4-6 hours a week, 4 weeks long"
403,Self paced
404,Free Online Course (Audit)
405,Linear Algebra - Foundations to Frontiers
406,14 reviews
407,Learn the mathematics behind linear algebra and link it to matrix software development.
408,Add to list
409,Quick View
410,edX
411,"6-10 hours a week, 15 weeks long"
412,Self paced
413,Free Online Course (Audit)
414,Algebra and Differential Calculus for Data Science
415,97 ratings at Coursera
416,Are you interested in Data Science but lack the math background for it? Has math always been a tough subject that you tend to avoid? This course will teach you the most fundamental Calculus concepts that you will need for a career in Data Science without…
417,Add to list
418,Quick View
419,Coursera
420,"8-9 hours worth of material, 6 weeks long"
421,"20th Feb, 2023"
422,Free Online Course (Audit)
423,Differential Equations: Linear Algebra and NxN Systems of Differential Equations
424,2 reviews
425,Learn how to use linear algebra and MATLAB to solve large systems of differential equations.
426,Add to list
427,Quick View
428,edX
429,"5-8 hours a week, 9 weeks long"
430,Self paced
431,Free Online Course (Audit)
432,San Jose State University
433,College Algebra
434,14 reviews
435,Gain an in-depth understanding of algebraic principles and learn how to use them to solve problems you may meet in everyday life.
436,Add to list
437,Quick View
438,Udacity
439,16 weeks long
440,On-Demand
441,Free Online Course
442,KAIST
443,Math for AI beginner part 1 Linear Algebra
444,14 ratings at Coursera
445,"'Learn concept of AI such as machine learning, deep-learning, support vector machine which is related to linear algebra
- Learn how to use linear algebra for AI algorithm.
- After completing this course, you are able to understand AI algorithm and basics…"
446,Add to list
447,Quick View
448,Coursera
449,"7-8 hours worth of material, 6 weeks long"
450,"20th Feb, 2023"
451,Free Online Course (Audit)
452,IIT Bombay
453,;
454,NPTEL
455,Basic Linear Algebra
456,Linear Algebr is a basic course for students intended to go for Engineering sudies and higher studies in Mathematics. We will cover the basic tools needed in these brances.
457,Add to list
458,Quick View
459,Swayam
460,8 weeks long
461,"19th Feb, 2023"
462,Free Online Course
463,Load more
464,Load the next 15 courses of 342
465,Home
466,Browse by subject
467,Computer Science
468,Psychology
469,Cybersecurity
470,Health
471,Law
472,Accounting
473,Web Development
474,Browse by provider
475,Coursera
476,edX
477,FutureLearn
478,Udacity
479,Swayam
480,Udemy
481,LinkedIn Learning
482,Browse by university
483,Harvard
484,Stanford
485,Georgia Tech
486,University of Michigan
487,Purdue University
488,Duke University
489,IIT Madras
490,Browse by institution
491,Google
492,Microsoft
493,IBM
494,Amazon
495,Linux Foundation
496,British Council
497,Salesforce
498,Rankings
499,Best Online Courses of All Time
500,Best Online Courses of the Year
501,Most Popular Courses of All Time
502,Most Popular Courses of the Year
503,250 Top FREE Coursera Courses of All Time
504,100 Top FREE edX Courses of All Time
505,250 Top Udemy Courses of All Time
506,The Report
507,by Class Central
508,RSS Feed
509,"The ""New Normal"" that Wasn't"
510,DDoS Attack on Class Central
511,500+ Online Degrees in India
512,Harvard's CS50 Free Certificate Guide
513,How Open University Works
514,Free Certificates & Courses
515,700+ Free Google Certificates
516,Free LinkedIn Learning Certificates
517,1600+ Free Coursera Courses
518,Ivy League Online Courses
519,175+ Free Writing Online Courses
520,About Class Central
521,"Class Central aggregates courses from many providers to help you find the best courses on almost any subject, wherever they exist."
522,Facebook
523,Twitter
524,LinkedIn
525,YouTube
526,Class Central © 2011-2023
527,Privacy Policy
528,About Us
529,Join Us
530,Help Center
531,Contact Us
532,Share
533,Facebook
534,Twitter
535,Email
536,Copy link
537,Never Stop Learning.
538,"Get personalized course recommendations, track subjects and courses with reminders, and more."
539,Sign up for free
