,link scrapped text
0,700+ Free Certificates from Google!
1,View
2,Close
3,Class Central
4,Courses
5,Class Central
6,Rankings
7,Collections
8,Subjects
9,View all
10,Computer Science
11,Health & Medicine
12,Mathematics
13,Business
14,Humanities
15,Engineering
16,Science
17,Education & Teaching
18,Social Sciences
19,Art & Design
20,Data Science
21,Programming
22,Personal Development
23,Information Security (InfoSec)
24,View all Subjects
25,Universities
26,The Report
27,Courses from
28,1000+ universities
29,Rankings
30,Best Courses
31,Best of All Time
32,Best of the Year 2022
33,Best of the Year 2021
34,Most Popular Courses
35,Most Popular of All Time
36,Most Popular of the Year 2022
37,Most Popular of the Year 2021
38,Collections
39,Monthly Course Reports
40,Starting this Month
41,New Online Courses
42,Most Popular
43,Computer Science
44,Artificial Intelligence
45,Algorithms and Data Structures
46,Internet of Things
47,Information Technology
48,Computer Networking
49,Machine Learning
50,DevOps
51,Deep Learning
52,Cryptography
53,Quantum Computing
54,Human-Computer Interaction (HCI)
55,Distributed Systems
56,Blockchain Development
57,Operating Systems
58,Computer Graphics
59,View all Computer Science
60,Health & Medicine
61,Nutrition & Wellness
62,Disease & Disorders
63,Public Health
64,Health Care
65,Nursing
66,Anatomy
67,Veterinary Science
68,Continuing Medical Education (CME)
69,View all Health & Medicine
70,Mathematics
71,Statistics & Probability
72,Foundations of Mathematics
73,Calculus
74,Discrete Mathematics
75,Trigonometry
76,Geometry
77,Algebra
78,Precalculus
79,Number Theory
80,Combinatorics
81,Mathematical logic
82,Linear Programming
83,View all Mathematics
84,Business
85,Management & Leadership
86,Finance
87,Entrepreneurship
88,Marketing
89,Strategic Management
90,Industry Specific
91,Business Intelligence
92,Accounting
93,Human Resources
94,Project Management
95,Sales
96,Design Thinking
97,Business Software
98,Risk Management
99,Corporate Social Responsibility
100,Customer Service
101,Nonprofit Management
102,Innovation
103,Operations Management
104,View all Business
105,Humanities
106,History
107,Literature
108,Language Learning
109,Grammar & Writing
110,Philosophy
111,Religion
112,ESL
113,Culture
114,Sports
115,Journalism
116,Ethics
117,Linguistics
118,Food
119,Library Science
120,Reading
121,Crisis Management
122,View all Humanities
123,Engineering
124,Electrical Engineering
125,Mechanical Engineering
126,Civil Engineering
127,Robotics
128,Nanotechnology
129,GIS
130,Textiles
131,Manufacturing
132,BIM
133,CAD
134,Chemical Engineering
135,Energy Systems
136,Aerospace Engineering
137,View all Engineering
138,Science
139,Chemistry
140,Physics
141,Environmental Science
142,Astronomy
143,Biology
144,Agriculture
145,Materials Science
146,Earth Science
147,Applied Science
148,Forensic Science
149,View all Science
150,Education & Teaching
151,K12
152,Higher Education
153,STEM
154,Teacher Professional Development
155,Course Development
156,Online Education
157,Test Prep
158,Pedagogy
159,View all Education & Teaching
160,Social Sciences
161,Sociology
162,Economics
163,Psychology
164,Anthropology
165,Political Science
166,Law
167,Urban Planning
168,Human Rights
169,Sustainability
170,Governance
171,Archaeology
172,Social Work
173,View all Social Sciences
174,Art & Design
175,Music
176,Digital Media
177,Visual Arts
178,Design & Creativity
179,View all Art & Design
180,Data Science
181,Bioinformatics
182,Big Data
183,Data Mining
184,Data Analysis
185,Data Visualization
186,Jupyter Notebooks
187,View all Data Science
188,Programming
189,Mobile Development
190,Web Development
191,Databases
192,Game Development
193,Programming Languages
194,Software Development
195,Cloud Computing
196,View all Programming
197,Personal Development
198,Communication Skills
199,Career Development
200,Self Improvement
201,Presentation Skills
202,Resilience
203,View all Personal Development
204,Information Security (InfoSec)
205,Cybersecurity
206,Network Security
207,Ethical Hacking
208,Digital Forensics
209,Reverse Engineering
210,Penetration Testing
211,Malware Analysis
212,DevSecOps
213,OSINT (Open Source Intelligence)
214,Threat Intelligence
215,Information Security Certifications
216,Red Team
217,Blue Team
218,View all Information Security (InfoSec)
219,The Report
220,2022 Year in Review: The “New Normal” that Wasn’t
221,"The pandemic ushered in a “new normal” in online learning, but it culminated in layoffs and stock drops."
222,Dhawal Shah
223,"Jan 02, 2023"
224,Latest
225,"Review of Goldman Sachs 10,000 Women Courses"
226,10 Best Japanese Courses to Take in 2023
227,7 Best Erlang Courses to Take in 2023
228,Harvard CS50 Guide: How to Pick the Right Course (with Free Certificate)
229,10 Best CSS Animation Courses to Take in 2023
230,Visit
231,The Report
232,"DDoS Attack on Class Central: Mitigation, SEO Impact, and Costs"
233,Trending
234,Most common
235,law
236,javascript
237,computer science
238,Popular subjects
239,Digital Skills
240,209 courses
241,Programming
242,"24,443 courses"
243,Information Technology (IT) Certifications
244,504 courses
245,Popular courses
246,The Science of Happiness
247,"University of California, Berkeley"
248,Introduction to Financial Accounting
249,University of Pennsylvania
250,Cryptography I
251,Stanford University
252,Organize and share your learning with Class Central Lists.
253,View our
254,Lists Showcase
255,Sign up
256,Log in
257,or
258,Sign up
259,Log in
260,Sign up
261,Subjects
262,Computer Science
263,Algorithms and Data Structures
264,Free Online
265,Algorithms and Data Structures Courses
266,"Learn Algorithms and Data Structures, earn certificates with free online courses from Harvard, Stanford, MIT, University of Pennsylvania and other top universities around the world. Read reviews to decide if a class is right for you."
267,Follow
268,209.3k
269,Share
270,515 courses
271,Related Subjects
272,Software Development Courses
273,C++ Courses
274,Java Courses
275,PHP Courses
276,Javascript Courses
277,C# Courses
278,Machine Learning Courses
279,Data Science Courses
280,Best Courses Guides
281,Class Central's Top Algorithms & Data Structures Courses
282,We've picked the best online courses to learn Algorithms & Data Structures from the Class Central catalog.
283,Data structures and algorithms are essential to if you want to write efficient code.
284,Read the Guide
285,"Algorithms, Part I"
286,59 reviews
287,"Algorithms: Design and Analysis, Part 1"
288,Algorithms and Data Structures Tutorial - Full Course for Beginners
289,4 reviews
290,"MIT 6.006 Introduction to Algorithms, Spring 2020"
291,"Data Structures & Algorithms I: ArrayLists, LinkedLists, Stacks and Queues"
292,12 reviews
293,"University of California, San Diego"
294,;
295,Higher School of Economics
296,Algorithmic Toolbox
297,23 reviews
298,JavaScript Algorithms and Data Structures
299,32 reviews
300,Data Structures and Algorithms in Python - Full Course for Beginners
301,3 reviews
302,Master the Coding Interview: Data Structures + Algorithms
303,Google
304,;
305,Grow with Google
306,Intro to Data Structures and Algorithms
307,Show all 10 courses
308,All Algorithms and Data Structures Courses
309,Showing
310,515 courses
311,Filter
312,Sort by Relevancy
313,Relevancy
314,Highest rated
315,Lowest rated
316,Most recently added
317,Filter by
318,Clear All
319,Filters
320,With certificate
321,(292)
322,Free course
323,(350)
324,With free certificate
325,(5)
326,University course only
327,(220)
328,Level
329,Beginner
330,(162)
331,Intermediate
332,(105)
333,Advanced
334,(16)
335,Duration
336,1-5 hours
337,(129)
338,5-10 hours
339,(56)
340,10+ hours
341,(241)
342,Language
343,English
344,(448)
345,Arabic
346,(4)
347,Chinese
348,(20)
349,French
350,(6)
351,Hindi
352,(3)
353,Italian
354,(3)
355,Korean
356,(1)
357,Portuguese
358,(7)
359,Russian
360,(4)
361,Spanish
362,(14)
363,Turkish
364,(5)
365,See all
366,Show 515 courses
367,Clear Filters
368,"Divide and Conquer, Sorting and Searching, and Randomized Algorithms"
369,68 reviews
370,"The primary topics in this part of the specialization are: asymptotic (""Big-oh"") notation, sorting and searching, divide and conquer (master method, integer and matrix multiplication, closest pair), and randomized algorithms (QuickSort, contraction algor…"
371,Add to list
372,Quick View
373,Coursera
374,"17 hours worth of material, 4 weeks long"
375,"20th Feb, 2023"
376,Free Online Course (Audit)
377,Best of All Time
378,Computing in Python IV: Objects & Algorithms
379,95 reviews
380,"Learn about recursion, search and sort algorithms, and object-oriented programming in Python."
381,Add to list
382,Quick View
383,edX
384,"9-10 hours a week, 5 weeks long"
385,Self paced
386,Free Online Course (Audit)
387,"Algorithms, Part I"
388,59 reviews
389,"This course covers the essential information that every serious programmer needs to know about algorithms and data structures, with emphasis on applications and scientific performance analysis of Java implementations. Part I covers elementary data struct…"
390,Add to list
391,Quick View
392,Coursera
393,"54 hours worth of material, 6 weeks long"
394,"13th Feb, 2023"
395,Free Online Course (Audit)
396,Best of All Time
397,Computing in Python III: Data Structures
398,44 reviews
399,"Learn more complex ways of handling data, including files, lists, and dictionaries for building complex programs."
400,Add to list
401,Quick View
402,edX
403,"9-10 hours a week, 5 weeks long"
404,Self paced
405,Free Online Course (Audit)
406,Automata Theory
407,20 reviews
408,"This course covers the theory of automata and languages. We begin with a study of finite automata and the languages they can define (the so-called ""regular languages."" Topics include deterministic and nondeterministic automata, regular expressions, and t…"
409,Add to list
410,Quick View
411,edX
412,"5-10 hours a week, 7 weeks long"
413,Self paced
414,Free Online Course (Audit)
415,Algorithms for Big Data (COMPSCI 229r)
416,5 reviews
417,"The series of 25 lectures from Harvard University would cover topics such as Sketching/Streaming, Dimensional Reduction, large scale machine learning, deal with regression problems, external memory problem (measure disk I/Os instead of the number of inst…"
418,Add to list
419,Quick View
420,YouTube
421,34 hours worth of material
422,On-Demand
423,Free Online Course
424,"Graph Search, Shortest Paths, and Data Structures"
425,1922 ratings at Coursera
426,"The primary topics in this part of the specialization are: data structures (heaps, balanced search trees, hash tables, bloom filters), graph primitives (applications of breadth-first and depth-first search, connectivity, shortest paths), and their applic…"
427,Add to list
428,Quick View
429,Coursera
430,"15 hours worth of material, 4 weeks long"
431,"20th Feb, 2023"
432,Free Online Course (Audit)
433,Design of Computer Programs
434,14 reviews
435,"Learn how to model problems, and how to optimize performance by using some of the advanced features of Python."
436,Add to list
437,Quick View
438,Udacity
439,8 weeks long
440,On-Demand
441,Free Online Course
442,Principles of Computing (Part 1)
443,30 reviews
444,This two-part course builds upon the programming skills that you learned in our Introduction to Interactive Programming in Python course.  We will augment those skills with both important programming practices and critical mathematical problem solving sk…
445,Add to list
446,Quick View
447,Coursera
448,"19 hours worth of material, 5 weeks long"
449,"27th Feb, 2023"
450,Free Online Course (Audit)
451,"Greedy Algorithms, Minimum Spanning Trees, and Dynamic Programming"
452,1216 ratings at Coursera
453,"The primary topics in this part of the specialization are: greedy algorithms (scheduling, minimum spanning trees, clustering, Huffman codes) and dynamic programming (knapsack, sequence alignment, optimal search trees)."
454,Add to list
455,Quick View
456,Coursera
457,"15 hours worth of material, 4 weeks long"
458,"20th Feb, 2023"
459,Free Online Course (Audit)
460,"Shortest Paths Revisited, NP-Complete Problems and What To Do About Them"
461,785 ratings at Coursera
462,"The primary topics in this part of the specialization are: shortest paths (Bellman-Ford, Floyd-Warshall, Johnson), NP-completeness and what it means for the algorithm designer, and strategies for coping with computationally intractable problems (analysis…"
463,Add to list
464,Quick View
465,Coursera
466,"14 hours worth of material, 4 weeks long"
467,"13th Feb, 2023"
468,Free Online Course (Audit)
469,Advanced Algorithms (COMPSCI 224)
470,2 reviews
471,"CS 224 is an advanced course in algorithm design, and topics we will cover include the word RAM model, data structures, amortization, online algorithms, linear programming, semidefinite programming, approximation algorithms, hashing, randomized algorithm…"
472,Add to list
473,Quick View
474,YouTube
475,35 hours worth of material
476,On-Demand
477,Free Online Course
478,Introduction to Algorithms (Fall 2011)
479,"This course provides an introduction to mathematical modeling of computational problems. It covers the common algorithms, algorithmic paradigms, and data structures used to solve these problems."
480,Add to list
481,Quick View
482,MIT OpenCourseWare
483,42 hours worth of material
484,On-Demand
485,Free Online Course
486,"Algorithms, Part II"
487,21 reviews
488,"This course covers the essential information that every serious programmer needs to know about algorithms and data structures, with emphasis on applications and scientific performance analysis of Java implementations. Part I covers elementary data struct…"
489,Add to list
490,Quick View
491,Coursera
492,"63 hours worth of material, 6 weeks long"
493,"6th Feb, 2023"
494,Free Online Course (Audit)
495,Data Structures and Performance
496,6 reviews
497,"How do Java programs deal with vast quantities of data? Many of the data structures and algorithms that work with introductory toy examples break when applications process real, large data sets.  Efficiency is critical, but how do we achieve it, and how…"
498,Add to list
499,Quick View
500,Coursera
501,"42 hours worth of material, 6 weeks long"
502,"13th Feb, 2023"
503,Free Online Course (Audit)
504,Load more
505,Load the next 15 courses of 500
506,Home
507,Browse by subject
508,Computer Science
509,Psychology
510,Cybersecurity
511,Health
512,Law
513,Accounting
514,Web Development
515,Browse by provider
516,Coursera
517,edX
518,FutureLearn
519,Udacity
520,Swayam
521,Udemy
522,LinkedIn Learning
523,Browse by university
524,Harvard
525,Stanford
526,Georgia Tech
527,University of Michigan
528,Purdue University
529,Duke University
530,IIT Madras
531,Browse by institution
532,Google
533,Microsoft
534,IBM
535,Amazon
536,Linux Foundation
537,British Council
538,Salesforce
539,Rankings
540,Best Online Courses of All Time
541,Best Online Courses of the Year
542,Most Popular Courses of All Time
543,Most Popular Courses of the Year
544,250 Top FREE Coursera Courses of All Time
545,100 Top FREE edX Courses of All Time
546,250 Top Udemy Courses of All Time
547,The Report
548,by Class Central
549,RSS Feed
550,"The ""New Normal"" that Wasn't"
551,DDoS Attack on Class Central
552,500+ Online Degrees in India
553,Harvard's CS50 Free Certificate Guide
554,How Open University Works
555,Free Certificates & Courses
556,700+ Free Google Certificates
557,Free LinkedIn Learning Certificates
558,1600+ Free Coursera Courses
559,Ivy League Online Courses
560,175+ Free Writing Online Courses
561,About Class Central
562,"Class Central aggregates courses from many providers to help you find the best courses on almost any subject, wherever they exist."
563,Facebook
564,Twitter
565,LinkedIn
566,YouTube
567,Class Central © 2011-2023
568,Privacy Policy
569,About Us
570,Join Us
571,Help Center
572,Contact Us
573,Share
574,Facebook
575,Twitter
576,Email
577,Copy link
578,Never Stop Learning.
579,"Get personalized course recommendations, track subjects and courses with reminders, and more."
580,Sign up for free
