,link scrapped text
0,700+ Free Certificates from Google!
1,View
2,Close
3,Class Central
4,Courses
5,Class Central
6,Rankings
7,Collections
8,Subjects
9,View all
10,Computer Science
11,Health & Medicine
12,Mathematics
13,Business
14,Humanities
15,Engineering
16,Science
17,Education & Teaching
18,Social Sciences
19,Art & Design
20,Data Science
21,Programming
22,Personal Development
23,Information Security (InfoSec)
24,View all Subjects
25,Universities
26,The Report
27,Courses from
28,1000+ universities
29,Rankings
30,Best Courses
31,Best of All Time
32,Best of the Year 2022
33,Best of the Year 2021
34,Most Popular Courses
35,Most Popular of All Time
36,Most Popular of the Year 2022
37,Most Popular of the Year 2021
38,Collections
39,Monthly Course Reports
40,Starting this Month
41,New Online Courses
42,Most Popular
43,Computer Science
44,Artificial Intelligence
45,Algorithms and Data Structures
46,Internet of Things
47,Information Technology
48,Computer Networking
49,Machine Learning
50,DevOps
51,Deep Learning
52,Cryptography
53,Quantum Computing
54,Human-Computer Interaction (HCI)
55,Distributed Systems
56,Blockchain Development
57,Operating Systems
58,Computer Graphics
59,View all Computer Science
60,Health & Medicine
61,Nutrition & Wellness
62,Disease & Disorders
63,Public Health
64,Health Care
65,Nursing
66,Anatomy
67,Veterinary Science
68,Continuing Medical Education (CME)
69,View all Health & Medicine
70,Mathematics
71,Statistics & Probability
72,Foundations of Mathematics
73,Calculus
74,Discrete Mathematics
75,Trigonometry
76,Geometry
77,Algebra
78,Precalculus
79,Number Theory
80,Combinatorics
81,Mathematical logic
82,Linear Programming
83,View all Mathematics
84,Business
85,Management & Leadership
86,Finance
87,Entrepreneurship
88,Marketing
89,Strategic Management
90,Industry Specific
91,Business Intelligence
92,Accounting
93,Human Resources
94,Project Management
95,Sales
96,Design Thinking
97,Business Software
98,Risk Management
99,Corporate Social Responsibility
100,Customer Service
101,Nonprofit Management
102,Innovation
103,Operations Management
104,View all Business
105,Humanities
106,History
107,Literature
108,Language Learning
109,Grammar & Writing
110,Philosophy
111,Religion
112,ESL
113,Culture
114,Sports
115,Journalism
116,Ethics
117,Linguistics
118,Food
119,Library Science
120,Reading
121,Crisis Management
122,View all Humanities
123,Engineering
124,Electrical Engineering
125,Mechanical Engineering
126,Civil Engineering
127,Robotics
128,Nanotechnology
129,GIS
130,Textiles
131,Manufacturing
132,BIM
133,CAD
134,Chemical Engineering
135,Energy Systems
136,Aerospace Engineering
137,View all Engineering
138,Science
139,Chemistry
140,Physics
141,Environmental Science
142,Astronomy
143,Biology
144,Agriculture
145,Materials Science
146,Earth Science
147,Applied Science
148,Forensic Science
149,View all Science
150,Education & Teaching
151,K12
152,Higher Education
153,STEM
154,Teacher Professional Development
155,Course Development
156,Online Education
157,Test Prep
158,Pedagogy
159,View all Education & Teaching
160,Social Sciences
161,Sociology
162,Economics
163,Psychology
164,Anthropology
165,Political Science
166,Law
167,Urban Planning
168,Human Rights
169,Sustainability
170,Governance
171,Archaeology
172,Social Work
173,View all Social Sciences
174,Art & Design
175,Music
176,Digital Media
177,Visual Arts
178,Design & Creativity
179,View all Art & Design
180,Data Science
181,Bioinformatics
182,Big Data
183,Data Mining
184,Data Analysis
185,Data Visualization
186,Jupyter Notebooks
187,View all Data Science
188,Programming
189,Mobile Development
190,Web Development
191,Databases
192,Game Development
193,Programming Languages
194,Software Development
195,Cloud Computing
196,View all Programming
197,Personal Development
198,Communication Skills
199,Career Development
200,Self Improvement
201,Presentation Skills
202,Resilience
203,View all Personal Development
204,Information Security (InfoSec)
205,Cybersecurity
206,Network Security
207,Ethical Hacking
208,Digital Forensics
209,Reverse Engineering
210,Penetration Testing
211,Malware Analysis
212,DevSecOps
213,OSINT (Open Source Intelligence)
214,Threat Intelligence
215,Information Security Certifications
216,Red Team
217,Blue Team
218,View all Information Security (InfoSec)
219,The Report
220,2022 Year in Review: The “New Normal” that Wasn’t
221,"The pandemic ushered in a “new normal” in online learning, but it culminated in layoffs and stock drops."
222,Dhawal Shah
223,"Jan 02, 2023"
224,Latest
225,"Review of Goldman Sachs 10,000 Women Courses"
226,10 Best Japanese Courses to Take in 2023
227,7 Best Erlang Courses to Take in 2023
228,Harvard CS50 Guide: How to Pick the Right Course (with Free Certificate)
229,10 Best CSS Animation Courses to Take in 2023
230,Visit
231,The Report
232,"DDoS Attack on Class Central: Mitigation, SEO Impact, and Costs"
233,Trending
234,Most common
235,sql
236,cyber security
237,flutter
238,Popular subjects
239,Digital Skills
240,209 courses
241,Programming
242,"24,443 courses"
243,Information Technology (IT) Certifications
244,504 courses
245,Popular courses
246,The Science of Happiness
247,"University of California, Berkeley"
248,Introduction to Financial Accounting
249,University of Pennsylvania
250,Cryptography I
251,Stanford University
252,Organize and share your learning with Class Central Lists.
253,View our
254,Lists Showcase
255,Sign up
256,Log in
257,or
258,Sign up
259,Log in
260,Sign up
261,Subjects
262,Health & Medicine
263,Anatomy
264,Free Online
265,Anatomy Courses
266,"Learn Anatomy, earn certificates with free online courses from Harvard, University of Pennsylvania, University of Michigan, Yale and other top universities around the world. Read reviews to decide if a class is right for you."
267,Follow
268,48.5k
269,Share
270,79 courses
271,Related Subjects
272,Drawing Courses
273,Biology Courses
274,Physiology Courses
275,Neuroscience Courses
276,Yoga Courses
277,Painting Courses
278,Animation Courses
279,Health Care Courses
280,Showing
281,79 courses
282,Filter
283,Sort by Relevancy
284,Relevancy
285,Highest rated
286,Lowest rated
287,Most recently added
288,Filter by
289,Clear All
290,Filters
291,With certificate
292,(49)
293,Free course
294,(48)
295,With free certificate
296,(1)
297,University course only
298,(35)
299,Level
300,Beginner
301,(24)
302,Intermediate
303,(8)
304,Duration
305,1-5 hours
306,(10)
307,5-10 hours
308,(2)
309,10+ hours
310,(52)
311,Language
312,English
313,(76)
314,Bengali
315,(1)
316,Portuguese
317,(1)
318,Spanish
319,(1)
320,Show 79 courses
321,Clear Filters
322,Anatomy: Know Your Abdomen
323,124 reviews
324,Discover the human abdomen and how it works.
325,Add to list
326,Quick View
327,FutureLearn
328,"2 hours a week, 2 weeks long"
329,"27th Feb, 2023"
330,Free Online Course (Audit)
331,Best of All Time
332,Human Anatomy: Musculoskeletal Cases
333,8 reviews
334,Learn the anatomy basic to understanding five musculoskeletal injuries commonly seen in primary care medicine and orthopedic clinical specialty practice. Follow hypothetical patients from injury to operating room.
335,Add to list
336,Quick View
337,edX
338,"3-6 hours a week, 7 weeks long"
339,Self paced
340,Free Online Course (Audit)
341,"Anatomy of the Chest, Neck, Abdomen, and Pelvis"
342,1539 ratings at Coursera
343,"Human structure is important to all of us as it has been for millennia.  Artists, teachers, health care providers, scientists and most children try to understand the human form from stick figure drawings to electron microscopy. Learning the form of peopl…"
344,Add to list
345,Quick View
346,Coursera
347,"16 hours worth of material, 4 weeks long"
348,"20th Feb, 2023"
349,Free Online Course (Audit)
350,Anatomy: Human Neuroanatomy
351,814 ratings at Coursera
352,"In this anatomy course, part of the Anatomy Specialization, you will be introduced to the central and peripheral nervous systems. You will learn about basic neuroanatomy, sensory pathways, motor pathways and the autonomic nervous system.

The course incl…"
353,Add to list
354,Quick View
355,Coursera
356,"17 hours worth of material, 7 weeks long"
357,"13th Feb, 2023"
358,Free Online Course (Audit)
359,Anatomy: Musculoskeletal and Integumentary Systems
360,2054 ratings at Coursera
361,"In this anatomy course, part of the Anatomy Specialization, you will learn how the components of the integumentary system help protect our body (epidermis, dermis, hair, nails, and glands), and how the musculoskeletal system (bones, joints, and skeletal…"
362,Add to list
363,Quick View
364,Coursera
365,"26 hours worth of material, 4 weeks long"
366,"13th Feb, 2023"
367,Free Online Course (Audit)
368,"Anatomy: Cardiovascular, Respiratory and Urinary Systems"
369,901 ratings at Coursera
370,"In this anatomy course, part of the Anatomy Specialization, you will explore the interactive relationships of the cardiovascular, respiratory and urinary systems, and the roles they play in your body.

This course is a primer for the cardiovascular, resp…"
371,Add to list
372,Quick View
373,Coursera
374,"19 hours worth of material, 4 weeks long"
375,"13th Feb, 2023"
376,Free Online Course (Audit)
377,"Anatomy: Gastrointestinal, Reproductive and Endocrine Systems"
378,528 ratings at Coursera
379,"In this anatomy course, part of the Anatomy Specialization, you’ll learn about the various digestive, endocrine, and reproductive organs, their functions, and pathways of nerves and blood vessels serving these organs. Clinical correlations and vignettes…"
380,Add to list
381,Quick View
382,Coursera
383,"12 hours worth of material, 3 weeks long"
384,"13th Feb, 2023"
385,Free Online Course (Audit)
386,Anatomy of the Upper and Lower Extremities
387,40 ratings at Coursera
388,"This course has two main parts, one for the lower extremity and the other for the upper extremity.  We will show how the various systems that supply and organize the limb control its function. There are a set of introductory lectures which will allow mor…"
389,Add to list
390,Quick View
391,Coursera
392,"15 hours worth of material, 8 weeks long"
393,"13th Feb, 2023"
394,Free Online Course (Audit)
395,Exploring Anatomy: the Human Abdomen
396,14 reviews
397,Explore the anatomy of the human abdomen and understand its clinical importance.
398,Add to list
399,Quick View
400,FutureLearn
401,3 weeks long
402,Self paced
403,Free Online Course (Audit)
404,The Chinese University of Hong Kong
405,Fundamental Sports related Musculoskeletal Anatomy
406,This is an online course on fundamental sports-related musculoskeletal anatomy which provides students with a basic understanding of the musculoskeletal structure and function of different body regions. Topics include an overview of the musculoskeletal s…
407,Add to list
408,Quick View
409,Coursera
410,"4-5 hours worth of material, 5 weeks long"
411,"20th Feb, 2023"
412,Free Online Course (Audit)
413,Professor Dave Explains
414,Anatomy & Physiology
415,4 reviews
416,"let's learn about structure, or anatomy, and function, or physiology, so that we are set up to learn all kinds of other subjects that require knowledge of the human body!"
417,Add to list
418,Quick View
419,YouTube
420,4-5 hours worth of material
421,On-Demand
422,Free Online Course
423,CrashCourse
424,Anatomy & Physiology by CrashCourse
425,3 reviews
426,"In 47 episodes, Hank Green will teach you anatomy and physiology! This course is based on an introductory college level curriculum, with Human Anatomy and Physiology, 9th edition, by Marieb and Hoehn as its main reference text."
427,Add to list
428,Quick View
429,YouTube
430,8 hours worth of material
431,On-Demand
432,Free Online Course
433,Anatomy: Human Neuroanatomy
434,2 reviews
435,Learn about the different parts of the central nervous system and how they work together with the entire body.
436,Add to list
437,Quick View
438,edX
439,"3-4 hours a week, 8 weeks long"
440,Self paced
441,Free Online Course (Audit)
442,Proko
443,Anatomy of the Human Body for Artists
444,2 reviews
445,Syllabus: Introduction to Human Anatomy for Artists.How to Do an Anatomy Tracing.The Language of Anatomy.The 6 Types of Joints - Human Anatomy for Artists.Simplifying Joints In Perspective - Human Anatomy.Anatomy of the Spine - for Artists.How to Draw th…
446,Add to list
447,YouTube
448,23 hours worth of material
449,On-Demand
450,Free Online Course
451,"Anatomy: Cardiovascular, Urinary, and Respiratory Systems"
452,1 review
453,"Learn the multifaceted structures and functions of the cardiovascular, urinary, and respiratory systems."
454,Add to list
455,Quick View
456,edX
457,"2-3 hours a week, 4 weeks long"
458,Self paced
459,Free Online Course (Audit)
460,Load more
461,Load the next 15 courses of 64
462,Home
463,Browse by subject
464,Computer Science
465,Psychology
466,Cybersecurity
467,Health
468,Law
469,Accounting
470,Web Development
471,Browse by provider
472,Coursera
473,edX
474,FutureLearn
475,Udacity
476,Swayam
477,Udemy
478,LinkedIn Learning
479,Browse by university
480,Harvard
481,Stanford
482,Georgia Tech
483,University of Michigan
484,Purdue University
485,Duke University
486,IIT Madras
487,Browse by institution
488,Google
489,Microsoft
490,IBM
491,Amazon
492,Linux Foundation
493,British Council
494,Salesforce
495,Rankings
496,Best Online Courses of All Time
497,Best Online Courses of the Year
498,Most Popular Courses of All Time
499,Most Popular Courses of the Year
500,250 Top FREE Coursera Courses of All Time
501,100 Top FREE edX Courses of All Time
502,250 Top Udemy Courses of All Time
503,The Report
504,by Class Central
505,RSS Feed
506,"The ""New Normal"" that Wasn't"
507,DDoS Attack on Class Central
508,500+ Online Degrees in India
509,Harvard's CS50 Free Certificate Guide
510,How Open University Works
511,Free Certificates & Courses
512,700+ Free Google Certificates
513,Free LinkedIn Learning Certificates
514,1600+ Free Coursera Courses
515,Ivy League Online Courses
516,175+ Free Writing Online Courses
517,About Class Central
518,"Class Central aggregates courses from many providers to help you find the best courses on almost any subject, wherever they exist."
519,Facebook
520,Twitter
521,LinkedIn
522,YouTube
523,Class Central © 2011-2023
524,Privacy Policy
525,About Us
526,Join Us
527,Help Center
528,Contact Us
529,Share
530,Facebook
531,Twitter
532,Email
533,Copy link
534,Never Stop Learning.
535,"Get personalized course recommendations, track subjects and courses with reminders, and more."
536,Sign up for free
