,link scrapped text
0,700+ Free Certificates from Google!
1,View
2,Close
3,Class Central
4,Courses
5,Class Central
6,Rankings
7,Collections
8,Subjects
9,View all
10,Computer Science
11,Health & Medicine
12,Mathematics
13,Business
14,Humanities
15,Engineering
16,Science
17,Education & Teaching
18,Social Sciences
19,Art & Design
20,Data Science
21,Programming
22,Personal Development
23,Information Security (InfoSec)
24,View all Subjects
25,Universities
26,The Report
27,Courses from
28,1000+ universities
29,Rankings
30,Best Courses
31,Best of All Time
32,Best of the Year 2022
33,Best of the Year 2021
34,Most Popular Courses
35,Most Popular of All Time
36,Most Popular of the Year 2022
37,Most Popular of the Year 2021
38,Collections
39,Monthly Course Reports
40,Starting this Month
41,New Online Courses
42,Most Popular
43,Computer Science
44,Artificial Intelligence
45,Algorithms and Data Structures
46,Internet of Things
47,Information Technology
48,Computer Networking
49,Machine Learning
50,DevOps
51,Deep Learning
52,Cryptography
53,Quantum Computing
54,Human-Computer Interaction (HCI)
55,Distributed Systems
56,Blockchain Development
57,Operating Systems
58,Computer Graphics
59,View all Computer Science
60,Health & Medicine
61,Nutrition & Wellness
62,Disease & Disorders
63,Public Health
64,Health Care
65,Nursing
66,Anatomy
67,Veterinary Science
68,Continuing Medical Education (CME)
69,View all Health & Medicine
70,Mathematics
71,Statistics & Probability
72,Foundations of Mathematics
73,Calculus
74,Discrete Mathematics
75,Trigonometry
76,Geometry
77,Algebra
78,Precalculus
79,Number Theory
80,Combinatorics
81,Mathematical logic
82,Linear Programming
83,View all Mathematics
84,Business
85,Management & Leadership
86,Finance
87,Entrepreneurship
88,Marketing
89,Strategic Management
90,Industry Specific
91,Business Intelligence
92,Accounting
93,Human Resources
94,Project Management
95,Sales
96,Design Thinking
97,Business Software
98,Risk Management
99,Corporate Social Responsibility
100,Customer Service
101,Nonprofit Management
102,Innovation
103,Operations Management
104,View all Business
105,Humanities
106,History
107,Literature
108,Language Learning
109,Grammar & Writing
110,Philosophy
111,Religion
112,ESL
113,Culture
114,Sports
115,Journalism
116,Ethics
117,Linguistics
118,Food
119,Library Science
120,Reading
121,Crisis Management
122,View all Humanities
123,Engineering
124,Electrical Engineering
125,Mechanical Engineering
126,Civil Engineering
127,Robotics
128,Nanotechnology
129,GIS
130,Textiles
131,Manufacturing
132,BIM
133,CAD
134,Chemical Engineering
135,Energy Systems
136,Aerospace Engineering
137,View all Engineering
138,Science
139,Chemistry
140,Physics
141,Environmental Science
142,Astronomy
143,Biology
144,Agriculture
145,Materials Science
146,Earth Science
147,Applied Science
148,Forensic Science
149,View all Science
150,Education & Teaching
151,K12
152,Higher Education
153,STEM
154,Teacher Professional Development
155,Course Development
156,Online Education
157,Test Prep
158,Pedagogy
159,View all Education & Teaching
160,Social Sciences
161,Sociology
162,Economics
163,Psychology
164,Anthropology
165,Political Science
166,Law
167,Urban Planning
168,Human Rights
169,Sustainability
170,Governance
171,Archaeology
172,Social Work
173,View all Social Sciences
174,Art & Design
175,Music
176,Digital Media
177,Visual Arts
178,Design & Creativity
179,View all Art & Design
180,Data Science
181,Bioinformatics
182,Big Data
183,Data Mining
184,Data Analysis
185,Data Visualization
186,Jupyter Notebooks
187,View all Data Science
188,Programming
189,Mobile Development
190,Web Development
191,Databases
192,Game Development
193,Programming Languages
194,Software Development
195,Cloud Computing
196,View all Programming
197,Personal Development
198,Communication Skills
199,Career Development
200,Self Improvement
201,Presentation Skills
202,Resilience
203,View all Personal Development
204,Information Security (InfoSec)
205,Cybersecurity
206,Network Security
207,Ethical Hacking
208,Digital Forensics
209,Reverse Engineering
210,Penetration Testing
211,Malware Analysis
212,DevSecOps
213,OSINT (Open Source Intelligence)
214,Threat Intelligence
215,Information Security Certifications
216,Red Team
217,Blue Team
218,View all Information Security (InfoSec)
219,The Report
220,2022 Year in Review: The “New Normal” that Wasn’t
221,"The pandemic ushered in a “new normal” in online learning, but it culminated in layoffs and stock drops."
222,Dhawal Shah
223,"Jan 02, 2023"
224,Latest
225,"Review of Goldman Sachs 10,000 Women Courses"
226,10 Best Japanese Courses to Take in 2023
227,7 Best Erlang Courses to Take in 2023
228,Harvard CS50 Guide: How to Pick the Right Course (with Free Certificate)
229,10 Best CSS Animation Courses to Take in 2023
230,Visit
231,The Report
232,"DDoS Attack on Class Central: Mitigation, SEO Impact, and Costs"
233,Trending
234,Most common
235,javascript
236,web development
237,French
238,Popular subjects
239,Digital Skills
240,209 courses
241,Programming
242,"24,443 courses"
243,Information Technology (IT) Certifications
244,504 courses
245,Popular courses
246,The Science of Happiness
247,"University of California, Berkeley"
248,Introduction to Financial Accounting
249,University of Pennsylvania
250,Cryptography I
251,Stanford University
252,Organize and share your learning with Class Central Lists.
253,View our
254,Lists Showcase
255,Sign up
256,Log in
257,or
258,Sign up
259,Log in
260,Sign up
261,Subjects
262,Art & Design
263,Free Online
264,Art & Design Courses
265,"Learn Art & Design, earn certificates with free online courses from Harvard, Stanford, MIT, University of Pennsylvania and other top universities around the world. Read reviews to decide if a class is right for you."
266,Follow
267,323.7k
268,Share
269,"15,915 courses"
270,Related Subjects
271,Graphic Design Courses
272,User Experience Courses
273,3D Design Courses
274,Drawing Courses
275,Web Design Courses
276,Animation Courses
277,Painting Courses
278,Architecture Courses
279,Showing
280,"15,915 courses"
281,Filter
282,Sort by Relevancy
283,Relevancy
284,Highest rated
285,Lowest rated
286,Most recently added
287,Filter by
288,Clear All
289,Filters
290,With certificate
291,(8331)
292,Free course
293,(2730)
294,With free certificate
295,(41)
296,University course only
297,(844)
298,Level
299,Beginner
300,(7395)
301,Intermediate
302,(1415)
303,Advanced
304,(75)
305,Duration
306,1-5 hours
307,(7607)
308,5-10 hours
309,(1299)
310,10+ hours
311,(1847)
312,Language
313,English
314,(13490)
315,Arabic
316,(87)
317,Bengali
318,(11)
319,Chinese
320,(24)
321,Czech
322,(2)
323,Dutch
324,(2)
325,French
326,(416)
327,German
328,(79)
329,Hindi
330,(58)
331,Indonesian
332,(10)
333,Italian
334,(32)
335,Japanese
336,(24)
337,Khmer
338,(2)
339,Korean
340,(1)
341,Nepali
342,(2)
343,Polish
344,(7)
345,Portuguese
346,(177)
347,Romanian
348,(1)
349,Russian
350,(37)
351,Spanish
352,(1332)
353,Tamil
354,(4)
355,Telugu
356,(4)
357,Thai
358,(25)
359,Turkish
360,(83)
361,Urdu
362,(5)
363,See all
364,"Show 10,000 courses"
365,Clear Filters
366,How to Write Your First Song
367,166 reviews
368,Get a practical introduction to the mechanics of songwriting and meet established songwriters with this free online course
369,Add to list
370,Quick View
371,FutureLearn
372,"3 hours a week, 6 weeks long"
373,Self paced
374,Free Online Course (Audit)
375,Best of All Time
376,Banaras Hindu University
377,;
378,CEC
379,ANIMATIONs
380,745 reviews
381,"In this course we explore animation across a variety of platforms including film, television, advertising, web, motion capture and game design. This course will provide the opportunity for students to develop their transferable employability and professi…"
382,Add to list
383,Quick View
384,Swayam
385,15 weeks long
386,"30th Jan, 2023"
387,Free Online Course
388,Best of All Time
389,Sustainability in Architecture: An Interdisciplinary Introduction
390,108 reviews
391,This course introduces the basic elements and trendsthat define sustainability practices in Architecture today. Itfollows an interdisciplinary approach that includes performance assessment and urban policies.
392,Add to list
393,Quick View
394,edX
395,"3-4 hours a week, 4 weeks long"
396,Self paced
397,Free Online Course (Audit)
398,Gamification
399,58 reviews
400,"Gamification is the application of game elements and digital game design techniques to non-game problems, such as business and social impact challenges. This course will teach you the mechanisms of gamification, why it has such tremendous potential, and…"
401,Add to list
402,Quick View
403,Coursera
404,"17 hours worth of material, 6 weeks long"
405,"20th Feb, 2023"
406,Free Online Course (Audit)
407,Best of All Time
408,Max MSP Programming Course: Structuring Interactive Software for Digital Arts
409,60 reviews
410,"Max is a powerful platform that accommodates and connects a wide variety of tools for sound, graphics, music and interactivity using a flexible patching and programming environment. Max allows most computer users to write a simple, meaningful program wit…"
411,Add to list
412,Quick View
413,Kadenze
414,On-Demand
415,Free Online Course
416,Best of All Time
417,Ableton Live Course: Sound Production for Musicians and Artists
418,47 reviews
419,"This course provides hands-on experience in producing, mixing, and sound design with a digital audio workstation. Students will learn the fundamentals (physics) of sound and digital audio, proper gain staging, where and how distortion enters recordings a…"
420,Add to list
421,Quick View
422,Kadenze
423,9 weeks long
424,On-Demand
425,Free Online Course
426,Best of All Time
427,Introduction to Classical Music
428,25 reviews
429,"Using a simple and enjoyable teaching style, this course introduces the novice listener to the wonders of classical music, from Bach fugues to Mozart symphonies to Puccini operas."
430,Add to list
431,Quick View
432,Coursera
433,"66 hours worth of material, 9 weeks long"
434,"20th Feb, 2023"
435,Free Online Course (Audit)
436,Best of All Time
437,Innovation: the Fashion Industry
438,43 reviews
439,Understand how big fashion retailers innovate and discover the story behind a favourite piece of your clothing.
440,Add to list
441,Quick View
442,FutureLearn
443,"2 hours a week, 2 weeks long"
444,"27th Feb, 2023"
445,Free Online Course (Audit)
446,"Circular Fashion: Design, Science and Value in a Sustainable Clothing Industry"
447,42 reviews
448,"The fundamentals of circular fashion unraveled, learn about circularity in all steps of the fashion value chain. From new textile materials and circular design all the way to business modelling."
449,Add to list
450,Quick View
451,edX
452,"8-12 hours a week, 5 weeks long"
453,Self paced
454,Free Online Course (Audit)
455,Best of All Time
456,Fundamentals of Graphic Design
457,22 reviews
458,Graphic Design is all around us! Words and pictures—the building blocks of graphic design—are the elements that carry the majority of the content in both the digital world and the printed world. As graphic design becomes more visible and prevalent in our…
459,Add to list
460,Quick View
461,Coursera
462,"15 hours worth of material, 4 weeks long"
463,"13th Feb, 2023"
464,Free Online Course (Audit)
465,Introduction to Real-Time Audio Programming in ChucK
466,36 reviews
467,"The course, lecture, and examples build on each other to teach the fundamentals of programming in general (logic, loops, functions, objects, classes) and also deals with advanced topics including multi-threading, events and signals. Throughout the course…"
468,Add to list
469,Quick View
470,Kadenze
471,8 weeks long
472,On-Demand
473,Free Online Course
474,Best of All Time
475,Guitar for Beginners
476,21 reviews
477,"Grasp the essentials needed to begin playing acoustic or electric guitar. You'll learn an easy approach to get you playing quickly, through a combination of exploring the instrument, performance technique, and basic music theory.

For students who have l…"
478,Add to list
479,Quick View
480,Coursera
481,"24 hours worth of material, 6 weeks long"
482,"20th Feb, 2023"
483,Free Online Course (Audit)
484,The 3D Printing Revolution
485,18 reviews
486,"This course will demonstrate how 3D printers work, show what people make with them, and examine the 3D printing ecosystem. It will also explore the future of 3D printing and discuss how this technology will revolutionize our world. The course materials i…"
487,Add to list
488,Quick View
489,Coursera
490,"9-10 hours worth of material, 2 weeks long"
491,"20th Feb, 2023"
492,Free Online Course (Audit)
493,University System of Maryland
494,;
495,University of Maryland
496,"Product Design, Prototyping, and Testing"
497,34 reviews
498,"Translate product ideas into tangible assets by creating wireframes, 3D renderings, prototypes, and minimum viable products (MVPs) to test assumptions and validate customer interests"
499,Add to list
500,Quick View
501,edX
502,"2-3 hours a week, 4 weeks long"
503,Self paced
504,Free Online Course (Audit)
505,Roman Architecture
506,13 reviews
507,"Roman Architecture is a course for people who love to travel and want to discover the power of architecture to shape politics, society, and culture."
508,Add to list
509,Quick View
510,Coursera
511,"40 hours worth of material, 9 weeks long"
512,"13th Feb, 2023"
513,Free Online Course (Audit)
514,Load more
515,Load the next 15 courses of 9985
516,Home
517,Browse by subject
518,Computer Science
519,Psychology
520,Cybersecurity
521,Health
522,Law
523,Accounting
524,Web Development
525,Browse by provider
526,Coursera
527,edX
528,FutureLearn
529,Udacity
530,Swayam
531,Udemy
532,LinkedIn Learning
533,Browse by university
534,Harvard
535,Stanford
536,Georgia Tech
537,University of Michigan
538,Purdue University
539,Duke University
540,IIT Madras
541,Browse by institution
542,Google
543,Microsoft
544,IBM
545,Amazon
546,Linux Foundation
547,British Council
548,Salesforce
549,Rankings
550,Best Online Courses of All Time
551,Best Online Courses of the Year
552,Most Popular Courses of All Time
553,Most Popular Courses of the Year
554,250 Top FREE Coursera Courses of All Time
555,100 Top FREE edX Courses of All Time
556,250 Top Udemy Courses of All Time
557,The Report
558,by Class Central
559,RSS Feed
560,"The ""New Normal"" that Wasn't"
561,DDoS Attack on Class Central
562,500+ Online Degrees in India
563,Harvard's CS50 Free Certificate Guide
564,How Open University Works
565,Free Certificates & Courses
566,700+ Free Google Certificates
567,Free LinkedIn Learning Certificates
568,1600+ Free Coursera Courses
569,Ivy League Online Courses
570,175+ Free Writing Online Courses
571,About Class Central
572,"Class Central aggregates courses from many providers to help you find the best courses on almost any subject, wherever they exist."
573,Facebook
574,Twitter
575,LinkedIn
576,YouTube
577,Class Central © 2011-2023
578,Privacy Policy
579,About Us
580,Join Us
581,Help Center
582,Contact Us
583,Share
584,Facebook
585,Twitter
586,Email
587,Copy link
588,Never Stop Learning.
589,"Get personalized course recommendations, track subjects and courses with reminders, and more."
590,Sign up for free
