,link scrapped text
0,700+ Free Certificates from Google!
1,View
2,Close
3,Class Central
4,Courses
5,Class Central
6,Rankings
7,Collections
8,Subjects
9,View all
10,Computer Science
11,Health & Medicine
12,Mathematics
13,Business
14,Humanities
15,Engineering
16,Science
17,Education & Teaching
18,Social Sciences
19,Art & Design
20,Data Science
21,Programming
22,Personal Development
23,Information Security (InfoSec)
24,View all Subjects
25,Universities
26,The Report
27,Courses from
28,1000+ universities
29,Rankings
30,Best Courses
31,Best of All Time
32,Best of the Year 2022
33,Best of the Year 2021
34,Most Popular Courses
35,Most Popular of All Time
36,Most Popular of the Year 2022
37,Most Popular of the Year 2021
38,Collections
39,Monthly Course Reports
40,Starting this Month
41,New Online Courses
42,Most Popular
43,Computer Science
44,Artificial Intelligence
45,Algorithms and Data Structures
46,Internet of Things
47,Information Technology
48,Computer Networking
49,Machine Learning
50,DevOps
51,Deep Learning
52,Cryptography
53,Quantum Computing
54,Human-Computer Interaction (HCI)
55,Distributed Systems
56,Blockchain Development
57,Operating Systems
58,Computer Graphics
59,View all Computer Science
60,Health & Medicine
61,Nutrition & Wellness
62,Disease & Disorders
63,Public Health
64,Health Care
65,Nursing
66,Anatomy
67,Veterinary Science
68,Continuing Medical Education (CME)
69,View all Health & Medicine
70,Mathematics
71,Statistics & Probability
72,Foundations of Mathematics
73,Calculus
74,Discrete Mathematics
75,Trigonometry
76,Geometry
77,Algebra
78,Precalculus
79,Number Theory
80,Combinatorics
81,Mathematical logic
82,Linear Programming
83,View all Mathematics
84,Business
85,Management & Leadership
86,Finance
87,Entrepreneurship
88,Marketing
89,Strategic Management
90,Industry Specific
91,Business Intelligence
92,Accounting
93,Human Resources
94,Project Management
95,Sales
96,Design Thinking
97,Business Software
98,Risk Management
99,Corporate Social Responsibility
100,Customer Service
101,Nonprofit Management
102,Innovation
103,Operations Management
104,View all Business
105,Humanities
106,History
107,Literature
108,Language Learning
109,Grammar & Writing
110,Philosophy
111,Religion
112,ESL
113,Culture
114,Sports
115,Journalism
116,Ethics
117,Linguistics
118,Food
119,Library Science
120,Reading
121,Crisis Management
122,View all Humanities
123,Engineering
124,Electrical Engineering
125,Mechanical Engineering
126,Civil Engineering
127,Robotics
128,Nanotechnology
129,GIS
130,Textiles
131,Manufacturing
132,BIM
133,CAD
134,Chemical Engineering
135,Energy Systems
136,Aerospace Engineering
137,View all Engineering
138,Science
139,Chemistry
140,Physics
141,Environmental Science
142,Astronomy
143,Biology
144,Agriculture
145,Materials Science
146,Earth Science
147,Applied Science
148,Forensic Science
149,View all Science
150,Education & Teaching
151,K12
152,Higher Education
153,STEM
154,Teacher Professional Development
155,Course Development
156,Online Education
157,Test Prep
158,Pedagogy
159,View all Education & Teaching
160,Social Sciences
161,Sociology
162,Economics
163,Psychology
164,Anthropology
165,Political Science
166,Law
167,Urban Planning
168,Human Rights
169,Sustainability
170,Governance
171,Archaeology
172,Social Work
173,View all Social Sciences
174,Art & Design
175,Music
176,Digital Media
177,Visual Arts
178,Design & Creativity
179,View all Art & Design
180,Data Science
181,Bioinformatics
182,Big Data
183,Data Mining
184,Data Analysis
185,Data Visualization
186,Jupyter Notebooks
187,View all Data Science
188,Programming
189,Mobile Development
190,Web Development
191,Databases
192,Game Development
193,Programming Languages
194,Software Development
195,Cloud Computing
196,View all Programming
197,Personal Development
198,Communication Skills
199,Career Development
200,Self Improvement
201,Presentation Skills
202,Resilience
203,View all Personal Development
204,Information Security (InfoSec)
205,Cybersecurity
206,Network Security
207,Ethical Hacking
208,Digital Forensics
209,Reverse Engineering
210,Penetration Testing
211,Malware Analysis
212,DevSecOps
213,OSINT (Open Source Intelligence)
214,Threat Intelligence
215,Information Security Certifications
216,Red Team
217,Blue Team
218,View all Information Security (InfoSec)
219,The Report
220,2022 Year in Review: The “New Normal” that Wasn’t
221,"The pandemic ushered in a “new normal” in online learning, but it culminated in layoffs and stock drops."
222,Dhawal Shah
223,"Jan 02, 2023"
224,Latest
225,"Review of Goldman Sachs 10,000 Women Courses"
226,10 Best Japanese Courses to Take in 2023
227,7 Best Erlang Courses to Take in 2023
228,Harvard CS50 Guide: How to Pick the Right Course (with Free Certificate)
229,10 Best CSS Animation Courses to Take in 2023
230,Visit
231,The Report
232,"DDoS Attack on Class Central: Mitigation, SEO Impact, and Costs"
233,Trending
234,Most common
235,excel
236,law
237,flutter
238,Popular subjects
239,Digital Skills
240,209 courses
241,Programming
242,"24,443 courses"
243,Information Technology (IT) Certifications
244,504 courses
245,Popular courses
246,The Science of Happiness
247,"University of California, Berkeley"
248,Introduction to Financial Accounting
249,University of Pennsylvania
250,Cryptography I
251,Stanford University
252,Organize and share your learning with Class Central Lists.
253,View our
254,Lists Showcase
255,Sign up
256,Log in
257,or
258,Sign up
259,Log in
260,Sign up
261,Subjects
262,Computer Science
263,Artificial Intelligence
264,Free Online
265,Artificial Intelligence Courses
266,"Learn Artificial Intelligence, earn certificates with free online courses from Harvard, Stanford, MIT, University of Pennsylvania and other top universities around the world. Read reviews to decide if a class is right for you."
267,Follow
268,312.9k
269,Share
270,"1,238 courses"
271,Related Subjects
272,Deep Learning Courses
273,Machine Learning Courses
274,Data Science Courses
275,TensorFlow Courses
276,Neural Networks Courses
277,Python Courses
278,Computer Vision Courses
279,Natural Language Processing (NLP) Courses
280,Best Courses Guides
281,Class Central's Top Artificial Intelligence Courses
282,We've picked the best online courses to learn Artificial Intelligence from the Class Central catalog.
283,"8 courses are free or free-to-audit, while 2 are paid."
284,Read the Guide
285,University of Helsinki
286,;
287,MinnaLearn
288,Elements of AI
289,715 reviews
290,CS50's Introduction to Artificial Intelligence with Python
291,11 reviews
292,AI For Everyone
293,6 reviews
294,University of Helsinki
295,;
296,MinnaLearn
297,Building AI
298,13 reviews
299,Introduction to Artificial Intelligence (AI)
300,1 review
301,AI Fundamentals
302,Accenture
303,Digital Skills: Artificial Intelligence
304,2 reviews
305,Korea Advanced Institute of Science and Technology
306,Math for AI beginner part 1 Linear Algebra
307,Modern Artificial Intelligence Masterclass: Build 6 Projects
308,Korea Advanced Institute of Science and Technology
309,Practical Python for AI Coding 2
310,Show all 10 courses
311,All Artificial Intelligence Courses
312,Showing
313,"1,238 courses"
314,Filter
315,Sort by Relevancy
316,Relevancy
317,Highest rated
318,Lowest rated
319,Most recently added
320,Filter by
321,Clear All
322,Filters
323,With certificate
324,(817)
325,Free course
326,(768)
327,With free certificate
328,(18)
329,University course only
330,(341)
331,Level
332,Beginner
333,(454)
334,Intermediate
335,(226)
336,Advanced
337,(26)
338,Duration
339,1-5 hours
340,(391)
341,5-10 hours
342,(106)
343,10+ hours
344,(512)
345,Language
346,English
347,(1062)
348,Arabic
349,(9)
350,Chinese
351,(6)
352,French
353,(15)
354,German
355,(9)
356,Hindi
357,(7)
358,Indonesian
359,(1)
360,Italian
361,(3)
362,Japanese
363,(14)
364,Korean
365,(4)
366,Portuguese
367,(14)
368,Russian
369,(13)
370,Spanish
371,(66)
372,Tamil
373,(1)
374,Thai
375,(2)
376,Turkish
377,(12)
378,See all
379,"Show 1,238 courses"
380,Clear Filters
381,University of Helsinki
382,;
383,MinnaLearn
384,Elements of AI
385,715 reviews
386,"The elements of AI is a free online course for everyone interested in learning what AI is, what is possible (and not possible) with AI, and how it affects our lives – with no complicated math or programming required."
387,Add to list
388,Quick View
389,Independent
390,"5-10 hours a week, 6 weeks long"
391,On-Demand
392,Free Online Course
393,Best of All Time
394,Machine Learning
395,380 reviews
396,"Machine learning is the science of getting computers to act without being explicitly programmed. This course provides a broad introduction to machine learning, datamining, and statistical pattern recognition."
397,Add to list
398,Quick View
399,Coursera
400,"61 hours a week, 11 weeks long"
401,"28th Sep, 2020"
402,Free Online Course (Audit)
403,Goldsmiths University of London
404,Machine Learning for Musicians and Artists
405,90 reviews
406,"Have you ever wanted to build a new musical instrument that responded to your gestures by making sound? Or create live visuals to accompany a dancer? Or create an interactive art installation that reacts to the movements or actions of an audience? If so,…"
407,Add to list
408,Quick View
409,Kadenze
410,7 weeks long
411,On-Demand
412,Free Online Course
413,Best of All Time
414,Transport Systems: Global Issues and Future Innovations
415,74 reviews
416,Discover how the transport sector can develop infrastructures that meet the needs of a 21st century population.
417,Add to list
418,Quick View
419,FutureLearn
420,"4 hours a week, 2 weeks long"
421,"27th Feb, 2023"
422,Free Online Course (Audit)
423,Best of All Time
424,University of Alberta
425,;
426,Alberta Machine Intelligence Institute
427,Sample-based Learning Methods
428,40 reviews
429,"In this course, you will learn about several algorithms that can learn near optimal policies based on trial and error interaction with the environment---learning from the agent’s own experience. Learning from actual experience is striking because it requ…"
430,Add to list
431,Quick View
432,Coursera
433,"22 hours worth of material, 4 weeks long"
434,"13th Feb, 2023"
435,Free Online Course (Audit)
436,Probabilistic Graphical Models 1: Representation
437,18 reviews
438,Probabilistic graphical models (PGMs) are a rich framework for encoding probability distributions over complex domains: joint (multivariate) distributions over large numbers of random variables that interact with each other. These representations sit at…
439,Add to list
440,Quick View
441,Coursera
442,"67 hours worth of material, 5 weeks long"
443,"20th Feb, 2023"
444,Free Online Course (Audit)
445,Introduction to Artificial Intelligence
446,27 reviews
447,"Online Introduction to Artificial Intelligence is based on Stanford CS221, Introduction to Artificial Intelligence. This class introduces students to the basics of Artificial Intelligence, which includes machine learning, probabilistic reasoning, robotic…"
448,Add to list
449,Quick View
450,Udacity
451,"6 hours a week, 16 weeks long"
452,On-Demand
453,Free Online Course
454,Machine Learning Foundations: A Case Study Approach
455,40 reviews
456,"In this course, you will get hands-on experience with machine learning from a series of practical case-studies.  At the end of the first course you will have studied how to predict house prices based on house-level features, analyze sentiment from user r…"
457,Add to list
458,Quick View
459,Coursera
460,"18 hours worth of material, 6 weeks long"
461,"6th Feb, 2023"
462,Free Online Course (Audit)
463,Best of All Time
464,Artificial Intelligence for Robotics
465,24 reviews
466,"Learn how to program all the major systems of a robotic car. Topics include planning, search, localization, tracking, and control."
467,Add to list
468,Quick View
469,Udacity
470,8 weeks long
471,On-Demand
472,Free Online Course
473,Introduction to Machine Learning Course
474,20 reviews
475,"This class will teach you the end-to-end process of investigating data through a machine learning lens. Learn online, with Udacity."
476,Add to list
477,Quick View
478,Udacity
479,10 weeks long
480,On-Demand
481,Free Online Course
482,CS188.1x: Artificial Intelligence
483,30 reviews
484,"Artificial intelligence is already all around you, from web search to video games. AI methods plan your driving directions, filter your spam, and focus your cameras on faces. AI lets you guide your phone with your voice and read foreign newspapers in Eng…"
485,Add to list
486,Quick View
487,edX
488,12 weeks long
489,Self paced
490,Free Online Course (Audit)
491,Practical Machine Learning
492,27 reviews
493,One of the most common tasks performed by data scientists and data analysts are prediction and machine learning. This course will cover the basic components of building and applying prediction functions with an emphasis on practical applications. The cou…
494,Add to list
495,Quick View
496,Coursera
497,"8-9 hours worth of material, 4 weeks long"
498,"6th Feb, 2023"
499,Free Online Course (Audit)
500,CS50's Introduction to Artificial Intelligence with Python
501,11 reviews
502,Learn to use machine learning in Python in this introductory course on artificial intelligence.
503,Add to list
504,Quick View
505,edX
506,"10-30 hours a week, 7 weeks long"
507,Self paced
508,Free Online Course (Audit)
509,University of Urbino
510,Intelligenza Artificiale
511,50 reviews
512,"Il corso multidisciplinare che affronta il tema dell’intelligenza artificiale dal punto di vista scientifico, tecnico, etico, sociale, economico, filosofico e culturale."
513,Add to list
514,Quick View
515,Independent
516,On-Demand
517,Free Online Course
518,Best of All Time
519,Probabilistic Graphical Models 3: Learning
520,297 ratings at Coursera
521,Probabilistic graphical models (PGMs) are a rich framework for encoding probability distributions over complex domains: joint (multivariate) distributions over large numbers of random variables that interact with each other. These representations sit at…
522,Add to list
523,Quick View
524,Coursera
525,"66 hours worth of material, 5 weeks long"
526,"20th Feb, 2023"
527,Free Online Course (Audit)
528,Load more
529,Load the next 15 courses of 1223
530,Home
531,Browse by subject
532,Computer Science
533,Psychology
534,Cybersecurity
535,Health
536,Law
537,Accounting
538,Web Development
539,Browse by provider
540,Coursera
541,edX
542,FutureLearn
543,Udacity
544,Swayam
545,Udemy
546,LinkedIn Learning
547,Browse by university
548,Harvard
549,Stanford
550,Georgia Tech
551,University of Michigan
552,Purdue University
553,Duke University
554,IIT Madras
555,Browse by institution
556,Google
557,Microsoft
558,IBM
559,Amazon
560,Linux Foundation
561,British Council
562,Salesforce
563,Rankings
564,Best Online Courses of All Time
565,Best Online Courses of the Year
566,Most Popular Courses of All Time
567,Most Popular Courses of the Year
568,250 Top FREE Coursera Courses of All Time
569,100 Top FREE edX Courses of All Time
570,250 Top Udemy Courses of All Time
571,The Report
572,by Class Central
573,RSS Feed
574,"The ""New Normal"" that Wasn't"
575,DDoS Attack on Class Central
576,500+ Online Degrees in India
577,Harvard's CS50 Free Certificate Guide
578,How Open University Works
579,Free Certificates & Courses
580,700+ Free Google Certificates
581,Free LinkedIn Learning Certificates
582,1600+ Free Coursera Courses
583,Ivy League Online Courses
584,175+ Free Writing Online Courses
585,About Class Central
586,"Class Central aggregates courses from many providers to help you find the best courses on almost any subject, wherever they exist."
587,Facebook
588,Twitter
589,LinkedIn
590,YouTube
591,Class Central © 2011-2023
592,Privacy Policy
593,About Us
594,Join Us
595,Help Center
596,Contact Us
597,Share
598,Facebook
599,Twitter
600,Email
601,Copy link
602,Never Stop Learning.
603,"Get personalized course recommendations, track subjects and courses with reminders, and more."
604,Sign up for free
