,link scrapped text
0,700+ Free Certificates from Google!
1,View
2,Close
3,The Report by Class Central
4,Your source for the latest news and trends in online education.
5,Stay up to date
6,Class Central
7,Class Central
8,classcentral.com
9,Browse Courses
10,Search
11,Write a Review
12,About Class Central
13,News
14,Analysis
15,Features
16,Guides
17,Student Voices
18,Rankings
19,The Best Online Courses of All-Time
20,Best Online Courses of 2022
21,Best Online Courses of 2021
22,Best Online Courses of 2020
23,Best Online Courses of 2019
24,Best Online Courses of 2018
25,Best Online Courses of 2017
26,Best Online Courses of 2016
27,Best Online Courses of 2015
28,Year in Review
29,MOOC Roundup 2021
30,MOOC Roundup 2020
31,MOOC Roundup 2019
32,MOOC Roundup 2018
33,MOOC Roundup 2017
34,MOOC Roundup 2016
35,MOOC Roundup 2015
36,Providers
37,Coursera
38,EdX
39,Udacity
40,Futurelearn
41,Disclosure:
42,"Class Central is learner-supported. When you buy through links on our site, we may earn an affiliate commission."
43,Course Report
44,Class Central’s Best Online Courses of the Year (2022 Edition)
45,Class Central’s list of the highest-rated free online courses of the year
46,Dhawal Shah
47,"Dec 27th, 2021"
48,Facebook
49,Twitter
50,Envelope
51,Url
52,1
53,"Like every year, Class Central has compiled the best online courses of the year, based on thousands of learner reviews. Here are previous editions of the ranking:"
54,2015
55,","
56,2016
57,","
58,2017
59,","
60,2018
61,","
62,2019
63,", and"
64,2020
65,.
66,A decade has gone by since MOOCs’ popularization. The MOOC ecosystem has now reached over 220M learners worldwide and close to 19.4K courses. You can find our
67,end-of-year series here
68,", including our"
69,2021 review of MOOCs stats and trends
70,.
71,Methodology
72,"Below, you’ll find the 20 highest-rated courses on Class Central that were released in 2021. We started by making a list of all the online courses released over the year. There were over 2,900 courses. Then, we sorted these courses according to the Bayesian average of the thousands of reviews published by Class Central learners. Finally, we truncated the list to retain only the cream of the crop."
73,Best Online Courses (2022 Edition)
74,Understanding Traumatic Brain Injury (TBI)
75,University of Tasmania via Independent
76,"Understanding Traumatic Brain Injury (TBI) is a Massive Open Online Course (MOOC), offering university-quality education about TBI covering the spectrum from mild concussion through to severe injury."
77,★★★★★ (
78,540 ratings
79,)
80,Uncommon Sense Teaching
81,via Coursera
82,You’ll discover why you should help students use two different neural routes to help them be both flexible and fast in their learning.
83,★★★★★ (
84,166 ratings
85,)
86,School Counseling
87,"Avianshilingam Institute for Home Science and Higher Education for Women, Coimbatore via Swayam"
88,How to set right these children? What should be done to avoid these problem behaviours? How to identify and address these behaviours and intervene to mainstream them?
89,★★★★★ (
90,150 ratings
91,)
92,Managing Conflicts on Projects with Cultural and Emotional Intelligence
93,University System of Maryland via edX
94,Great program managers understand and heal bad communication habits and conflicts that arise within project teams and stakeholders. Learn how by leveraging emotional and cultural intelligence using the Coordinated Management of Meaning (CMM).
95,★★★★★ (
96,112 ratings
97,)
98,Learn Like a Pro: Science-Based Tools to Become Better at Anything
99,via edX
100,"Do you spend too much time learning, with disappointing results? Do you put off studying because it’s boring and you’re easily distracted? This course is for you! In Learn Like a Pro , beloved teacher of learning Dr. Barbara Oakley, and learning coach extraordinaire Olav Schewe lay out techniques that can help you master any material. Based on easy-to-understand but cutting-edge neuroscientific research, Learn Like a Pro is like no other course on learning—join us today!"
101,★★★★★ (
102,96 ratings
103,)
104,El rol de la digitalización en la transición energética
105,Galileo University via edX
106,"En este curso aprenderás los fundamentos de la digitalización en el sector energético, partiendo de la problemática energética global y la necesidad de un modelo más sustentable hasta llegar a entender las principales tecnologías involucradas."
107,★★★★★ (
108,75 ratings
109,)
110,Exploring English: Food and Culture
111,British Council via FutureLearn
112,Improve your English language skills and learn how to cook some classic British dishes while exploring modern UK culture.
113,★★★★★ (
114,53 ratings
115,)
116,Let’s Get Started: Building Self-Awareness
117,University System of Maryland via edX
118,Effective leaders know themselves well. They capitalize on their strengths and manage their weaknesses using self-awareness.Learn how self-aware you are and how you can use self-awareness to intentionally develop your management and leadership skills.
119,★★★★★ (
120,54 ratings
121,)
122,Intelligenza Artificiale
123,University of Urbino via Independent
124,"Il corso affronterà questioni etiche, sociali e culturali, parlando anche di cinema e di letteratura. Economisti, tecnologi e imprenditori parleranno delle applicazioni e delle prospettive di sviluppo del settore."
125,★★★★★ (
126,49 ratings
127,)
128,Strategic Communication for Sustainability Leaders
129,University System of Maryland via edX
130,Communicating science effectively is a critical skill for anyone involved in environmental policy or sustainability. Learn how to integrate effective visualizations into compelling narratives to clearly explain complex ecosystem processes.
131,★★★★★ (
132,27 ratings
133,)
134,Bridging Distance and In-School Learning – Blended Learning in Practice
135,School Education Gateway – Teacher Academy via Independent
136,The Bridging Distance and In-School Learning – Blended Learning in Practice MOOC will demonstrate these benefits and help teachers to design and plan for blended learning as part of their usual practice.
137,★★★★★ (
138,26 ratings
139,)
140,Introducción a Power BI para los negocios
141,Universitat Politècnica de València via edX
142,"Te presentamos los componentes de Power BI, te mostramos la herramienta gratuita Power BI Desktop y te enseñamos a usarla para cargar y tratar datos de diversas fuentes, relacionar los datos importados e incorporar medidas para extraer la información importante y manejar las visualizaciones gráficas más habituales y utilizar los filtros para presentarla de la mejor manera posible."
143,★★★★★ (
144,20 ratings
145,)
146,Mathematical and Computational Methods
147,Georgetown University via edX
148,"Physicists use math all of the time in nearly everything that they work on. This course will help you understand how math is interconnected and recognize that math involves a handful of simple ideas that repeat. By the end of the course, you will be able to re-derive important formulas from basic principles or know precisely where to look them up and use them."
149,★★★★★ (
150,18 ratings
151,)
152,Designing Project Information Hubs for Program and Project Performance
153,University System of Maryland via edX
154,The most valuable resource on a project is timely information. Why? Because information changes the decisions that determine project outcomes. Learn the planning skills and techniques needed to manage information across complex programs or projects.
155,★★★★★ (
156,17 ratings
157,)
158,Numerical Methods for Engineers
159,The Hong Kong University of Science and Technology via Coursera
160,"The course contains 74 short lecture videos and MATLAB demonstrations. After each lecture or demonstration, there are problems to solve or programs to write. The course is organized into six weeks, and at the end of each week there is an assessed quiz and a longer programming project."
161,★★★★★ (
162,12 ratings
163,)
164,Marketing digital en redes sociales
165,Universitat Politècnica de València via edX
166,"Aprende todo lo que necesitas saber para que tu marca o empresa se posicione en el mercado, obtenga nuevos clientes, aumente sus ventas y rentabilice al máximo la inversión de publicidad en redes sociales. Conviértete en un buen community manager con herramientas gratuitas y aprende a crear un plan de social media y gestión de contenidos para tu comunidad."
167,★★★★☆ (
168,10 ratings
169,)
170,Imagery in Action
171,Esri via Independent
172,"This course is for anyone who wants to learn—or learn more—about the many uses of imagery, the many types of imagery, and the rapidly growing integration of imagery with GIS."
173,★★★★★ (
174,10 ratings
175,)
176,Product Management Essentials
177,"University of Maryland, College Park via Coursera"
178,This course investigates the framework for success in product management by defining the product manager’s position in an organization and the key responsibilities.
179,★★★★★ (
180,10 ratings
181,)
182,Climate Change and Resilience in Food Systems
183,University of Leeds via FutureLearn
184,Learn new research-led strategies designed to mitigate the effects of climate change on agriculture and food systems.
185,★★★★★ (
186,9 ratings
187,)
188,The Digital Marketing Revolution
189,University of Illinois at Urbana-Champaign via Coursera
190,"This course examines this issue by asking how the Digital Revolution has impacted marketing in an analog world. The learning approach will be highly interactive, meaning that you will have both the opportunity to engage in a variety of hands-on activities and to participate as a member of a rich learning community."
191,★★★★★ (
192,9 ratings
193,)
194,Tags
195,MOOC Roundup 2021
196,Dhawal Shah
197,"Dhawal is the CEO of Class Central, the most popular search engine and review site for online courses and MOOCs. He has completed over a dozen MOOCs and has written over 200 articles about the MOOC space, including contributions to TechCrunch, EdSurge, Quartz, and VentureBeat."
198,More articles from Dhawal Shah
199,Related
200,Class Central’s Best Online Courses of the Year (2021 Edition)
201,Class Central’s Best Online Courses of 2019
202,Class Central’s Best Online Courses of 2017
203,Class Central’s Best Online Courses of All Time (2022 Edition)
204,About Class Central
205,"EMOOCs 2023 Conference (Potsdam, June 14-16): The call for papers is live!"
206,AD
207,Comments
208,1
209,JOHNBATTAGLIA
210,8/5/2022 at 7:01pm
211,I WOULD VERY MUCH LIKE TO KNOW IF GEORGETOWN WILL START QUANTAM MECHANICSFOR EVRYONE AGAIN
212,Reply
213,Leave a reply
214,"Your email address will not be published. All comments go through moderation, so your comment won't display immediately."
215,Comment
216,Name
217,(Required)
218,Email
219,(Required)
220,Cancel
221,Δ
222,This site uses Akismet to reduce spam.
223,Learn how your comment data is processed
224,.
225,Browse our catalog
226,"Discover thousands of free online courses from top universities around the world like MIT, Stanford, and Harvard."
227,Computer Science
228,"8,326                  courses"
229,Blockchain Development
230,Operating Systems
231,Computer Graphics
232,Artificial Intelligence
233,Algorithms and Data Structures
234,Internet of Things
235,Information Technology
236,Human-Computer Interaction (HCI)
237,Computer Networking
238,Machine Learning
239,DevOps
240,Deep Learning
241,Distributed Systems
242,Cryptography
243,Quantum Computing
244,Business
245,"19,402                  courses"
246,Management & Leadership
247,Finance
248,Entrepreneurship
249,Innovation
250,Marketing
251,Risk Management
252,Operations Management
253,Strategic Management
254,Industry Specific
255,Business Intelligence
256,Corporate Social Responsibility
257,Accounting
258,Human Resources
259,Project Management
260,Sales
261,Design Thinking
262,Nonprofit Management
263,Customer Service
264,Business Software
265,Humanities
266,"5,052                  courses"
267,History
268,Literature
269,Reading
270,Language Learning
271,Grammar & Writing
272,Philosophy
273,Religion
274,Food
275,Crisis Management
276,ESL
277,Culture
278,Sports
279,Library Science
280,Journalism
281,Ethics
282,Linguistics
283,Data Science
284,"2,822                  courses"
285,Bioinformatics
286,Big Data
287,Data Mining
288,Data Analysis
289,Data Visualization
290,Jupyter Notebooks
291,Personal Development
292,"3,405                  courses"
293,Resilience
294,Communication Skills
295,Career Development
296,Self Improvement
297,Presentation Skills
298,Art & Design
299,"15,898                  courses"
300,Music
301,Digital Media
302,Visual Arts
303,Design & Creativity
304,Browse all subjects
305,Home
306,/
307,The Report
308,Browse by subject
309,Computer Science
310,Psychology
311,Cybersecurity
312,Health
313,Law
314,Accounting
315,Web Development
316,Browse by provider
317,Coursera
318,edX
319,FutureLearn
320,Udacity
321,Swayam
322,Udemy
323,LinkedIn Learning
324,Browse by university
325,Harvard
326,Stanford
327,Georgia Tech
328,University of Michigan
329,Purdue University
330,Duke University
331,IIT Madras
332,Browse by institution
333,Google
334,Microsoft
335,IBM
336,Amazon
337,Linux Foundation
338,British Council
339,Salesforce
340,Rankings
341,Best Online Courses of All Time
342,Best Online Courses of the Year (2022 Edition)
343,Most Popular Courses of All Time
344,Most Popular Courses of the Year (2022 Edition)
345,250 Top FREE Coursera Courses of All Time
346,100 Top FREE edX Courses of All Time
347,250 Top Udemy Courses of All Time
348,The Report
349,by Class Central
350,RSS Feed
351,"The ""New Normal"" that Wasn't"
352,DDoS Attack on Class Central
353,500+ Online Degrees in India
354,Harvard's CS50 Free Certificate Guide
355,How Open University Works
356,Free Courses and Certificates
357,700+ Free Google Certificates
358,Free LinkedIn Learning Certificates
359,1600+ Free Coursera Courses
360,Ivy League Online Courses
361,175+ Free Writing Online Courses
362,About Class Central
363,"Class Central aggregates courses from many providers to help you find the best courses on almost any subject, wherever they exist."
364,The Report
365,"by Class Central, is your source for the latest news and trends in online education."
366,Facebook
367,Twitter
368,LinkedIn
369,YouTube
370,Class Central © 2011-2023
371,Privacy Policy
372,About Us
373,Join Us
374,Help Center
375,Contact Us
