,link scrapped text
0,700+ Free Certificates from Google!
1,View
2,Close
3,The Report by Class Central
4,Your source for the latest news and trends in online education.
5,Stay up to date
6,Class Central
7,Class Central
8,classcentral.com
9,Browse Courses
10,Search
11,Write a Review
12,About Class Central
13,News
14,Analysis
15,Features
16,Guides
17,Student Voices
18,Rankings
19,The Best Online Courses of All-Time
20,Best Online Courses of 2022
21,Best Online Courses of 2021
22,Best Online Courses of 2020
23,Best Online Courses of 2019
24,Best Online Courses of 2018
25,Best Online Courses of 2017
26,Best Online Courses of 2016
27,Best Online Courses of 2015
28,Year in Review
29,MOOC Roundup 2021
30,MOOC Roundup 2020
31,MOOC Roundup 2019
32,MOOC Roundup 2018
33,MOOC Roundup 2017
34,MOOC Roundup 2016
35,MOOC Roundup 2015
36,Providers
37,Coursera
38,EdX
39,Udacity
40,Futurelearn
41,Disclosure:
42,"Class Central is learner-supported. When you buy through links on our site, we may earn an affiliate commission."
43,Course Report
44,Class Central’s Best Online Courses of the Year (2021 Edition)
45,Class Central’s list of the highest-rated free online courses of the year
46,Heba Ledwon
47,"Dec 27th, 2020"
48,Facebook
49,Twitter
50,Envelope
51,Url
52,2
53,"As of each year, Class Central has tallied the best courses of the current year, based on thousands of learner reviews. Here are the rankings from"
54,2015
55,","
56,2016
57,","
58,2017
59,","
60,2018
61,", and"
62,2019.
63,"Of all the learners that ever registered on a MOOC platform,"
64,one third did so in 2020
65,. Class Central itself received
66,"18M learners and 70,000+ reviews in 2020"
67,.
68,This is why we are calling 2020 the
69,Second Year of the MOOC
70,.
71,"Now in its ninth year, the modern MOOC movement has"
72,crossed 180 million learners
73,". Class Central data shows that providers launched over 2,800 courses, 360 microcredentials, and 19 online degrees."
74,Methodology
75,"The new courses below are the thirty most highly ranked on Class Central. We made a list of all the courses that were released in 2020. The 2,800 courses were then ranked based on the Bayesian average of the thousands of reviews that came in during the year."
76,Best Online Courses (2021 Edition)
77,Medical Parasitology|医学寄生虫学
78,Tsinghua University via edX
79,"Small bugs serious diseases, with knowledge they are seized."
80,★★★★★ (
81,187 ratings
82,)
83,Understanding Medical Research: Your Facebook Friend is Wrong
84,Yale University via Coursera
85,How can you tell if the bold headlines seen on social media are truly touting the next big thing or if the article isn’t worth the paper it’s printed on?
86,★★★★★ (
87,351 ratings
88,)
89,"Career planning: resume/CV, cover letter, interview"
90,Tomsk State University via Coursera
91,"After completing this course, you will know how to stand out from the crowd, how to make a great first impression and how to highlight your strengths."
92,★★★★★ (
93,51 ratings
94,)
95,Spatial Data Science: The New Frontier in Analytics
96,Esri via Independent
97,This course explores the application of spatial data science to uncover hidden patterns and improve predictive modeling. You’ll work with powerful analytical tools in Esri’s ArcGIS software and learn how to integrate popular open data science packages into your analyses.
98,★★★★★ (
99,40 ratings
100,)
101,Understanding IELTS: Listening
102,British Council via FutureLearn
103,Find out what you need to know about the IELTS Listening test and learn techniques to improve your test performance.
104,★★★★★ (
105,949 ratings
106,)
107,Bioseguridad y equipo de protección para la prevención de COVID-19
108,Galileo University via edX
109,Aprende sobre la aplicaciòn de las normas internacionales de bioseguridad que garantizan un entorno laboral seguro. Seleccionando y usando correctamente el equipo de protecciòn personal para prevenir el COVID-19 u otra enfermedad infecciosa.
110,★★★★★ (
111,84 ratings
112,)
113,Computer Simulations
114,"University of California, Davis via Coursera"
115,"This course shows how computer simulations are being used to explore the realm of what is theoretically possible. Computer simulations allow us to study why societies are the way they are, and to dream about the world we would like to live in."
116,★★★★★ (
117,21 ratings
118,)
119,Teaching Young Learners Online
120,British Council via FutureLearn
121,"Work together to plan, create, and facilitate inclusive online learning that engages and inspires young people."
122,★★★★★ (
123,262 ratings
124,)
125,Product Management Fundamentals
126,University System of Maryland via edX
127,Understand the keys to successfully navigating the roles and responsibilities of being a product manager to champion change with internal and external collaborators and influencers
128,★★★★★ (
129,46 ratings
130,)
131,Basic Spanish 3: Getting there
132,Universitat Politècnica de València via edX
133,"Beginners course for learners of Spanish that focuses not only on language but also on cultural aspects, specifically designed for English speakers."
134,★★★★★ (
135,76 ratings
136,)
137,Vector Calculus for Engineers
138,The Hong Kong University of Science and Technology via Coursera
139,"This course is about vector calculus, and covers material that all engineers should know."
140,★★★★★ (
141,165 ratings
142,)
143,"Circular Fashion: Design, Science and Value in a Sustainable Clothing Industry"
144,Wageningen University via edX
145,"The fundamentals of circular fashion unraveled, learn about circularity in all steps of the fashion value chain. From new textile materials and circular design all the way to business modelling."
146,★★★★★ (
147,40 ratings
148,)
149,Riesgo biológico y bioseguridad en el entorno laboral
150,Galileo University via edX
151,"Los agentes biológicos son un factor de riesgo presente en el entorno laboral. Debe existir una detección oportuna que permita su abordaje para la prevención de accidentes y enfermedades relacionadas a su exposición. Un ejemplo, es el actual virus SARS-CoV 2, de fácil transmisión en el entorno laboral."
152,★★★★★ (
153,67 ratings
154,)
155,"Information Systems Auditing, Controls and Assurance"
156,The Hong Kong University of Science and Technology via Coursera
157,"Information systems (IS) are important assets to business organizations and are ubiquitous in our daily lives. In the course “Information Systems Auditing, Controls and Assurance”, you will explore risks of information systems, and how to mitigate the risks by proper IS Controls."
158,★★★★★ (
159,128 ratings
160,)
161,Communicating and Negotiating in a Dynamic Global World
162,Arizona State University via edX
163,"Within this course, you will learn how to better understand and master strategies for interpersonal encounters, including conflict resolution, in multicultural environments. You will also learn how to improve your global mindset and negotiation skills."
164,★★★★★ (
165,15 ratings
166,)
167,Introducción a la Ciencia de Datos con Python
168,Universidad Anáhuac via edX
169,"En este curso, aprenderás los conceptos generales de la ciencia de datos utilizando el lenguaje de programación Python. Serás capaz de recolectar contenido en la web, limpiar los datos y prepararlos para su visualización y gestión."
170,★★★★★ (
171,16 ratings
172,)
173,How To Teach Online: Providing Continuity for Students
174,via FutureLearn
175,Explore online teaching with this practical course for educators designed in response to the COVID-19 pandemic.
176,★★★★★ (
177,16 ratings
178,)
179,Introduzione al Debate
180,Politecnico di Milano via Polimi OPEN KNOWLEDGE
181,"Come metodologia didattica innovativa, il Debate è oggetto di crescente interesse da parte non solo di istituzioni educative, enti di ricerca, docenti, ma anche di agenzie di formazione manageriale e orientate al potenziamento delle competenze maggiormente richieste dal mondo lavorativo."
182,★★★★★ (
183,28 ratings
184,)
185,Mechanical Ventilation for COVID-19
186,Harvard University via edX
187,This course will provide licensed medical professionals with an understanding of mechanical ventilation so they can support the critical care team caring for patients receiving mechanical ventilation during the COVID-19 pandemic.
188,★★★★★ (
189,20 ratings
190,)
191,"Unix Tools: Data, Software and Production Engineering"
192,Delft University of Technology via edX
193,"Grow from being a Unix novice to Unix wizard status! Process big data, analyze software code, run DevOps tasks and excel in your everyday job through the amazing power of the Unix shell and command-line tools."
194,★★★★★ (
195,10 ratings
196,)
197,Food Science and Nutrition: From the Farm to You
198,University of Leeds via FutureLearn
199,Follow food’s fascinating journey from the farm to your body and explore new food technologies and nutrition around the world.
200,★★★★★ (
201,23 ratings
202,)
203,Marketing Innovative Products and Services
204,University System of Maryland via edX
205,Learn essential marketing concepts and practical commercialization strategies to bring your new venture to market
206,★★★★★ (
207,9 ratings
208,)
209,Competencias profesionales genéricas para la inclusión laboral
210,Universidad Autónoma de Madrid via edX
211,"Mejora tu capacitación laboral a través del aprendizaje de competencias comunicativas, sociales y emocionales con este curso accesible e inclusivo."
212,★★★★★ (
213,38 ratings
214,)
215,Introduction to video game development with Unity
216,Universitat Politècnica de València via edX
217,"Learn to develop multi platform video games using one of the most popular tools on the market, the Unity game engine."
218,★★★★★ (
219,33 ratings
220,)
221,COVID-19: Tackling the Novel Coronavirus
222,London School of Hygiene & Tropical Medicine via FutureLearn
223,What is COVID-19? Find out more about the outbreak of the novel coronavirus and its implications around the world.
224,★★★★★ (
225,63 ratings
226,)
227,Cómo educar teniendo en cuenta la muerte
228,Universidad Autónoma de Madrid via edX
229,Pedagogía de la muerte para docentes y familias.
230,★★★★★ (
231,20 ratings
232,)
233,Inglés básico: conversacional y networking
234,Universidad Anáhuac via edX
235,Cumple tu meta de aprender inglés básico para utilizarlo de forma estratégica en los negocios e incrementar tu éxito profesional.
236,★★★★★ (
237,42 ratings
238,)
239,Almacenamiento de energía
240,Galileo University via edX
241,"En este curso, adquiere conocimientos básicos sobre los tipos de sistemas de almacenamiento de energía, las aplicaciones más comunes, herramientas básicas de diseño y dimensionamiento, viabilidad financiera, y tendencias a futuro."
242,★★★★☆ (
243,212 ratings
244,)
245,COVID-19 Contact Tracing
246,Johns Hopkins University via Coursera
247,"The COVID-19 crisis has created an unprecedented need for contact tracing across the country, requiring thousands of people to learn key skills quickly."
248,★★★★★ (
249,9 ratings
250,)
251,Effective Communication for Program and Project Stakeholders and Teams
252,University System of Maryland via edX
253,"Go beyond the communication methods you learned in the project management training. Learn how to structure your program and project communications for the most effective understanding by your stakeholders, project managers, and project teams."
254,★★★★★ (
255,21 ratings
256,)
257,Tags
258,MOOC Roundup 2020
259,Heba Ledwon
260,Heba was the Business Development and Partnerships Specialist at Class Central. She worked closely with businesses and universities to provide the most possible value for the Class Central community.
261,More articles from Heba Ledwon
262,Related
263,Class Central’s Best Online Courses of the Year (2022 Edition)
264,The 100 Most Popular Free Online Courses (2021 Edition)
265,Class Central’s Best Online Courses of All Time (2021 Edition)
266,Class Central’s Best Online Courses of 2019
267,About Class Central
268,"EMOOCs 2023 Conference (Potsdam, June 14-16): The call for papers is live!"
269,AD
270,Comments
271,2
272,Paul S. MacDougall
273,1/4/2021 at 7:52am
274,"Tackling the Novel Coronavirus was an excellent course. I recommend people take it, especially those in medical fields, Microbiology, PH and teaching any of these topics. Put on by LSHTM."
275,Wishing everyone a Happy New Year full of promise and vaccines!
276,Reply
277,Abdiaziiz Husein Ahmad
278,1/8/2021 at 8:55am
279,My first chioce medical parasatology
280,Second research
281,Reply
282,Leave a reply
283,"Your email address will not be published. All comments go through moderation, so your comment won't display immediately."
284,Comment
285,Name
286,(Required)
287,Email
288,(Required)
289,Cancel
290,Δ
291,This site uses Akismet to reduce spam.
292,Learn how your comment data is processed
293,.
294,Browse our catalog
295,"Discover thousands of free online courses from top universities around the world like MIT, Stanford, and Harvard."
296,Computer Science
297,"8,326                  courses"
298,Blockchain Development
299,Operating Systems
300,Computer Graphics
301,Artificial Intelligence
302,Algorithms and Data Structures
303,Internet of Things
304,Information Technology
305,Human-Computer Interaction (HCI)
306,Computer Networking
307,Machine Learning
308,DevOps
309,Deep Learning
310,Distributed Systems
311,Cryptography
312,Quantum Computing
313,Business
314,"19,402                  courses"
315,Management & Leadership
316,Finance
317,Entrepreneurship
318,Innovation
319,Marketing
320,Risk Management
321,Operations Management
322,Strategic Management
323,Industry Specific
324,Business Intelligence
325,Corporate Social Responsibility
326,Accounting
327,Human Resources
328,Project Management
329,Sales
330,Design Thinking
331,Nonprofit Management
332,Customer Service
333,Business Software
334,Humanities
335,"5,052                  courses"
336,History
337,Literature
338,Reading
339,Language Learning
340,Grammar & Writing
341,Philosophy
342,Religion
343,Food
344,Crisis Management
345,ESL
346,Culture
347,Sports
348,Library Science
349,Journalism
350,Ethics
351,Linguistics
352,Data Science
353,"2,822                  courses"
354,Bioinformatics
355,Big Data
356,Data Mining
357,Data Analysis
358,Data Visualization
359,Jupyter Notebooks
360,Personal Development
361,"3,405                  courses"
362,Resilience
363,Communication Skills
364,Career Development
365,Self Improvement
366,Presentation Skills
367,Art & Design
368,"15,898                  courses"
369,Music
370,Digital Media
371,Visual Arts
372,Design & Creativity
373,Browse all subjects
374,Home
375,/
376,The Report
377,Browse by subject
378,Computer Science
379,Psychology
380,Cybersecurity
381,Health
382,Law
383,Accounting
384,Web Development
385,Browse by provider
386,Coursera
387,edX
388,FutureLearn
389,Udacity
390,Swayam
391,Udemy
392,LinkedIn Learning
393,Browse by university
394,Harvard
395,Stanford
396,Georgia Tech
397,University of Michigan
398,Purdue University
399,Duke University
400,IIT Madras
401,Browse by institution
402,Google
403,Microsoft
404,IBM
405,Amazon
406,Linux Foundation
407,British Council
408,Salesforce
409,Rankings
410,Best Online Courses of All Time
411,Best Online Courses of the Year (2022 Edition)
412,Most Popular Courses of All Time
413,Most Popular Courses of the Year (2022 Edition)
414,250 Top FREE Coursera Courses of All Time
415,100 Top FREE edX Courses of All Time
416,250 Top Udemy Courses of All Time
417,The Report
418,by Class Central
419,RSS Feed
420,"The ""New Normal"" that Wasn't"
421,DDoS Attack on Class Central
422,500+ Online Degrees in India
423,Harvard's CS50 Free Certificate Guide
424,How Open University Works
425,Free Courses and Certificates
426,700+ Free Google Certificates
427,Free LinkedIn Learning Certificates
428,1600+ Free Coursera Courses
429,Ivy League Online Courses
430,175+ Free Writing Online Courses
431,About Class Central
432,"Class Central aggregates courses from many providers to help you find the best courses on almost any subject, wherever they exist."
433,The Report
434,"by Class Central, is your source for the latest news and trends in online education."
435,Facebook
436,Twitter
437,LinkedIn
438,YouTube
439,Class Central © 2011-2023
440,Privacy Policy
441,About Us
442,Join Us
443,Help Center
444,Contact Us
