,link scrapped text
0,700+ Free Certificates from Google!
1,View
2,Close
3,Class Central
4,Courses
5,Class Central
6,Rankings
7,Collections
8,Subjects
9,View all
10,Computer Science
11,Health & Medicine
12,Mathematics
13,Business
14,Humanities
15,Engineering
16,Science
17,Education & Teaching
18,Social Sciences
19,Art & Design
20,Data Science
21,Programming
22,Personal Development
23,Information Security (InfoSec)
24,View all Subjects
25,Universities
26,The Report
27,Courses from
28,1000+ universities
29,Rankings
30,Best Courses
31,Best of All Time
32,Best of the Year 2022
33,Best of the Year 2021
34,Most Popular Courses
35,Most Popular of All Time
36,Most Popular of the Year 2022
37,Most Popular of the Year 2021
38,Collections
39,Monthly Course Reports
40,Starting this Month
41,New Online Courses
42,Most Popular
43,Computer Science
44,Artificial Intelligence
45,Algorithms and Data Structures
46,Internet of Things
47,Information Technology
48,Computer Networking
49,Machine Learning
50,DevOps
51,Deep Learning
52,Cryptography
53,Quantum Computing
54,Human-Computer Interaction (HCI)
55,Distributed Systems
56,Blockchain Development
57,Operating Systems
58,Computer Graphics
59,View all Computer Science
60,Health & Medicine
61,Nutrition & Wellness
62,Disease & Disorders
63,Public Health
64,Health Care
65,Nursing
66,Anatomy
67,Veterinary Science
68,Continuing Medical Education (CME)
69,View all Health & Medicine
70,Mathematics
71,Statistics & Probability
72,Foundations of Mathematics
73,Calculus
74,Discrete Mathematics
75,Trigonometry
76,Geometry
77,Algebra
78,Precalculus
79,Number Theory
80,Combinatorics
81,Mathematical logic
82,Linear Programming
83,View all Mathematics
84,Business
85,Management & Leadership
86,Finance
87,Entrepreneurship
88,Marketing
89,Strategic Management
90,Industry Specific
91,Business Intelligence
92,Accounting
93,Human Resources
94,Project Management
95,Sales
96,Design Thinking
97,Business Software
98,Risk Management
99,Corporate Social Responsibility
100,Customer Service
101,Nonprofit Management
102,Innovation
103,Operations Management
104,View all Business
105,Humanities
106,History
107,Literature
108,Language Learning
109,Grammar & Writing
110,Philosophy
111,Religion
112,ESL
113,Culture
114,Sports
115,Journalism
116,Ethics
117,Linguistics
118,Food
119,Library Science
120,Reading
121,Crisis Management
122,View all Humanities
123,Engineering
124,Electrical Engineering
125,Mechanical Engineering
126,Civil Engineering
127,Robotics
128,Nanotechnology
129,GIS
130,Textiles
131,Manufacturing
132,BIM
133,CAD
134,Chemical Engineering
135,Energy Systems
136,Aerospace Engineering
137,View all Engineering
138,Science
139,Chemistry
140,Physics
141,Environmental Science
142,Astronomy
143,Biology
144,Agriculture
145,Materials Science
146,Earth Science
147,Applied Science
148,Forensic Science
149,View all Science
150,Education & Teaching
151,K12
152,Higher Education
153,STEM
154,Teacher Professional Development
155,Course Development
156,Online Education
157,Test Prep
158,Pedagogy
159,View all Education & Teaching
160,Social Sciences
161,Sociology
162,Economics
163,Psychology
164,Anthropology
165,Political Science
166,Law
167,Urban Planning
168,Human Rights
169,Sustainability
170,Governance
171,Archaeology
172,Social Work
173,View all Social Sciences
174,Art & Design
175,Music
176,Digital Media
177,Visual Arts
178,Design & Creativity
179,View all Art & Design
180,Data Science
181,Bioinformatics
182,Big Data
183,Data Mining
184,Data Analysis
185,Data Visualization
186,Jupyter Notebooks
187,View all Data Science
188,Programming
189,Mobile Development
190,Web Development
191,Databases
192,Game Development
193,Programming Languages
194,Software Development
195,Cloud Computing
196,View all Programming
197,Personal Development
198,Communication Skills
199,Career Development
200,Self Improvement
201,Presentation Skills
202,Resilience
203,View all Personal Development
204,Information Security (InfoSec)
205,Cybersecurity
206,Network Security
207,Ethical Hacking
208,Digital Forensics
209,Reverse Engineering
210,Penetration Testing
211,Malware Analysis
212,DevSecOps
213,OSINT (Open Source Intelligence)
214,Threat Intelligence
215,Information Security Certifications
216,Red Team
217,Blue Team
218,View all Information Security (InfoSec)
219,The Report
220,2022 Year in Review: The “New Normal” that Wasn’t
221,"The pandemic ushered in a “new normal” in online learning, but it culminated in layoffs and stock drops."
222,Dhawal Shah
223,"Jan 02, 2023"
224,Latest
225,"Review of Goldman Sachs 10,000 Women Courses"
226,10 Best Japanese Courses to Take in 2023
227,7 Best Erlang Courses to Take in 2023
228,Harvard CS50 Guide: How to Pick the Right Course (with Free Certificate)
229,10 Best CSS Animation Courses to Take in 2023
230,Visit
231,The Report
232,"DDoS Attack on Class Central: Mitigation, SEO Impact, and Costs"
233,Trending
234,Most common
235,English
236,computer science
237,harvard
238,Popular subjects
239,Digital Skills
240,209 courses
241,Programming
242,"24,443 courses"
243,Information Technology (IT) Certifications
244,504 courses
245,Popular courses
246,The Science of Happiness
247,"University of California, Berkeley"
248,Introduction to Financial Accounting
249,University of Pennsylvania
250,Cryptography I
251,Stanford University
252,Organize and share your learning with Class Central Lists.
253,View our
254,Lists Showcase
255,Sign up
256,Log in
257,or
258,Sign up
259,Log in
260,Sign up
261,The Best Free Online Courses of All Time
262,The highest rated online courses and MOOCs of all time from top universities around the world. Based on thousands of reviews written by Class Central users.
263,Follow
264,32.2k
265,Share
266,250 courses
267,Showing
268,250 courses
269,Filter
270,Sort by Relevancy
271,Relevancy
272,Highest rated
273,Lowest rated
274,Most recently added
275,Filter by
276,Clear All
277,Filters
278,With certificate
279,(230)
280,Free course
281,(250)
282,With free certificate
283,(4)
284,University course only
285,(233)
286,Level
287,Beginner
288,(129)
289,Intermediate
290,(30)
291,Advanced
292,(8)
293,Duration
294,1-5 hours
295,(8)
296,5-10 hours
297,(17)
298,10+ hours
299,(204)
300,Subject
301,Humanities
302,(40)
303,Business
304,(36)
305,Science
306,(35)
307,Health & Medicine
308,(23)
309,Social Sciences
310,(22)
311,Computer Science
312,(21)
313,Personal Development
314,(19)
315,Mathematics
316,(12)
317,Engineering
318,(11)
319,Art & Design
320,(11)
321,Programming
322,(11)
323,Education & Teaching
324,(8)
325,Data Science
326,(8)
327,Information Security (InfoSec)
328,(5)
329,Language
330,English
331,(221)
332,Chinese
333,(1)
334,Dutch
335,(1)
336,Italian
337,(6)
338,Spanish
339,(21)
340,Show 250 courses
341,Clear Filters
342,Medical Parasitology | 医学寄生虫学
343,188 reviews
344,"Small bugs serious diseases, with knowledge they are seized."
345,Add to list
346,Quick View
347,edX
348,"1-2 hours a week, 12 weeks long"
349,Self paced
350,Free Online Course (Audit)
351,Best of All Time
352,Understanding Medical Research: Your Facebook Friend is Wrong
353,364 reviews
354,How can you tell if the bold headlines seen on social media are truly touting the next big thing or if the article isn't worth the paper it's printed on?
355,Add to list
356,Quick View
357,Coursera
358,"17 hours worth of material, 7 weeks long"
359,"27th Feb, 2023"
360,Free Online Course (Audit)
361,Best of All Time
362,An Introduction to Interactive Programming in Python (Part 1)
363,3344 reviews
364,"In this course, get introduced the basic elements of programming (such as expressions, conditionals, and functions) and then use these elements to create simple interactive applications such as a digital stopwatch."
365,Add to list
366,Quick View
367,Coursera
368,"19 hours worth of material, 5 weeks long"
369,"27th Feb, 2023"
370,Free Online Course (Audit)
371,Best of All Time
372,Mountains 101
373,597 reviews
374,"Mountains 101­­ is a broad and integrated overview of the mountain world. This 12-lesson course covers an interdisciplinary field of study focusing on the physical, biological, and human dimensions of mountain places in Alberta, Canada, and around the wo…"
375,Add to list
376,Quick View
377,Coursera
378,"18 hours worth of material, 12 weeks long"
379,"27th Feb, 2023"
380,Free Online Course (Audit)
381,Best of All Time
382,Georgetown University
383,Quantum Mechanics for Everyone
384,113 reviews
385,Learn the fundamental notions of quantum mechanics at a level that is accessible to everyone. This course is listed as one of the best online courses of all time by Class Central and was a finalist for the 2018 edX Prize for Exceptional Contributions to…
386,Add to list
387,Quick View
388,edX
389,"7-10 hours a week, 6 weeks long"
390,Self paced
391,Free Online Course (Audit)
392,Best of All Time
393,Understanding Dementia
394,12213 reviews
395,"This is a course about dementia looking at a broad range of topics including, basic brain anatomy, pathology, dementia research, risk factors, symptoms, diagnosis, medical management, living with dementia, progression and staging, palliation, behaviours…"
396,Add to list
397,Quick View
398,Independent
399,"3 hours a week, 7 weeks long"
400,"7th Feb, 2023"
401,Free Certificate
402,Best of All Time
403,Modern & Contemporary American Poetry (“ModPo”)
404,190 reviews
405,"During the 10 weeks of the course, you will be guided through poems, video discussions of each poem, and community discussions of each poem. And (unique among open online courses) we offer weekly, interactive live webcasts."
406,Add to list
407,Quick View
408,Coursera
409,"93 hours worth of material, 10 weeks long"
410,Self paced
411,Free Online Course (Audit)
412,Best of All Time
413,Deep Teaching Solutions
414,Learning How to Learn: Powerful mental tools to help you master tough subjects
415,22974 reviews
416,"This course gives you easy access to the invaluable learning techniques used by experts in art, music, literature, math, science, sports, and many other disciplines. We’ll learn about the how the brain uses two very different learning modes and how it en…"
417,Add to list
418,Quick View
419,Coursera
420,"15 hours worth of material, 4 weeks long"
421,"6th Feb, 2023"
422,Free Online Course (Audit)
423,Best of All Time
424,Monash University
425,Maintaining a Mindful Life
426,212 reviews
427,"Learn how to apply mindfulness techniques, so you can improve your communication, relationships and emotional health."
428,Add to list
429,Quick View
430,FutureLearn
431,"3 hours a week, 4 weeks long"
432,Self paced
433,Free Online Course (Audit)
434,Best of All Time
435,Understanding Multiple Sclerosis (MS)
436,943 reviews
437,This course aims to improve understanding and awareness of Multiple Sclerosis (MS). Members of the public will increase their knowledge of MS-related issues and those in the MS Community will be empowered to create and contribute to personalised MS manag…
438,Add to list
439,Quick View
440,Independent
441,"2 hours a week, 6 weeks long"
442,"13th Mar, 2023"
443,Free Online Course
444,Best of All Time
445,Deep Teaching Solutions
446,Uncommon Sense Teaching
447,390 reviews
448,You’ll discover why you should help students use two different neural routes to help them be both flexible and fast in their learning.
449,Add to list
450,Quick View
451,Coursera
452,"16 hours worth of material, 4 weeks long"
453,"27th Feb, 2023"
454,Free Online Course (Audit)
455,Best of All Time
456,University System of Maryland
457,;
458,University of Maryland
459,Marketing Innovative Products and Services
460,62 reviews
461,Learn essential marketing concepts and practical commercialization strategies to bring your new venture to market
462,Add to list
463,Quick View
464,edX
465,"2-3 hours a week, 4 weeks long"
466,Self paced
467,Free Online Course (Audit)
468,Best of All Time
469,Learn Like a Pro: Science-Based Tools to Become Better at Anything
470,207 reviews
471,"Do you spend too much time learning, with disappointing results? Do you put off studying because it’s boring and you’re easily distracted? This course is for you! In Learn Like a Pro , beloved teacher of learning Dr. Barbara Oakley, and learning coach ex…"
472,Add to list
473,Quick View
474,edX
475,"1-2 hours a week, 2 weeks long"
476,Self paced
477,Free Online Course (Audit)
478,Best of All Time
479,Monash University
480,Mindfulness for Wellbeing and Peak Performance
481,211 reviews
482,Learn mindfulness techniques to reduce stress and improve your wellbeing and work/study performance in this online course.
483,Add to list
484,Quick View
485,FutureLearn
486,"3 hours a week, 6 weeks long"
487,Self paced
488,Free Online Course (Audit)
489,Best of All Time
490,Introduction to Biology - The Secret of Life
491,129 reviews
492,"Explore the secret of life through the basics of biochemistry, genetics, molecular biology, recombinant DNA, genomics and rational medicine."
493,Add to list
494,Quick View
495,edX
496,"5-10 hours a week, 16 weeks long"
497,"28th Feb, 2023"
498,Free Online Course (Audit)
499,Best of All Time
500,Load more
501,Load the next 15 courses of 235
502,Home
503,Browse by subject
504,Computer Science
505,Psychology
506,Cybersecurity
507,Health
508,Law
509,Accounting
510,Web Development
511,Browse by provider
512,Coursera
513,edX
514,FutureLearn
515,Udacity
516,Swayam
517,Udemy
518,LinkedIn Learning
519,Browse by university
520,Harvard
521,Stanford
522,Georgia Tech
523,University of Michigan
524,Purdue University
525,Duke University
526,IIT Madras
527,Browse by institution
528,Google
529,Microsoft
530,IBM
531,Amazon
532,Linux Foundation
533,British Council
534,Salesforce
535,Rankings
536,Best Online Courses of All Time
537,Best Online Courses of the Year
538,Most Popular Courses of All Time
539,Most Popular Courses of the Year
540,250 Top FREE Coursera Courses of All Time
541,100 Top FREE edX Courses of All Time
542,250 Top Udemy Courses of All Time
543,The Report
544,by Class Central
545,RSS Feed
546,"The ""New Normal"" that Wasn't"
547,DDoS Attack on Class Central
548,500+ Online Degrees in India
549,Harvard's CS50 Free Certificate Guide
550,How Open University Works
551,Free Certificates & Courses
552,700+ Free Google Certificates
553,Free LinkedIn Learning Certificates
554,1600+ Free Coursera Courses
555,Ivy League Online Courses
556,175+ Free Writing Online Courses
557,About Class Central
558,"Class Central aggregates courses from many providers to help you find the best courses on almost any subject, wherever they exist."
559,Facebook
560,Twitter
561,LinkedIn
562,YouTube
563,Class Central © 2011-2023
564,Privacy Policy
565,About Us
566,Join Us
567,Help Center
568,Contact Us
569,Share
570,Facebook
571,Twitter
572,Email
573,Copy link
574,Never Stop Learning.
575,"Get personalized course recommendations, track subjects and courses with reminders, and more."
576,Sign up for free
