,link scrapped text
0,700+ Free Certificates from Google!
1,View
2,Close
3,Class Central
4,Courses
5,Class Central
6,Rankings
7,Collections
8,Subjects
9,View all
10,Computer Science
11,Health & Medicine
12,Mathematics
13,Business
14,Humanities
15,Engineering
16,Science
17,Education & Teaching
18,Social Sciences
19,Art & Design
20,Data Science
21,Programming
22,Personal Development
23,Information Security (InfoSec)
24,View all Subjects
25,Universities
26,The Report
27,Courses from
28,1000+ universities
29,Rankings
30,Best Courses
31,Best of All Time
32,Best of the Year 2022
33,Best of the Year 2021
34,Most Popular Courses
35,Most Popular of All Time
36,Most Popular of the Year 2022
37,Most Popular of the Year 2021
38,Collections
39,Monthly Course Reports
40,Starting this Month
41,New Online Courses
42,Most Popular
43,Computer Science
44,Artificial Intelligence
45,Algorithms and Data Structures
46,Internet of Things
47,Information Technology
48,Computer Networking
49,Machine Learning
50,DevOps
51,Deep Learning
52,Cryptography
53,Quantum Computing
54,Human-Computer Interaction (HCI)
55,Distributed Systems
56,Blockchain Development
57,Operating Systems
58,Computer Graphics
59,View all Computer Science
60,Health & Medicine
61,Nutrition & Wellness
62,Disease & Disorders
63,Public Health
64,Health Care
65,Nursing
66,Anatomy
67,Veterinary Science
68,Continuing Medical Education (CME)
69,View all Health & Medicine
70,Mathematics
71,Statistics & Probability
72,Foundations of Mathematics
73,Calculus
74,Discrete Mathematics
75,Trigonometry
76,Geometry
77,Algebra
78,Precalculus
79,Number Theory
80,Combinatorics
81,Mathematical logic
82,Linear Programming
83,View all Mathematics
84,Business
85,Management & Leadership
86,Finance
87,Entrepreneurship
88,Marketing
89,Strategic Management
90,Industry Specific
91,Business Intelligence
92,Accounting
93,Human Resources
94,Project Management
95,Sales
96,Design Thinking
97,Business Software
98,Risk Management
99,Corporate Social Responsibility
100,Customer Service
101,Nonprofit Management
102,Innovation
103,Operations Management
104,View all Business
105,Humanities
106,History
107,Literature
108,Language Learning
109,Grammar & Writing
110,Philosophy
111,Religion
112,ESL
113,Culture
114,Sports
115,Journalism
116,Ethics
117,Linguistics
118,Food
119,Library Science
120,Reading
121,Crisis Management
122,View all Humanities
123,Engineering
124,Electrical Engineering
125,Mechanical Engineering
126,Civil Engineering
127,Robotics
128,Nanotechnology
129,GIS
130,Textiles
131,Manufacturing
132,BIM
133,CAD
134,Chemical Engineering
135,Energy Systems
136,Aerospace Engineering
137,View all Engineering
138,Science
139,Chemistry
140,Physics
141,Environmental Science
142,Astronomy
143,Biology
144,Agriculture
145,Materials Science
146,Earth Science
147,Applied Science
148,Forensic Science
149,View all Science
150,Education & Teaching
151,K12
152,Higher Education
153,STEM
154,Teacher Professional Development
155,Course Development
156,Online Education
157,Test Prep
158,Pedagogy
159,View all Education & Teaching
160,Social Sciences
161,Sociology
162,Economics
163,Psychology
164,Anthropology
165,Political Science
166,Law
167,Urban Planning
168,Human Rights
169,Sustainability
170,Governance
171,Archaeology
172,Social Work
173,View all Social Sciences
174,Art & Design
175,Music
176,Digital Media
177,Visual Arts
178,Design & Creativity
179,View all Art & Design
180,Data Science
181,Bioinformatics
182,Big Data
183,Data Mining
184,Data Analysis
185,Data Visualization
186,Jupyter Notebooks
187,View all Data Science
188,Programming
189,Mobile Development
190,Web Development
191,Databases
192,Game Development
193,Programming Languages
194,Software Development
195,Cloud Computing
196,View all Programming
197,Personal Development
198,Communication Skills
199,Career Development
200,Self Improvement
201,Presentation Skills
202,Resilience
203,View all Personal Development
204,Information Security (InfoSec)
205,Cybersecurity
206,Network Security
207,Ethical Hacking
208,Digital Forensics
209,Reverse Engineering
210,Penetration Testing
211,Malware Analysis
212,DevSecOps
213,OSINT (Open Source Intelligence)
214,Threat Intelligence
215,Information Security Certifications
216,Red Team
217,Blue Team
218,View all Information Security (InfoSec)
219,The Report
220,2022 Year in Review: The “New Normal” that Wasn’t
221,"The pandemic ushered in a “new normal” in online learning, but it culminated in layoffs and stock drops."
222,Dhawal Shah
223,"Jan 02, 2023"
224,Latest
225,"Review of Goldman Sachs 10,000 Women Courses"
226,10 Best Japanese Courses to Take in 2023
227,7 Best Erlang Courses to Take in 2023
228,Harvard CS50 Guide: How to Pick the Right Course (with Free Certificate)
229,10 Best CSS Animation Courses to Take in 2023
230,Visit
231,The Report
232,"DDoS Attack on Class Central: Mitigation, SEO Impact, and Costs"
233,Trending
234,Most common
235,java
236,computer science
237,machine learning
238,Popular subjects
239,Digital Skills
240,209 courses
241,Programming
242,"24,443 courses"
243,Information Technology (IT) Certifications
244,504 courses
245,Popular courses
246,The Science of Happiness
247,"University of California, Berkeley"
248,Introduction to Financial Accounting
249,University of Pennsylvania
250,Cryptography I
251,Stanford University
252,Organize and share your learning with Class Central Lists.
253,View our
254,Lists Showcase
255,Sign up
256,Log in
257,or
258,Sign up
259,Log in
260,Sign up
261,Subjects
262,Computer Science
263,Blockchain Development
264,Free Online
265,Blockchain Development Courses
266,"Learn Blockchain Development, earn certificates with free online courses from Stanford, MIT, UC Irvine, UC Berkeley and other top universities around the world. Read reviews to decide if a class is right for you."
267,Follow
268,97.2k
269,Share
270,268 courses
271,Related Subjects
272,Ethereum Courses
273,Web3 Courses
274,Hyperledger Courses
275,NFT Courses
276,Showing
277,268 courses
278,Filter
279,Sort by Relevancy
280,Relevancy
281,Highest rated
282,Lowest rated
283,Most recently added
284,Filter by
285,Clear All
286,Filters
287,With certificate
288,(210)
289,Free course
290,(111)
291,With free certificate
292,(2)
293,University course only
294,(59)
295,Level
296,Beginner
297,(124)
298,Intermediate
299,(45)
300,Advanced
301,(2)
302,Duration
303,1-5 hours
304,(98)
305,5-10 hours
306,(26)
307,10+ hours
308,(96)
309,Language
310,English
311,(234)
312,French
313,(3)
314,German
315,(2)
316,Japanese
317,(3)
318,Portuguese
319,(3)
320,Russian
321,(3)
322,Spanish
323,(17)
324,Turkish
325,(3)
326,Show 268 courses
327,Clear Filters
328,Beyond Cryptocurrency: Blockchain for the Real World
329,Syllabus: Introduction.  Internet payments.  Is this a job for blockchain?.  What blockchain really gives us.  Multiple tokens on a blockchain.  Blockchain forks.  Mining is scary for digital asset issuers.  Must protect asset issuers from forks.  Stella…
330,Add to list
331,YouTube
332,Less than 1 hour of material
333,On-Demand
334,Free Online Course
335,Stanford Seminar - Practical Blockchain Applications - Steven Pu
336,"Syllabus: Introduction.  The upstart & speaker.  What to expect from today's talk.  What is blockchain.  Some key implications on applications.  No veracity guarantees in the real world.  Example: track responsibility, not truth.  Example: hide the key.…"
337,Add to list
338,YouTube
339,1-2 hours worth of material
340,On-Demand
341,Free Online Course
342,Cryptocurrency Engineering and Design (Spring 2018)
343,5 reviews
344,"This course looks at the design of Bitcoin and other cryptocurrencies and how they function in practice, focusing on cryptography, game theory, and network architecture."
345,Add to list
346,Quick View
347,MIT OpenCourseWare
348,25 hours worth of material
349,On-Demand
350,Free Online Course
351,The Blockchain System
352,27 ratings at Coursera
353,"Learn how the blockchain authenticates transactions and distributes data to peers — nodes connected to the network. This course shows you how multiple versions of a blockchain are reconciled into one, discusses blockchain limitations, and delves into org…"
354,Add to list
355,Quick View
356,Coursera
357,"12 hours worth of material, 4 weeks long"
358,"20th Feb, 2023"
359,Free Online Course (Audit)
360,The Merkle Tree and Cryptocurrencies
361,23 ratings at Coursera
362,"Apply what you have learned about cryptography and hashing in previous blockchain to the Merkle Tree, which underlies the process of adding new blocks — representing new transactions — to the blockchain. This course also introduces the concepts of proof…"
363,Add to list
364,Quick View
365,Coursera
366,"8-9 hours worth of material, 4 weeks long"
367,"20th Feb, 2023"
368,Free Online Course (Audit)
369,Blockchain Business Models
370,334 ratings at Coursera
371,Blockchain is an emerging and highly disruptive technology that is poorly understood. In this course you will learn what blockchain is and how it can create value by tokenization in cryptocurrencies and in many other practical applications. The applicati…
372,Add to list
373,Quick View
374,Coursera
375,"12 hours worth of material, 4 weeks long"
376,"13th Feb, 2023"
377,Free Online Course (Audit)
378,"MIT MAS.S62 Cryptocurrency Engineering and Design, Spring 2018"
379,"Bitcoin and other cryptographic currencies have gained attention over the years as the systems continue to evolve. This course looks at the design of Bitcoin and other cryptocurrencies and how they function in practice, focusing on cryptography, game the…"
380,Add to list
381,YouTube
382,25 hours worth of material
383,On-Demand
384,Free Online Course
385,Use C++ to build a crypto trading platform I: user input
386,"This course is the first of five courses aiming to help you to become confident working in the object-oriented paradigm in the C++ language. 

This specialisation is for individuals who want to learn about objected oriented programming. It's an all-in-on…"
387,Add to list
388,Quick View
389,Coursera
390,"11 hours worth of material, 2 weeks long"
391,"13th Feb, 2023"
392,Free Online Course (Audit)
393,Use C++ to build a crypto trading platform II: data
394,"This course is the second of five courses aiming to help you to become confident working in the object-oriented paradigm in the C++ language. 

This specialisation is for individuals who want to learn about objected oriented programming. It's an all-in-o…"
395,Add to list
396,Quick View
397,Coursera
398,"11 hours worth of material, 2 weeks long"
399,"13th Feb, 2023"
400,Free Online Course (Audit)
401,Use C++ to build a crypto trading platform III: functions
402,"This course is the third of five courses aiming to help you to become confident working in the object-oriented paradigm in the C++ language. 

This specialisation is for individuals who want to learn about objected oriented programming. It's an all-in-on…"
403,Add to list
404,Quick View
405,Coursera
406,"9-10 hours worth of material, 2 weeks long"
407,"13th Feb, 2023"
408,Free Online Course (Audit)
409,Use C++ to build a crypto trading platform V: final system
410,"This course is the fifth of five courses aiming to help you to become confident working in the object-oriented paradigm in the C++ language. 

This specialisation is for individuals who want to learn about objected oriented programming. It's an all-in-on…"
411,Add to list
412,Quick View
413,Coursera
414,"7-8 hours worth of material, 2 weeks long"
415,"20th Feb, 2023"
416,Free Online Course (Audit)
417,Use C++ to build a crypto trading platform IV: objects
418,"This course is the fourth of five courses aiming to help you to become confident working in the object-oriented paradigm in the C++ language. 

This specialisation is for individuals who want to learn about objected oriented programming. It's an all-in-o…"
419,Add to list
420,Quick View
421,Coursera
422,"12 hours worth of material, 2 weeks long"
423,"20th Feb, 2023"
424,Free Online Course (Audit)
425,The University of Sydney
426,Blockchain Scalability and its Foundations in Distributed Systems
427,73 ratings at Coursera
428,"Blockchain promises to disrupt industries once it will be efficient at large scale. In this course, you will learn how to make blockchain scale.  You will learn about the foundational problem of distributed computing, consensus, that is key to create blo…"
429,Add to list
430,Quick View
431,Coursera
432,"11 hours worth of material, 5 weeks long"
433,"20th Feb, 2023"
434,Free Online Course (Audit)
435,ConsenSys Academy
436,Blockchain: Foundations and Use Cases
437,808 ratings at Coursera
438,"This course is the definitive introduction to blockchain for both the developer and non-developer audience. Beyond the technology, this course will introduce you to some of the philosophy behind decentralization and why there is so much excitement around…"
439,Add to list
440,Quick View
441,Coursera
442,"9-10 hours worth of material, 5 weeks long"
443,"13th Feb, 2023"
444,Free Online Course (Audit)
445,Blockchain 360: A State of the Art for Professionals
446,323 ratings at Coursera
447,"If you are an information systems manager and want to know a Blockchain state of the art, this course is for you. Business is currently dealing intensively with digitization. Blockchain has a major impact on the design and implementation of digital busin…"
448,Add to list
449,Quick View
450,Coursera
451,"3-4 hours worth of material, 1 week long"
452,"16th Feb, 2023"
453,Free Online Course (Audit)
454,Load more
455,Load the next 15 courses of 253
456,Home
457,Browse by subject
458,Computer Science
459,Psychology
460,Cybersecurity
461,Health
462,Law
463,Accounting
464,Web Development
465,Browse by provider
466,Coursera
467,edX
468,FutureLearn
469,Udacity
470,Swayam
471,Udemy
472,LinkedIn Learning
473,Browse by university
474,Harvard
475,Stanford
476,Georgia Tech
477,University of Michigan
478,Purdue University
479,Duke University
480,IIT Madras
481,Browse by institution
482,Google
483,Microsoft
484,IBM
485,Amazon
486,Linux Foundation
487,British Council
488,Salesforce
489,Rankings
490,Best Online Courses of All Time
491,Best Online Courses of the Year
492,Most Popular Courses of All Time
493,Most Popular Courses of the Year
494,250 Top FREE Coursera Courses of All Time
495,100 Top FREE edX Courses of All Time
496,250 Top Udemy Courses of All Time
497,The Report
498,by Class Central
499,RSS Feed
500,"The ""New Normal"" that Wasn't"
501,DDoS Attack on Class Central
502,500+ Online Degrees in India
503,Harvard's CS50 Free Certificate Guide
504,How Open University Works
505,Free Certificates & Courses
506,700+ Free Google Certificates
507,Free LinkedIn Learning Certificates
508,1600+ Free Coursera Courses
509,Ivy League Online Courses
510,175+ Free Writing Online Courses
511,About Class Central
512,"Class Central aggregates courses from many providers to help you find the best courses on almost any subject, wherever they exist."
513,Facebook
514,Twitter
515,LinkedIn
516,YouTube
517,Class Central © 2011-2023
518,Privacy Policy
519,About Us
520,Join Us
521,Help Center
522,Contact Us
523,Share
524,Facebook
525,Twitter
526,Email
527,Copy link
528,Never Stop Learning.
529,"Get personalized course recommendations, track subjects and courses with reminders, and more."
530,Sign up for free
