,link scrapped text
0,700+ Free Certificates from Google!
1,View
2,Close
3,Class Central
4,Courses
5,Class Central
6,Rankings
7,Collections
8,Subjects
9,View all
10,Computer Science
11,Health & Medicine
12,Mathematics
13,Business
14,Humanities
15,Engineering
16,Science
17,Education & Teaching
18,Social Sciences
19,Art & Design
20,Data Science
21,Programming
22,Personal Development
23,Information Security (InfoSec)
24,View all Subjects
25,Universities
26,The Report
27,Courses from
28,1000+ universities
29,Rankings
30,Best Courses
31,Best of All Time
32,Best of the Year 2022
33,Best of the Year 2021
34,Most Popular Courses
35,Most Popular of All Time
36,Most Popular of the Year 2022
37,Most Popular of the Year 2021
38,Collections
39,Monthly Course Reports
40,Starting this Month
41,New Online Courses
42,Most Popular
43,Computer Science
44,Artificial Intelligence
45,Algorithms and Data Structures
46,Internet of Things
47,Information Technology
48,Computer Networking
49,Machine Learning
50,DevOps
51,Deep Learning
52,Cryptography
53,Quantum Computing
54,Human-Computer Interaction (HCI)
55,Distributed Systems
56,Blockchain Development
57,Operating Systems
58,Computer Graphics
59,View all Computer Science
60,Health & Medicine
61,Nutrition & Wellness
62,Disease & Disorders
63,Public Health
64,Health Care
65,Nursing
66,Anatomy
67,Veterinary Science
68,Continuing Medical Education (CME)
69,View all Health & Medicine
70,Mathematics
71,Statistics & Probability
72,Foundations of Mathematics
73,Calculus
74,Discrete Mathematics
75,Trigonometry
76,Geometry
77,Algebra
78,Precalculus
79,Number Theory
80,Combinatorics
81,Mathematical logic
82,Linear Programming
83,View all Mathematics
84,Business
85,Management & Leadership
86,Finance
87,Entrepreneurship
88,Marketing
89,Strategic Management
90,Industry Specific
91,Business Intelligence
92,Accounting
93,Human Resources
94,Project Management
95,Sales
96,Design Thinking
97,Business Software
98,Risk Management
99,Corporate Social Responsibility
100,Customer Service
101,Nonprofit Management
102,Innovation
103,Operations Management
104,View all Business
105,Humanities
106,History
107,Literature
108,Language Learning
109,Grammar & Writing
110,Philosophy
111,Religion
112,ESL
113,Culture
114,Sports
115,Journalism
116,Ethics
117,Linguistics
118,Food
119,Library Science
120,Reading
121,Crisis Management
122,View all Humanities
123,Engineering
124,Electrical Engineering
125,Mechanical Engineering
126,Civil Engineering
127,Robotics
128,Nanotechnology
129,GIS
130,Textiles
131,Manufacturing
132,BIM
133,CAD
134,Chemical Engineering
135,Energy Systems
136,Aerospace Engineering
137,View all Engineering
138,Science
139,Chemistry
140,Physics
141,Environmental Science
142,Astronomy
143,Biology
144,Agriculture
145,Materials Science
146,Earth Science
147,Applied Science
148,Forensic Science
149,View all Science
150,Education & Teaching
151,K12
152,Higher Education
153,STEM
154,Teacher Professional Development
155,Course Development
156,Online Education
157,Test Prep
158,Pedagogy
159,View all Education & Teaching
160,Social Sciences
161,Sociology
162,Economics
163,Psychology
164,Anthropology
165,Political Science
166,Law
167,Urban Planning
168,Human Rights
169,Sustainability
170,Governance
171,Archaeology
172,Social Work
173,View all Social Sciences
174,Art & Design
175,Music
176,Digital Media
177,Visual Arts
178,Design & Creativity
179,View all Art & Design
180,Data Science
181,Bioinformatics
182,Big Data
183,Data Mining
184,Data Analysis
185,Data Visualization
186,Jupyter Notebooks
187,View all Data Science
188,Programming
189,Mobile Development
190,Web Development
191,Databases
192,Game Development
193,Programming Languages
194,Software Development
195,Cloud Computing
196,View all Programming
197,Personal Development
198,Communication Skills
199,Career Development
200,Self Improvement
201,Presentation Skills
202,Resilience
203,View all Personal Development
204,Information Security (InfoSec)
205,Cybersecurity
206,Network Security
207,Ethical Hacking
208,Digital Forensics
209,Reverse Engineering
210,Penetration Testing
211,Malware Analysis
212,DevSecOps
213,OSINT (Open Source Intelligence)
214,Threat Intelligence
215,Information Security Certifications
216,Red Team
217,Blue Team
218,View all Information Security (InfoSec)
219,The Report
220,2022 Year in Review: The “New Normal” that Wasn’t
221,"The pandemic ushered in a “new normal” in online learning, but it culminated in layoffs and stock drops."
222,Dhawal Shah
223,"Jan 02, 2023"
224,Latest
225,"Review of Goldman Sachs 10,000 Women Courses"
226,10 Best Japanese Courses to Take in 2023
227,7 Best Erlang Courses to Take in 2023
228,Harvard CS50 Guide: How to Pick the Right Course (with Free Certificate)
229,10 Best CSS Animation Courses to Take in 2023
230,Visit
231,The Report
232,"DDoS Attack on Class Central: Mitigation, SEO Impact, and Costs"
233,Trending
234,Most common
235,excel
236,law
237,project management
238,Popular subjects
239,Digital Skills
240,209 courses
241,Programming
242,"24,443 courses"
243,Information Technology (IT) Certifications
244,504 courses
245,Popular courses
246,The Science of Happiness
247,"University of California, Berkeley"
248,Introduction to Financial Accounting
249,University of Pennsylvania
250,Cryptography I
251,Stanford University
252,Organize and share your learning with Class Central Lists.
253,View our
254,Lists Showcase
255,Sign up
256,Log in
257,or
258,Sign up
259,Log in
260,Sign up
261,Subjects
262,Business
263,Free Online
264,Business Courses
265,"Learn Business, earn certificates with free online courses from Harvard, Stanford, MIT, University of Pennsylvania and other top universities around the world. Read reviews to decide if a class is right for you."
266,Follow
267,487.6k
268,Share
269,"19,438 courses"
270,Related Subjects
271,SQL Courses
272,Project Management Courses
273,Entrepreneurship Courses
274,Business Analysis Courses
275,Strategic Management Courses
276,Product Management Courses
277,Leadership Courses
278,Communication Skills Courses
279,Showing
280,"19,438 courses"
281,Filter
282,Sort by Relevancy
283,Relevancy
284,Highest rated
285,Lowest rated
286,Most recently added
287,Filter by
288,Clear All
289,Filters
290,With certificate
291,(14303)
292,Free course
293,(7649)
294,With free certificate
295,(285)
296,University course only
297,(3874)
298,Level
299,Beginner
300,(9647)
301,Intermediate
302,(2080)
303,Advanced
304,(359)
305,Duration
306,1-5 hours
307,(8545)
308,5-10 hours
309,(2011)
310,10+ hours
311,(5352)
312,Language
313,English
314,(16013)
315,Arabic
316,(413)
317,Bengali
318,(18)
319,Chinese
320,(40)
321,Czech
322,(1)
323,Estonian
324,(1)
325,French
326,(336)
327,German
328,(132)
329,Hebrew
330,(1)
331,Hindi
332,(142)
333,Indonesian
334,(18)
335,Italian
336,(41)
337,Japanese
338,(125)
339,Korean
340,(9)
341,Malayalam
342,(3)
343,Marathi
344,(4)
345,Polish
346,(12)
347,Portuguese
348,(366)
349,Romanian
350,(1)
351,Russian
352,(251)
353,Spanish
354,(1265)
355,Swedish
356,(2)
357,Tamil
358,(2)
359,Telugu
360,(3)
361,Thai
362,(47)
363,Turkish
364,(166)
365,Ukrainian
366,(1)
367,Ukranian
368,(7)
369,Urdu
370,(13)
371,Vietnamese
372,(5)
373,See all
374,"Show 10,000 courses"
375,Clear Filters
376,The Digital Marketing Revolution
377,265 reviews
378,"This course examines this issue by asking how the Digital Revolution has impacted marketing in an analog world. The learning approach will be highly interactive, meaning that you will have both the opportunity to engage in a variety of hands-on activitie…"
379,Add to list
380,Quick View
381,Coursera
382,"27 hours worth of material, 4 weeks long"
383,"20th Feb, 2023"
384,Free Online Course (Audit)
385,Marketing in a Digital World
386,456 reviews
387,"This course examines how digital tools, such as the Internet, smartphones, and 3D printing, are revolutionizing the world of marketing by shifting the balance of power from firms to consumers."
388,Add to list
389,Quick View
390,Coursera
391,"29 hours worth of material, 4 weeks long"
392,"15th Feb, 2023"
393,Free Online Course (Audit)
394,Best of All Time
395,FinTech Foundations and Overview
396,162 reviews
397,Our primary goal is to help you to understand FinTech and to become more confident and persuasive in your ability to analyze and make recommendations to executives within the finance industry regarding how to react to these changes.
398,Add to list
399,Quick View
400,Coursera
401,"15 hours worth of material, 4 weeks long"
402,"13th Feb, 2023"
403,Free Online Course (Audit)
404,Best of All Time
405,Preparing to Manage Human Resources
406,140 reviews
407,"Leave this course with a new-found understanding of the range of options available for managing employees, a grasp of what makes workers tick, and the readiness to develop your own HRM skills."
408,Add to list
409,Quick View
410,Coursera
411,"18 hours worth of material, 4 weeks long"
412,"13th Feb, 2023"
413,Free Online Course (Audit)
414,Best of All Time
415,Protecting Business Innovations via Patent
416,159 reviews
417,"This course assumes no prior knowledge in law, business or engineering. However, students with backgrounds in all three areas will find useful concepts or ideas in the course on how to protect business innovations using patents."
418,Add to list
419,Quick View
420,Coursera
421,"10 hours worth of material, 5 weeks long"
422,"27th Feb, 2023"
423,Free Online Course (Audit)
424,Best of All Time
425,University System of Maryland
426,;
427,University of Maryland
428,Product Management Fundamentals
429,209 reviews
430,Understand the keys to successfully navigating the roles and responsibilities of being a product manager to champion change with internal and external collaborators and influencers
431,Add to list
432,Quick View
433,edX
434,"2-3 hours a week, 4 weeks long"
435,Self paced
436,Free Online Course (Audit)
437,Best of All Time
438,University System of Maryland
439,;
440,University of Maryland
441,Managing Conflicts on Projects with Cultural and Emotional Intelligence
442,155 reviews
443,Great program managers understand and heal bad communication habits and conflicts that arise within project teams and stakeholders. Learn how by leveraging emotional and cultural intelligence using the Coordinated Management of Meaning (CMM).
444,Add to list
445,Quick View
446,edX
447,"3-5 hours a week, 5 weeks long"
448,Self paced
449,Free Online Course (Audit)
450,Best of All Time
451,University System of Maryland
452,;
453,University of Maryland
454,Agile Leadership Principles and Practices
455,464 reviews
456,"Accelerate and improve team decisions by learning Agile’s facilitating leadership principles to unleash team productivity, motivation, and problem solving."
457,Add to list
458,Quick View
459,edX
460,"2-3 hours a week, 4 weeks long"
461,Self paced
462,Free Online Course (Audit)
463,University System of Maryland
464,;
465,University of Maryland
466,Agile Innovation and Problem Solving Skills
467,238 reviews
468,Learn how to deliver greater value through Agile solution targeting and theory of constraints that unleash your team's innovative potential.
469,Add to list
470,Quick View
471,edX
472,"2-3 hours a week, 4 weeks long"
473,Self paced
474,Free Online Course (Audit)
475,University System of Maryland
476,;
477,University of Maryland
478,Applied Scrum for Agile Project Management
479,890 reviews
480,"Learn the project management processes, roles, mechanics, and philosophies behind Scrum, the simplest and most pure approach to managing work at the team level."
481,Add to list
482,Quick View
483,edX
484,"2-3 hours a week, 4 weeks long"
485,Self paced
486,Free Online Course (Audit)
487,Best of All Time
488,University System of Maryland
489,;
490,University of Maryland
491,"Agile Process, Project, and Program Controls"
492,221 reviews
493,"Learn Agile controls that get work done with confidence by using true transparency (actuals not estimates) and continuous improvement to ensure your people, process, and products deliver valuable, working solutions."
494,Add to list
495,Quick View
496,edX
497,"2-3 hours a week, 4 weeks long"
498,Self paced
499,Free Online Course (Audit)
500,University System of Maryland
501,;
502,University of Maryland
503,Sprint Planning for Faster Agile Team Delivery
504,250 reviews
505,"Drive speed into any project with prioritized backlogs, limiting work-in-process, and engaging the entire agile team in effective sprint planning."
506,Add to list
507,Quick View
508,edX
509,"2-3 hours a week, 4 weeks long"
510,Self paced
511,Free Online Course (Audit)
512,Marketing Digital: Content & Community Manager
513,250 reviews
514,"Aprende a crear estrategias de marketing de contenidos y domina Facebook, Instagram, YouTube, Twitter y más. Mide KPIs y obten resultados."
515,Add to list
516,Quick View
517,edX
518,"3-4 hours a week, 5 weeks long"
519,Self paced
520,Free Online Course (Audit)
521,Best of All Time
522,Sustainable Tourism: Society & Environmental Aspects
523,165 reviews
524,"Wageningen University and Research invites you to this integral introduction of the exciting and complex phenomenon that is tourism. Ranked top 10 best online courses by Class Central, join us to gain an understanding of the scope next to the social and…"
525,Add to list
526,Quick View
527,edX
528,"5-7 hours a week, 6 weeks long"
529,Self paced
530,Free Online Course (Audit)
531,Best of All Time
532,TU Munich
533,Six Sigma: Define and Measure
534,1387 reviews
535,"An introduction to the Six Sigma methodology and the DMAIC cycle for process improvement with a focus on the Define and Measure phases, including basic statistics for understanding sampling plans and calculating process capability."
536,Add to list
537,Quick View
538,edX
539,"3-4 hours a week, 8 weeks long"
540,"1st May, 2022"
541,Free Online Course (Audit)
542,Best of All Time
543,Load more
544,Load the next 15 courses of 9985
545,Home
546,Browse by subject
547,Computer Science
548,Psychology
549,Cybersecurity
550,Health
551,Law
552,Accounting
553,Web Development
554,Browse by provider
555,Coursera
556,edX
557,FutureLearn
558,Udacity
559,Swayam
560,Udemy
561,LinkedIn Learning
562,Browse by university
563,Harvard
564,Stanford
565,Georgia Tech
566,University of Michigan
567,Purdue University
568,Duke University
569,IIT Madras
570,Browse by institution
571,Google
572,Microsoft
573,IBM
574,Amazon
575,Linux Foundation
576,British Council
577,Salesforce
578,Rankings
579,Best Online Courses of All Time
580,Best Online Courses of the Year
581,Most Popular Courses of All Time
582,Most Popular Courses of the Year
583,250 Top FREE Coursera Courses of All Time
584,100 Top FREE edX Courses of All Time
585,250 Top Udemy Courses of All Time
586,The Report
587,by Class Central
588,RSS Feed
589,"The ""New Normal"" that Wasn't"
590,DDoS Attack on Class Central
591,500+ Online Degrees in India
592,Harvard's CS50 Free Certificate Guide
593,How Open University Works
594,Free Certificates & Courses
595,700+ Free Google Certificates
596,Free LinkedIn Learning Certificates
597,1600+ Free Coursera Courses
598,Ivy League Online Courses
599,175+ Free Writing Online Courses
600,About Class Central
601,"Class Central aggregates courses from many providers to help you find the best courses on almost any subject, wherever they exist."
602,Facebook
603,Twitter
604,LinkedIn
605,YouTube
606,Class Central © 2011-2023
607,Privacy Policy
608,About Us
609,Join Us
610,Help Center
611,Contact Us
612,Share
613,Facebook
614,Twitter
615,Email
616,Copy link
617,Never Stop Learning.
618,"Get personalized course recommendations, track subjects and courses with reminders, and more."
619,Sign up for free
