,link scrapped text
0,700+ Free Certificates from Google!
1,View
2,Close
3,Class Central
4,Courses
5,Class Central
6,Rankings
7,Collections
8,Subjects
9,View all
10,Computer Science
11,Health & Medicine
12,Mathematics
13,Business
14,Humanities
15,Engineering
16,Science
17,Education & Teaching
18,Social Sciences
19,Art & Design
20,Data Science
21,Programming
22,Personal Development
23,Information Security (InfoSec)
24,View all Subjects
25,Universities
26,The Report
27,Courses from
28,1000+ universities
29,Rankings
30,Best Courses
31,Best of All Time
32,Best of the Year 2022
33,Best of the Year 2021
34,Most Popular Courses
35,Most Popular of All Time
36,Most Popular of the Year 2022
37,Most Popular of the Year 2021
38,Collections
39,Monthly Course Reports
40,Starting this Month
41,New Online Courses
42,Most Popular
43,Computer Science
44,Artificial Intelligence
45,Algorithms and Data Structures
46,Internet of Things
47,Information Technology
48,Computer Networking
49,Machine Learning
50,DevOps
51,Deep Learning
52,Cryptography
53,Quantum Computing
54,Human-Computer Interaction (HCI)
55,Distributed Systems
56,Blockchain Development
57,Operating Systems
58,Computer Graphics
59,View all Computer Science
60,Health & Medicine
61,Nutrition & Wellness
62,Disease & Disorders
63,Public Health
64,Health Care
65,Nursing
66,Anatomy
67,Veterinary Science
68,Continuing Medical Education (CME)
69,View all Health & Medicine
70,Mathematics
71,Statistics & Probability
72,Foundations of Mathematics
73,Calculus
74,Discrete Mathematics
75,Trigonometry
76,Geometry
77,Algebra
78,Precalculus
79,Number Theory
80,Combinatorics
81,Mathematical logic
82,Linear Programming
83,View all Mathematics
84,Business
85,Management & Leadership
86,Finance
87,Entrepreneurship
88,Marketing
89,Strategic Management
90,Industry Specific
91,Business Intelligence
92,Accounting
93,Human Resources
94,Project Management
95,Sales
96,Design Thinking
97,Business Software
98,Risk Management
99,Corporate Social Responsibility
100,Customer Service
101,Nonprofit Management
102,Innovation
103,Operations Management
104,View all Business
105,Humanities
106,History
107,Literature
108,Language Learning
109,Grammar & Writing
110,Philosophy
111,Religion
112,ESL
113,Culture
114,Sports
115,Journalism
116,Ethics
117,Linguistics
118,Food
119,Library Science
120,Reading
121,Crisis Management
122,View all Humanities
123,Engineering
124,Electrical Engineering
125,Mechanical Engineering
126,Civil Engineering
127,Robotics
128,Nanotechnology
129,GIS
130,Textiles
131,Manufacturing
132,BIM
133,CAD
134,Chemical Engineering
135,Energy Systems
136,Aerospace Engineering
137,View all Engineering
138,Science
139,Chemistry
140,Physics
141,Environmental Science
142,Astronomy
143,Biology
144,Agriculture
145,Materials Science
146,Earth Science
147,Applied Science
148,Forensic Science
149,View all Science
150,Education & Teaching
151,K12
152,Higher Education
153,STEM
154,Teacher Professional Development
155,Course Development
156,Online Education
157,Test Prep
158,Pedagogy
159,View all Education & Teaching
160,Social Sciences
161,Sociology
162,Economics
163,Psychology
164,Anthropology
165,Political Science
166,Law
167,Urban Planning
168,Human Rights
169,Sustainability
170,Governance
171,Archaeology
172,Social Work
173,View all Social Sciences
174,Art & Design
175,Music
176,Digital Media
177,Visual Arts
178,Design & Creativity
179,View all Art & Design
180,Data Science
181,Bioinformatics
182,Big Data
183,Data Mining
184,Data Analysis
185,Data Visualization
186,Jupyter Notebooks
187,View all Data Science
188,Programming
189,Mobile Development
190,Web Development
191,Databases
192,Game Development
193,Programming Languages
194,Software Development
195,Cloud Computing
196,View all Programming
197,Personal Development
198,Communication Skills
199,Career Development
200,Self Improvement
201,Presentation Skills
202,Resilience
203,View all Personal Development
204,Information Security (InfoSec)
205,Cybersecurity
206,Network Security
207,Ethical Hacking
208,Digital Forensics
209,Reverse Engineering
210,Penetration Testing
211,Malware Analysis
212,DevSecOps
213,OSINT (Open Source Intelligence)
214,Threat Intelligence
215,Information Security Certifications
216,Red Team
217,Blue Team
218,View all Information Security (InfoSec)
219,The Report
220,2022 Year in Review: The “New Normal” that Wasn’t
221,"The pandemic ushered in a “new normal” in online learning, but it culminated in layoffs and stock drops."
222,Dhawal Shah
223,"Jan 02, 2023"
224,Latest
225,"Review of Goldman Sachs 10,000 Women Courses"
226,10 Best Japanese Courses to Take in 2023
227,7 Best Erlang Courses to Take in 2023
228,Harvard CS50 Guide: How to Pick the Right Course (with Free Certificate)
229,10 Best CSS Animation Courses to Take in 2023
230,Visit
231,The Report
232,"DDoS Attack on Class Central: Mitigation, SEO Impact, and Costs"
233,Trending
234,Most common
235,psychology
236,computer science
237,harvard
238,Popular subjects
239,Digital Skills
240,209 courses
241,Programming
242,"24,443 courses"
243,Information Technology (IT) Certifications
244,504 courses
245,Popular courses
246,The Science of Happiness
247,"University of California, Berkeley"
248,Introduction to Financial Accounting
249,University of Pennsylvania
250,Cryptography I
251,Stanford University
252,Organize and share your learning with Class Central Lists.
253,View our
254,Lists Showcase
255,Sign up
256,Log in
257,or
258,Sign up
259,Log in
260,Sign up
261,Subjects
262,Mathematics
263,Calculus
264,Free Online
265,Calculus Courses
266,"Learn Calculus, earn certificates with free online courses from Harvard, MIT, University of Pennsylvania, Johns Hopkins and other top universities around the world. Read reviews to decide if a class is right for you."
267,Follow
268,90.0k
269,Share
270,395 courses
271,Related Subjects
272,Statistics & Probability Courses
273,Linear Algebra Courses
274,Discrete Mathematics Courses
275,Computer Science Courses
276,Trading Courses
277,Investment Courses
278,Machine Learning Courses
279,Showing
280,395 courses
281,Filter
282,Sort by Relevancy
283,Relevancy
284,Highest rated
285,Lowest rated
286,Most recently added
287,Filter by
288,Clear All
289,Filters
290,With certificate
291,(117)
292,Free course
293,(347)
294,With free certificate
295,(2)
296,University course only
297,(131)
298,Level
299,Beginner
300,(57)
301,Intermediate
302,(27)
303,Advanced
304,(6)
305,Duration
306,1-5 hours
307,(112)
308,5-10 hours
309,(55)
310,10+ hours
311,(152)
312,Language
313,English
314,(340)
315,Amharic
316,(2)
317,Arabic
318,(4)
319,Chinese
320,(2)
321,French
322,(3)
323,German
324,(2)
325,Hindi
326,(17)
327,Russian
328,(6)
329,Spanish
330,(15)
331,Thai
332,(1)
333,Turkish
334,(3)
335,See all
336,Show 395 courses
337,Clear Filters
338,Vector Calculus for Engineers
339,228 reviews
340,"This course is about vector calculus, and covers material that all engineers should know."
341,Add to list
342,Quick View
343,Coursera
344,"29 hours worth of material, 5 weeks long"
345,"13th Feb, 2023"
346,Free Online Course (Audit)
347,Santa Fe Institute
348,Introduction to Dynamical Systems and Chaos
349,122 reviews
350,"In this course you'll gain an introduction to the modern study of dynamical systems, the interdisciplinary field of applied mathematics that studies systems that change over time."
351,Add to list
352,Quick View
353,Complexity Explorer
354,"3-6 hours a week, 10 weeks long"
355,On-Demand
356,Free Online Course
357,Best of All Time
358,Santa Fe Institute
359,Nonlinear Dynamics: Mathematical and Computational Approaches
360,64 reviews
361,"This course provides a broad introduction to the field of nonlinear dynamics, focusing both on the mathematics and the computational tools that are so important in the study of chaotic systems.  The course is aimed at students who have had at least one s…"
362,Add to list
363,Complexity Explorer
364,10 weeks long
365,"10th Jan, 2022"
366,Free Online Course
367,Calculus: Single Variable Part 1 - Functions
368,8 reviews
369,"Calculus is one of the grandest achievements of human thought, explaining everything from planetary orbits to the optimal size of a city to the periodicity of a heartbeat. This brisk course covers the core ideas of single-variable Calculus with emphases…"
370,Add to list
371,Quick View
372,Coursera
373,"14 hours worth of material, 4 weeks long"
374,"20th Feb, 2023"
375,Free Online Course (Audit)
376,Calculus 1C: Coordinate Systems & Infinite Series
377,3 reviews
378,Master the calculus of curves and coordinate systems—approximate functions with polynomials and infinite series. Part 3 of 3.
379,Add to list
380,Quick View
381,edX
382,"6-10 hours a week, 13 weeks long"
383,"15th Feb, 2023"
384,Free Online Course (Audit)
385,Calculus: Single Variable Part 2 - Differentiation
386,5 reviews
387,"Calculus is one of the grandest achievements of human thought, explaining everything from planetary orbits to the optimal size of a city to the periodicity of a heartbeat. This brisk course covers the core ideas of single-variable Calculus with emphases…"
388,Add to list
389,Quick View
390,Coursera
391,"10 hours worth of material, 3 weeks long"
392,"20th Feb, 2023"
393,Free Online Course (Audit)
394,Calculus: Single Variable Part 3 - Integration
395,458 ratings at Coursera
396,"Calculus is one of the grandest achievements of human thought, explaining everything from planetary orbits to the optimal size of a city to the periodicity of a heartbeat. This brisk course covers the core ideas of single-variable Calculus with emphases…"
397,Add to list
398,Quick View
399,Coursera
400,"17 hours worth of material, 4 weeks long"
401,"20th Feb, 2023"
402,Free Online Course (Audit)
403,Calculus: Single Variable Part 4 - Applications
404,247 ratings at Coursera
405,"Calculus is one of the grandest achievements of human thought, explaining everything from planetary orbits to the optimal size of a city to the periodicity of a heartbeat. This brisk course covers the core ideas of single-variable Calculus with emphases…"
406,Add to list
407,Quick View
408,Coursera
409,"21 hours worth of material, 5 weeks long"
410,"20th Feb, 2023"
411,Free Online Course (Audit)
412,Santa Fe Institute
413,Tutorials for Complex Systems
414,25 reviews
415,"This course covers several mathematical techniques that are frequently used in complex systems science.   The techniques are covered in independent units, taught by different instructors.  Each unit has its own prerequisites.  Note that this course is me…"
416,Add to list
417,Quick View
418,Complexity Explorer
419,4-8 hours a week
420,On-Demand
421,Free Online Course
422,Mathematics for Machine Learning: Multivariate Calculus
423,9 reviews
424,"This course offers a brief introduction to the multivariate calculus required to build many common machine learning techniques. We start at the very beginning with a refresher on the “rise over run” formulation of a slope, before converting this to the f…"
425,Add to list
426,Quick View
427,Coursera
428,"18 hours worth of material, 6 weeks long"
429,"13th Feb, 2023"
430,Free Online Course (Audit)
431,Calculus Applied!
432,2 reviews
433,"Apply tools of single-variable calculus to create and analyze mathematical models used by real practitioners in social, life, and physical sciences."
434,Add to list
435,Quick View
436,edX
437,"3-6 hours a week, 10 weeks long"
438,Self paced
439,Free Online Course (Audit)
440,Single Variable Calculus
441,295 ratings at Coursera
442,"Calculus is one of the grandest achievements of human thought, explaining everything from planetary orbits to the optimal size of a city to the periodicity of a heartbeat. This brisk course covers the core ideas of single-variable Calculus with emphases…"
443,Add to list
444,Quick View
445,Coursera
446,"14 hours worth of material, 5 weeks long"
447,"20th Feb, 2023"
448,Free Online Course (Audit)
449,Calculus through Data & Modeling: Differentiation Rules
450,31 ratings at Coursera
451,Calculus through Data & Modeling: Differentiation Rules continues the study of differentiable calculus by developing  new rules for finding derivatives without having to use the limit definition directly.  These differentiation rules will enable the calc…
452,Add to list
453,Quick View
454,Coursera
455,"7-8 hours worth of material, 7 weeks long"
456,"13th Feb, 2023"
457,Free Online Course (Audit)
458,Calculus through Data & Modeling: Limits & Derivatives
459,156 ratings at Coursera
460,"This first course on concepts of single variable calculus will introduce the notions of limits of a function to define the derivative of a function. In mathematics, the derivative measures the sensitivity to change of the function. For example, the deriv…"
461,Add to list
462,Quick View
463,Coursera
464,"9-10 hours worth of material, 6 weeks long"
465,"13th Feb, 2023"
466,Free Online Course (Audit)
467,Calculus through Data & Modelling: Integration Applications
468,"This course continues your study of calculus by focusing on the applications of integration. The applications in this section have many common features.  First, each is an example of a quantity that is computed by evaluating a definite integral.  Second,…"
469,Add to list
470,Quick View
471,Coursera
472,"5-6 hours worth of material, 4 weeks long"
473,"20th Feb, 2023"
474,Free Online Course (Audit)
475,Load more
476,Load the next 15 courses of 380
477,Home
478,Browse by subject
479,Computer Science
480,Psychology
481,Cybersecurity
482,Health
483,Law
484,Accounting
485,Web Development
486,Browse by provider
487,Coursera
488,edX
489,FutureLearn
490,Udacity
491,Swayam
492,Udemy
493,LinkedIn Learning
494,Browse by university
495,Harvard
496,Stanford
497,Georgia Tech
498,University of Michigan
499,Purdue University
500,Duke University
501,IIT Madras
502,Browse by institution
503,Google
504,Microsoft
505,IBM
506,Amazon
507,Linux Foundation
508,British Council
509,Salesforce
510,Rankings
511,Best Online Courses of All Time
512,Best Online Courses of the Year
513,Most Popular Courses of All Time
514,Most Popular Courses of the Year
515,250 Top FREE Coursera Courses of All Time
516,100 Top FREE edX Courses of All Time
517,250 Top Udemy Courses of All Time
518,The Report
519,by Class Central
520,RSS Feed
521,"The ""New Normal"" that Wasn't"
522,DDoS Attack on Class Central
523,500+ Online Degrees in India
524,Harvard's CS50 Free Certificate Guide
525,How Open University Works
526,Free Certificates & Courses
527,700+ Free Google Certificates
528,Free LinkedIn Learning Certificates
529,1600+ Free Coursera Courses
530,Ivy League Online Courses
531,175+ Free Writing Online Courses
532,About Class Central
533,"Class Central aggregates courses from many providers to help you find the best courses on almost any subject, wherever they exist."
534,Facebook
535,Twitter
536,LinkedIn
537,YouTube
538,Class Central © 2011-2023
539,Privacy Policy
540,About Us
541,Join Us
542,Help Center
543,Contact Us
544,Share
545,Facebook
546,Twitter
547,Email
548,Copy link
549,Never Stop Learning.
550,"Get personalized course recommendations, track subjects and courses with reminders, and more."
551,Sign up for free
