,link scrapped text
0,700+ Free Certificates from Google!
1,View
2,Close
3,Class Central
4,Courses
5,Class Central
6,Rankings
7,Collections
8,Subjects
9,View all
10,Computer Science
11,Health & Medicine
12,Mathematics
13,Business
14,Humanities
15,Engineering
16,Science
17,Education & Teaching
18,Social Sciences
19,Art & Design
20,Data Science
21,Programming
22,Personal Development
23,Information Security (InfoSec)
24,View all Subjects
25,Universities
26,The Report
27,Courses from
28,1000+ universities
29,Rankings
30,Best Courses
31,Best of All Time
32,Best of the Year 2022
33,Best of the Year 2021
34,Most Popular Courses
35,Most Popular of All Time
36,Most Popular of the Year 2022
37,Most Popular of the Year 2021
38,Collections
39,Monthly Course Reports
40,Starting this Month
41,New Online Courses
42,Most Popular
43,Computer Science
44,Artificial Intelligence
45,Algorithms and Data Structures
46,Internet of Things
47,Information Technology
48,Computer Networking
49,Machine Learning
50,DevOps
51,Deep Learning
52,Cryptography
53,Quantum Computing
54,Human-Computer Interaction (HCI)
55,Distributed Systems
56,Blockchain Development
57,Operating Systems
58,Computer Graphics
59,View all Computer Science
60,Health & Medicine
61,Nutrition & Wellness
62,Disease & Disorders
63,Public Health
64,Health Care
65,Nursing
66,Anatomy
67,Veterinary Science
68,Continuing Medical Education (CME)
69,View all Health & Medicine
70,Mathematics
71,Statistics & Probability
72,Foundations of Mathematics
73,Calculus
74,Discrete Mathematics
75,Trigonometry
76,Geometry
77,Algebra
78,Precalculus
79,Number Theory
80,Combinatorics
81,Mathematical logic
82,Linear Programming
83,View all Mathematics
84,Business
85,Management & Leadership
86,Finance
87,Entrepreneurship
88,Marketing
89,Strategic Management
90,Industry Specific
91,Business Intelligence
92,Accounting
93,Human Resources
94,Project Management
95,Sales
96,Design Thinking
97,Business Software
98,Risk Management
99,Corporate Social Responsibility
100,Customer Service
101,Nonprofit Management
102,Innovation
103,Operations Management
104,View all Business
105,Humanities
106,History
107,Literature
108,Language Learning
109,Grammar & Writing
110,Philosophy
111,Religion
112,ESL
113,Culture
114,Sports
115,Journalism
116,Ethics
117,Linguistics
118,Food
119,Library Science
120,Reading
121,Crisis Management
122,View all Humanities
123,Engineering
124,Electrical Engineering
125,Mechanical Engineering
126,Civil Engineering
127,Robotics
128,Nanotechnology
129,GIS
130,Textiles
131,Manufacturing
132,BIM
133,CAD
134,Chemical Engineering
135,Energy Systems
136,Aerospace Engineering
137,View all Engineering
138,Science
139,Chemistry
140,Physics
141,Environmental Science
142,Astronomy
143,Biology
144,Agriculture
145,Materials Science
146,Earth Science
147,Applied Science
148,Forensic Science
149,View all Science
150,Education & Teaching
151,K12
152,Higher Education
153,STEM
154,Teacher Professional Development
155,Course Development
156,Online Education
157,Test Prep
158,Pedagogy
159,View all Education & Teaching
160,Social Sciences
161,Sociology
162,Economics
163,Psychology
164,Anthropology
165,Political Science
166,Law
167,Urban Planning
168,Human Rights
169,Sustainability
170,Governance
171,Archaeology
172,Social Work
173,View all Social Sciences
174,Art & Design
175,Music
176,Digital Media
177,Visual Arts
178,Design & Creativity
179,View all Art & Design
180,Data Science
181,Bioinformatics
182,Big Data
183,Data Mining
184,Data Analysis
185,Data Visualization
186,Jupyter Notebooks
187,View all Data Science
188,Programming
189,Mobile Development
190,Web Development
191,Databases
192,Game Development
193,Programming Languages
194,Software Development
195,Cloud Computing
196,View all Programming
197,Personal Development
198,Communication Skills
199,Career Development
200,Self Improvement
201,Presentation Skills
202,Resilience
203,View all Personal Development
204,Information Security (InfoSec)
205,Cybersecurity
206,Network Security
207,Ethical Hacking
208,Digital Forensics
209,Reverse Engineering
210,Penetration Testing
211,Malware Analysis
212,DevSecOps
213,OSINT (Open Source Intelligence)
214,Threat Intelligence
215,Information Security Certifications
216,Red Team
217,Blue Team
218,View all Information Security (InfoSec)
219,The Report
220,2022 Year in Review: The “New Normal” that Wasn’t
221,"The pandemic ushered in a “new normal” in online learning, but it culminated in layoffs and stock drops."
222,Dhawal Shah
223,"Jan 02, 2023"
224,Latest
225,"Review of Goldman Sachs 10,000 Women Courses"
226,10 Best Japanese Courses to Take in 2023
227,7 Best Erlang Courses to Take in 2023
228,Harvard CS50 Guide: How to Pick the Right Course (with Free Certificate)
229,10 Best CSS Animation Courses to Take in 2023
230,Visit
231,The Report
232,"DDoS Attack on Class Central: Mitigation, SEO Impact, and Costs"
233,Trending
234,Most common
235,data science
236,sql
237,project management
238,Popular subjects
239,Digital Skills
240,209 courses
241,Programming
242,"24,443 courses"
243,Information Technology (IT) Certifications
244,504 courses
245,Popular courses
246,The Science of Happiness
247,"University of California, Berkeley"
248,Introduction to Financial Accounting
249,University of Pennsylvania
250,Cryptography I
251,Stanford University
252,Organize and share your learning with Class Central Lists.
253,View our
254,Lists Showcase
255,Sign up
256,Log in
257,or
258,Sign up
259,Log in
260,Sign up
261,Browse our popular curated
262,collections
263,Share
264,Free Courses
265,The Best Online Courses of All Time
266,The highest rated online courses and MOOCs of all time from top universities around the world. Based on thousands of reviews written by Class Central users.
267,View collection
268,250
269,courses
270,Ivy League Online Courses
271,"Ivy League Online Courses Free online courses from Brown, Columbia, Cornell, Dartmouth, Harvard, Penn, Princeton, and Yale."
272,View collection
273,1000
274,courses
275,1600+ Coursera Courses That Are Still Completely Free
276,Did you know Coursera has many courses that are still completely free? Class Central has the complete list.
277,View collection
278,1600+
279,courses
280,Class Central’s Best Online Courses of the Year (2022 Edition)
281,Class Central’s list of the highest-rated free online courses of the year
282,View collection
283,20
284,courses
285,800 Online Courses With Real College Credit That You Can Access For Free
286,Class Central recently made a list of all the courses we could find that are part of for-credit programs and are still free to access.
287,View collection
288,800
289,courses
290,The 100 Most Popular Free Online Courses (2023 Edition)
291,"By combining course enrollments data and Class Central data, we built a list of the most popular courses of the year."
292,View collection
293,100
294,courses
295,250 Top FREE Udemy Courses of All Time
296,"A list of Udemy’s 250 most popular free online courses. Combined, they’ve gathered over 38M enrollments."
297,View collection
298,250
299,courses
300,175+ Free Online Courses to Improve Your Writing Skills
301,There are a variety of free online courses (MOOCs) available for all types of writers and aspiring writers to improve their writing skills.
302,View collection
303,175+
304,courses
305,The 100 Most Popular Courses During the Pandemic
306,The coronavirus pandemic has increased interest in online education. These online courses saw the most enrollments during the pandemic.
307,View collection
308,100
309,courses
310,How to Make An “MBA” Using Free Online Courses from Top 10 Business Schools
311,"An MBA-equivalent education, with coursework from the Penn, MIT, Northwestern, UC Berkeley, Michigan, Columbia, and Dartmouth."
312,View collection
313,50+
314,courses
315,600 Free Computer Science Online Courses from the World’s Top CS Universities (2023)
316,We combined leading university rankings to find the best computer science courses available online.
317,View collection
318,600
319,courses
320,The 250 Most Popular Online Courses of All Time (2023 Edition)
321,The best way to choose a free Massive Open Online Course (MOOC) is to choose one that other people have taken and enjoyed.
322,View collection
323,250
324,courses
325,SWAYAM + NPTEL Courses Full List (2023)
326,"Here is an updated list of free online courses offered on SWAYAM, India’s national MOOC platform."
327,View collection
328,900+
329,courses
330,6000+ OpenCourseWare (OCW) Courses and Where to Find Them
331,Class Central curates a collection of open education resources from the top universities’ OpenCourseWare platforms.
332,View collection
333,6000+
334,courses
335,Free Certificates
336,Massive List of Thousands of Free Certificates and Badges
337,"Thousands of courses with free certificates and badges offered by MOOC platforms, universities, companies, and nonprofits worldwide."
338,View collection
339,1000+
340,courses
341,700+ Google Free Certificates and Badges (2023)
342,We explore Google courses and training programs and provide a list of courses with free certificates.
343,View collection
344,700+
345,courses
346,1000 Hours of Free LinkedIn Learning Courses with Free Certification
347,"For a limited time, LinkedIn Learning is offering more free courses. Here's a full list, including free certificates."
348,View collection
349,500+
350,courses
351,100+ FutureLearn Courses That Still Offer Free Certificates
352,Free certificates are few and far between. Here’s our list of free certificate courses on FutureLearn.
353,View collection
354,100+
355,courses
356,1000+ Free Digital Marketing Certificates and Badges
357,"They’re offered by Google, Facebook, LinkedIn Learning, Twitter and Semrush and cover SEO, SEM, Social Media Marketing, Content Marketing and more."
358,View collection
359,1000+
360,courses
361,Degrees
362,500+ UGC Approved Online Degrees from India’s Top Universities
363,"Since 2020, Indian Universities can offer online degrees. The offering keeps growing."
364,View collection
365,500+
366,degrees
367,70+ Legit Master’s Degrees You Can Now Earn Completely Online
368,"We run through what you’ll learn, how much they’ll cost, and other benefits you might expect"
369,View collection
370,70+
371,degrees
372,40 Online International Degrees in Mainland China
373,Global universities are partnering with Chinese organizations to launch online degrees recognized in China.
374,View collection
375,40
376,courses
377,Other
378,250 Top Udemy Courses of All Time (2023)
379,"A list of Udemy’s 250 most popular online courses. Combined, they’ve gathered over 55 million enrollments."
380,View collection
381,250
382,courses
383,100 Top Pluralsight Courses of All Time
384,We leveraged Pluralsight's ratings to put together a list of the 100 top courses offered on the platform.
385,View collection
386,100
387,courses
388,Massive List of MOOC-based Microcredentials
389,"Microcredentials are part of the higher education trend toward modularity and stackability. They involve combining small, individual learning units into broader, cohesive qualifications."
390,View collection
391,1500
392,courses
393,"Get a Visual Arts Education Online: Learn From Professionals Who’ve Worked at Disney, Pixar, Blizzard and More"
394,The path to becoming a professional visual artist is more accessible today than ever before. We’ve compiled a list of 30+ providers.
395,View collection
396,30+
397,providers
398,Sustainability Courses for Sustainable Development Goals (SDGs)
399,"SDG Academy helped us to identify more than 250 courses on sustainable development from global universities including Harvard, Oxford, Stanford, and MIT."
400,View collection
401,250+
402,courses
403,Home
404,Browse by subject
405,Computer Science
406,Psychology
407,Cybersecurity
408,Health
409,Law
410,Accounting
411,Web Development
412,Browse by provider
413,Coursera
414,edX
415,FutureLearn
416,Udacity
417,Swayam
418,Udemy
419,LinkedIn Learning
420,Browse by university
421,Harvard
422,Stanford
423,Georgia Tech
424,University of Michigan
425,Purdue University
426,Duke University
427,IIT Madras
428,Browse by institution
429,Google
430,Microsoft
431,IBM
432,Amazon
433,Linux Foundation
434,British Council
435,Salesforce
436,Rankings
437,Best Online Courses of All Time
438,Best Online Courses of the Year
439,Most Popular Courses of All Time
440,Most Popular Courses of the Year
441,250 Top FREE Coursera Courses of All Time
442,100 Top FREE edX Courses of All Time
443,250 Top Udemy Courses of All Time
444,The Report
445,by Class Central
446,RSS Feed
447,"The ""New Normal"" that Wasn't"
448,DDoS Attack on Class Central
449,500+ Online Degrees in India
450,Harvard's CS50 Free Certificate Guide
451,How Open University Works
452,Free Certificates & Courses
453,700+ Free Google Certificates
454,Free LinkedIn Learning Certificates
455,1600+ Free Coursera Courses
456,Ivy League Online Courses
457,175+ Free Writing Online Courses
458,About Class Central
459,"Class Central aggregates courses from many providers to help you find the best courses on almost any subject, wherever they exist."
460,Facebook
461,Twitter
462,LinkedIn
463,YouTube
464,Class Central © 2011-2023
465,Privacy Policy
466,About Us
467,Join Us
468,Help Center
469,Contact Us
470,Share
471,Facebook
472,Twitter
473,Email
474,Copy link
475,Never Stop Learning.
476,"Get personalized course recommendations, track subjects and courses with reminders, and more."
477,Sign up for free
