,link scrapped text
0,700+ Free Certificates from Google!
1,View
2,Close
3,Class Central
4,Courses
5,Class Central
6,Rankings
7,Collections
8,Subjects
9,View all
10,Computer Science
11,Health & Medicine
12,Mathematics
13,Business
14,Humanities
15,Engineering
16,Science
17,Education & Teaching
18,Social Sciences
19,Art & Design
20,Data Science
21,Programming
22,Personal Development
23,Information Security (InfoSec)
24,View all Subjects
25,Universities
26,The Report
27,Courses from
28,1000+ universities
29,Rankings
30,Best Courses
31,Best of All Time
32,Best of the Year 2022
33,Best of the Year 2021
34,Most Popular Courses
35,Most Popular of All Time
36,Most Popular of the Year 2022
37,Most Popular of the Year 2021
38,Collections
39,Monthly Course Reports
40,Starting this Month
41,New Online Courses
42,Most Popular
43,Computer Science
44,Artificial Intelligence
45,Algorithms and Data Structures
46,Internet of Things
47,Information Technology
48,Computer Networking
49,Machine Learning
50,DevOps
51,Deep Learning
52,Cryptography
53,Quantum Computing
54,Human-Computer Interaction (HCI)
55,Distributed Systems
56,Blockchain Development
57,Operating Systems
58,Computer Graphics
59,View all Computer Science
60,Health & Medicine
61,Nutrition & Wellness
62,Disease & Disorders
63,Public Health
64,Health Care
65,Nursing
66,Anatomy
67,Veterinary Science
68,Continuing Medical Education (CME)
69,View all Health & Medicine
70,Mathematics
71,Statistics & Probability
72,Foundations of Mathematics
73,Calculus
74,Discrete Mathematics
75,Trigonometry
76,Geometry
77,Algebra
78,Precalculus
79,Number Theory
80,Combinatorics
81,Mathematical logic
82,Linear Programming
83,View all Mathematics
84,Business
85,Management & Leadership
86,Finance
87,Entrepreneurship
88,Marketing
89,Strategic Management
90,Industry Specific
91,Business Intelligence
92,Accounting
93,Human Resources
94,Project Management
95,Sales
96,Design Thinking
97,Business Software
98,Risk Management
99,Corporate Social Responsibility
100,Customer Service
101,Nonprofit Management
102,Innovation
103,Operations Management
104,View all Business
105,Humanities
106,History
107,Literature
108,Language Learning
109,Grammar & Writing
110,Philosophy
111,Religion
112,ESL
113,Culture
114,Sports
115,Journalism
116,Ethics
117,Linguistics
118,Food
119,Library Science
120,Reading
121,Crisis Management
122,View all Humanities
123,Engineering
124,Electrical Engineering
125,Mechanical Engineering
126,Civil Engineering
127,Robotics
128,Nanotechnology
129,GIS
130,Textiles
131,Manufacturing
132,BIM
133,CAD
134,Chemical Engineering
135,Energy Systems
136,Aerospace Engineering
137,View all Engineering
138,Science
139,Chemistry
140,Physics
141,Environmental Science
142,Astronomy
143,Biology
144,Agriculture
145,Materials Science
146,Earth Science
147,Applied Science
148,Forensic Science
149,View all Science
150,Education & Teaching
151,K12
152,Higher Education
153,STEM
154,Teacher Professional Development
155,Course Development
156,Online Education
157,Test Prep
158,Pedagogy
159,View all Education & Teaching
160,Social Sciences
161,Sociology
162,Economics
163,Psychology
164,Anthropology
165,Political Science
166,Law
167,Urban Planning
168,Human Rights
169,Sustainability
170,Governance
171,Archaeology
172,Social Work
173,View all Social Sciences
174,Art & Design
175,Music
176,Digital Media
177,Visual Arts
178,Design & Creativity
179,View all Art & Design
180,Data Science
181,Bioinformatics
182,Big Data
183,Data Mining
184,Data Analysis
185,Data Visualization
186,Jupyter Notebooks
187,View all Data Science
188,Programming
189,Mobile Development
190,Web Development
191,Databases
192,Game Development
193,Programming Languages
194,Software Development
195,Cloud Computing
196,View all Programming
197,Personal Development
198,Communication Skills
199,Career Development
200,Self Improvement
201,Presentation Skills
202,Resilience
203,View all Personal Development
204,Information Security (InfoSec)
205,Cybersecurity
206,Network Security
207,Ethical Hacking
208,Digital Forensics
209,Reverse Engineering
210,Penetration Testing
211,Malware Analysis
212,DevSecOps
213,OSINT (Open Source Intelligence)
214,Threat Intelligence
215,Information Security Certifications
216,Red Team
217,Blue Team
218,View all Information Security (InfoSec)
219,The Report
220,2022 Year in Review: The “New Normal” that Wasn’t
221,"The pandemic ushered in a “new normal” in online learning, but it culminated in layoffs and stock drops."
222,Dhawal Shah
223,"Jan 02, 2023"
224,Latest
225,"Review of Goldman Sachs 10,000 Women Courses"
226,10 Best Japanese Courses to Take in 2023
227,7 Best Erlang Courses to Take in 2023
228,Harvard CS50 Guide: How to Pick the Right Course (with Free Certificate)
229,10 Best CSS Animation Courses to Take in 2023
230,Visit
231,The Report
232,"DDoS Attack on Class Central: Mitigation, SEO Impact, and Costs"
233,Trending
234,Most common
235,excel
236,machine learning
237,French
238,Popular subjects
239,Digital Skills
240,209 courses
241,Programming
242,"24,443 courses"
243,Information Technology (IT) Certifications
244,504 courses
245,Popular courses
246,The Science of Happiness
247,"University of California, Berkeley"
248,Introduction to Financial Accounting
249,University of Pennsylvania
250,Cryptography I
251,Stanford University
252,Organize and share your learning with Class Central Lists.
253,View our
254,Lists Showcase
255,Sign up
256,Log in
257,or
258,Sign up
259,Log in
260,Sign up
261,Subjects
262,Mathematics
263,Combinatorics
264,Free Online
265,Combinatorics Courses
266,"Learn Combinatorics, earn certificates with free online courses from MIT, Princeton, IIT Madras, Higher School of Economics and other top universities around the world. Read reviews to decide if a class is right for you."
267,Follow
268,185
269,Share
270,14 courses
271,Showing
272,14 courses
273,Filter
274,Sort by Relevancy
275,Relevancy
276,Highest rated
277,Lowest rated
278,Most recently added
279,Filter by
280,Clear All
281,Filters
282,With certificate
283,(7)
284,Free course
285,(14)
286,University course only
287,(11)
288,Level
289,Intermediate
290,(3)
291,Beginner
292,(1)
293,Duration
294,1-5 hours
295,(1)
296,5-10 hours
297,(0)
298,10+ hours
299,(7)
300,Language
301,English
302,(12)
303,Russian
304,(1)
305,Spanish
306,(1)
307,Show 14 courses
308,Clear Filters
309,Graph Theory and Additive Combinatorics (Fall 2019)
310,"This course examines classical and modern developments in graph theory and additive combinatorics, with a focus on topics and themes that connect the two subjects."
311,Add to list
312,Quick View
313,MIT OpenCourseWare
314,34 hours worth of material
315,On-Demand
316,Free Online Course
317,Combinatorics and Probability
318,806 ratings at Coursera
319,"Counting is one of the basic mathematically related tasks we encounter on a day to day basis. The main question here is the following. If we need to count something, can we do anything better than just counting all objects one by one? Do we need to creat…"
320,Add to list
321,Quick View
322,Coursera
323,"24 hours worth of material, 6 weeks long"
324,"13th Feb, 2023"
325,Free Online Course (Audit)
326,Analytic Combinatorics
327,56 ratings at Coursera
328,"Analytic Combinatorics teaches a calculus that enables precise quantitative predictions of large combinatorial structures. This course introduces the symbolic method to derive functional relations among ordinary, exponential, and multivariate generating…"
329,Add to list
330,Quick View
331,Coursera
332,"17 hours worth of material, 8 weeks long"
333,"27th Feb, 2023"
334,Free Online Course (Audit)
335,Professor Knudson
336,Combinatorics
337,Syllabus: Combinatorics:  Ordered Sequences. Combinatorics: Permutations. Combinatorics: Multinomial Coefficients. Combinatorics: When Order Doesn't Matter. Combinatorial Probability. Combinatorial Probabiity: Should I be happy I got a pair in poker?.
338,Add to list
339,YouTube
340,Less than 1 hour of material
341,On-Demand
342,Free Online Course
343,Kimberly Brehm
344,Discrete Math II/Combinatorics
345,Syllabus: Combinatorics 1.1 The Rules of Sum and Product. Combinatorics 1.2 Permutations. Combinatorics 1.3 Combinations - The Binomial Theorem. Combinatorics 1.4 Combinations with Repetition. Combinatorics 4.1 The Well Ordering Principle - Mathematical…
346,Add to list
347,YouTube
348,12 hours worth of material
349,On-Demand
350,Free Online Course
351,University of Padova
352,Combinatorics: Strategies and Methods for Counting
353,1 rating at FutureLearn
354,Explore the wonderful world of combinatorics with this course exploring simple and efficient ways to count.
355,Add to list
356,Quick View
357,FutureLearn
358,"6 hours a week, 4 weeks long"
359,Self paced
360,Free Online Course (Audit)
361,NPTEL
362,;
363,Institute of Mathematical Sciences
364,Algebraic Combinatorics
365,"About the Course:The objective of this course is to introduce the student to some powerful paradigms in modern combinatorics, namely M&ouml;bius inversion on partially ordered sets, combinatorial classes and combinatorial species, and the Lindstr&ouml;m-…"
366,Add to list
367,Quick View
368,Swayam
369,12 weeks long
370,"22nd Jan, 2023"
371,Free Online Course
372,Combinatorics Math Olympiads
373,"Syllabus: #1-Combinatorics-PRMO,RMO,Olympiad Lecturs By Mohit Tyagi. #2-Combinatorics-PRMO,RMO,Olympiad Lecturs By Mohit Tyagi. #3-Combinatorics-PRMO,RMO,Olympiad Lecturs By Mohit Tyagi. #4-Combinatorics-PRMO,RMO,Olympiad Lecturs By Mohit Tyagi. #5-Combi…"
374,Add to list
375,YouTube
376,2-3 hours worth of material
377,On-Demand
378,Free Online Course
379,"Analytic Combinatorics, Part I"
380,This course teaches a calculus that enables precise quantitative predictions of large combinatorial structures. Part I covers generating functions and real asymptotics and then introduces the symbolic method in the context of applications in the analysis…
381,Add to list
382,Coursera
383,"8th Feb, 2013"
384,Free Online Course (Audit)
385,"Analytic Combinatorics, Part II"
386,"This course teaches a calculus that enables precise quantitative predictions of large combinatorial structures. Part II introduces the symbolic method to derive functional relations among ordinary, exponential, and multivariate generating functions, and…"
387,Add to list
388,Coursera
389,"29th Mar, 2013"
390,Free Online Course (Audit)
391,Introduction to Enumerative Combinatorics
392,2 reviews
393,"Enumerative combinatorics deals with finite sets and their cardinalities. In other words, a typical problem of enumerative combinatorics is to find the number of ways a certain pattern can be formed. 

In the first part of our course we will be dealing w…"
394,Add to list
395,Quick View
396,Coursera
397,"111 hours worth of material, 8 weeks long"
398,"7th Mar, 2022"
399,Free Online Course (Audit)
400,IIT Madras
401,;
402,NPTEL
403,Combinatorics
404,"We start with the finite and infinite avatars ofthe Pigeonhole Principle, Basic counting tools and the twelvefold way followed bycompositionsand partitions ofintegers and Stirlingnumbers.We then look atInclusion exclusion and Mobius inversion followed b…"
405,Add to list
406,Quick View
407,Swayam
408,12 weeks long
409,"24th Jul, 2022"
410,Free Online Course
411,Современная комбинаторика (Modern combinatorics)
412,"Комбинаторика - это наука, которая, с одной стороны, богата исключительно красивыми постановками задач, зачастую доступными школьнику, а с другой стороны, это очень глубокая современная область знаний, без овладения инструментами которой невозможно серье…"
413,Add to list
414,Quick View
415,Coursera
416,"32 hours worth of material, 8 weeks long"
417,"21st Mar, 2022"
418,Free Online Course (Audit)
419,Universidad Católica de Murcia
420,Introducción a la Teoría Combinatoria
421,"Introducimos la teoría combinatoria: variaciones, permutaciones, combinaciones, números binomiales…, aprendiendo los contenidos básicos de conteo que podemos aplicar en áreas donde se requiere contar con elementos de conjuntos finitos, como Matemática Di…"
422,Add to list
423,Quick View
424,Miríadax
425,6 weeks long
426,"3rd Nov, 2014"
427,Free Online Course
428,Home
429,Browse by subject
430,Computer Science
431,Psychology
432,Cybersecurity
433,Health
434,Law
435,Accounting
436,Web Development
437,Browse by provider
438,Coursera
439,edX
440,FutureLearn
441,Udacity
442,Swayam
443,Udemy
444,LinkedIn Learning
445,Browse by university
446,Harvard
447,Stanford
448,Georgia Tech
449,University of Michigan
450,Purdue University
451,Duke University
452,IIT Madras
453,Browse by institution
454,Google
455,Microsoft
456,IBM
457,Amazon
458,Linux Foundation
459,British Council
460,Salesforce
461,Rankings
462,Best Online Courses of All Time
463,Best Online Courses of the Year
464,Most Popular Courses of All Time
465,Most Popular Courses of the Year
466,250 Top FREE Coursera Courses of All Time
467,100 Top FREE edX Courses of All Time
468,250 Top Udemy Courses of All Time
469,The Report
470,by Class Central
471,RSS Feed
472,"The ""New Normal"" that Wasn't"
473,DDoS Attack on Class Central
474,500+ Online Degrees in India
475,Harvard's CS50 Free Certificate Guide
476,How Open University Works
477,Free Certificates & Courses
478,700+ Free Google Certificates
479,Free LinkedIn Learning Certificates
480,1600+ Free Coursera Courses
481,Ivy League Online Courses
482,175+ Free Writing Online Courses
483,About Class Central
484,"Class Central aggregates courses from many providers to help you find the best courses on almost any subject, wherever they exist."
485,Facebook
486,Twitter
487,LinkedIn
488,YouTube
489,Class Central © 2011-2023
490,Privacy Policy
491,About Us
492,Join Us
493,Help Center
494,Contact Us
495,Share
496,Facebook
497,Twitter
498,Email
499,Copy link
500,Never Stop Learning.
501,"Get personalized course recommendations, track subjects and courses with reminders, and more."
502,Sign up for free
