,link scrapped text
0,700+ Free Certificates from Google!
1,View
2,Close
3,Class Central
4,Courses
5,Class Central
6,Rankings
7,Collections
8,Subjects
9,View all
10,Computer Science
11,Health & Medicine
12,Mathematics
13,Business
14,Humanities
15,Engineering
16,Science
17,Education & Teaching
18,Social Sciences
19,Art & Design
20,Data Science
21,Programming
22,Personal Development
23,Information Security (InfoSec)
24,View all Subjects
25,Universities
26,The Report
27,Courses from
28,1000+ universities
29,Rankings
30,Best Courses
31,Best of All Time
32,Best of the Year 2022
33,Best of the Year 2021
34,Most Popular Courses
35,Most Popular of All Time
36,Most Popular of the Year 2022
37,Most Popular of the Year 2021
38,Collections
39,Monthly Course Reports
40,Starting this Month
41,New Online Courses
42,Most Popular
43,Computer Science
44,Artificial Intelligence
45,Algorithms and Data Structures
46,Internet of Things
47,Information Technology
48,Computer Networking
49,Machine Learning
50,DevOps
51,Deep Learning
52,Cryptography
53,Quantum Computing
54,Human-Computer Interaction (HCI)
55,Distributed Systems
56,Blockchain Development
57,Operating Systems
58,Computer Graphics
59,View all Computer Science
60,Health & Medicine
61,Nutrition & Wellness
62,Disease & Disorders
63,Public Health
64,Health Care
65,Nursing
66,Anatomy
67,Veterinary Science
68,Continuing Medical Education (CME)
69,View all Health & Medicine
70,Mathematics
71,Statistics & Probability
72,Foundations of Mathematics
73,Calculus
74,Discrete Mathematics
75,Trigonometry
76,Geometry
77,Algebra
78,Precalculus
79,Number Theory
80,Combinatorics
81,Mathematical logic
82,Linear Programming
83,View all Mathematics
84,Business
85,Management & Leadership
86,Finance
87,Entrepreneurship
88,Marketing
89,Strategic Management
90,Industry Specific
91,Business Intelligence
92,Accounting
93,Human Resources
94,Project Management
95,Sales
96,Design Thinking
97,Business Software
98,Risk Management
99,Corporate Social Responsibility
100,Customer Service
101,Nonprofit Management
102,Innovation
103,Operations Management
104,View all Business
105,Humanities
106,History
107,Literature
108,Language Learning
109,Grammar & Writing
110,Philosophy
111,Religion
112,ESL
113,Culture
114,Sports
115,Journalism
116,Ethics
117,Linguistics
118,Food
119,Library Science
120,Reading
121,Crisis Management
122,View all Humanities
123,Engineering
124,Electrical Engineering
125,Mechanical Engineering
126,Civil Engineering
127,Robotics
128,Nanotechnology
129,GIS
130,Textiles
131,Manufacturing
132,BIM
133,CAD
134,Chemical Engineering
135,Energy Systems
136,Aerospace Engineering
137,View all Engineering
138,Science
139,Chemistry
140,Physics
141,Environmental Science
142,Astronomy
143,Biology
144,Agriculture
145,Materials Science
146,Earth Science
147,Applied Science
148,Forensic Science
149,View all Science
150,Education & Teaching
151,K12
152,Higher Education
153,STEM
154,Teacher Professional Development
155,Course Development
156,Online Education
157,Test Prep
158,Pedagogy
159,View all Education & Teaching
160,Social Sciences
161,Sociology
162,Economics
163,Psychology
164,Anthropology
165,Political Science
166,Law
167,Urban Planning
168,Human Rights
169,Sustainability
170,Governance
171,Archaeology
172,Social Work
173,View all Social Sciences
174,Art & Design
175,Music
176,Digital Media
177,Visual Arts
178,Design & Creativity
179,View all Art & Design
180,Data Science
181,Bioinformatics
182,Big Data
183,Data Mining
184,Data Analysis
185,Data Visualization
186,Jupyter Notebooks
187,View all Data Science
188,Programming
189,Mobile Development
190,Web Development
191,Databases
192,Game Development
193,Programming Languages
194,Software Development
195,Cloud Computing
196,View all Programming
197,Personal Development
198,Communication Skills
199,Career Development
200,Self Improvement
201,Presentation Skills
202,Resilience
203,View all Personal Development
204,Information Security (InfoSec)
205,Cybersecurity
206,Network Security
207,Ethical Hacking
208,Digital Forensics
209,Reverse Engineering
210,Penetration Testing
211,Malware Analysis
212,DevSecOps
213,OSINT (Open Source Intelligence)
214,Threat Intelligence
215,Information Security Certifications
216,Red Team
217,Blue Team
218,View all Information Security (InfoSec)
219,The Report
220,2022 Year in Review: The “New Normal” that Wasn’t
221,"The pandemic ushered in a “new normal” in online learning, but it culminated in layoffs and stock drops."
222,Dhawal Shah
223,"Jan 02, 2023"
224,Latest
225,"Review of Goldman Sachs 10,000 Women Courses"
226,10 Best Japanese Courses to Take in 2023
227,7 Best Erlang Courses to Take in 2023
228,Harvard CS50 Guide: How to Pick the Right Course (with Free Certificate)
229,10 Best CSS Animation Courses to Take in 2023
230,Visit
231,The Report
232,"DDoS Attack on Class Central: Mitigation, SEO Impact, and Costs"
233,Trending
234,Most common
235,digital marketing
236,finance
237,cyber security
238,Popular subjects
239,Digital Skills
240,209 courses
241,Programming
242,"24,443 courses"
243,Information Technology (IT) Certifications
244,504 courses
245,Popular courses
246,The Science of Happiness
247,"University of California, Berkeley"
248,Introduction to Financial Accounting
249,University of Pennsylvania
250,Cryptography I
251,Stanford University
252,Organize and share your learning with Class Central Lists.
253,View our
254,Lists Showcase
255,Sign up
256,Log in
257,or
258,Sign up
259,Log in
260,Sign up
261,Subjects
262,Computer Science
263,Computer Graphics
264,Free Online
265,Computer Graphics Courses
266,"Learn Computer Graphics, earn certificates with paid and free online courses from UC San Diego, IIT Kharagpur, IIT Kanpur, NPTEL and other top universities around the world. Read reviews to decide if a class is right for you."
267,Follow
268,1.7k
269,Share
270,13 courses
271,Showing
272,13 courses
273,Filter
274,Sort by Relevancy
275,Relevancy
276,Highest rated
277,Lowest rated
278,Most recently added
279,Filter by
280,Clear All
281,Filters
282,With certificate
283,(5)
284,Free course
285,(12)
286,University course only
287,(5)
288,Level
289,Intermediate
290,(5)
291,Duration
292,1-5 hours
293,(4)
294,5-10 hours
295,(1)
296,10+ hours
297,(5)
298,Language
299,English
300,(10)
301,Hindi
302,(3)
303,Show 13 courses
304,Clear Filters
305,STMicroelectronics
306,Graphics with STM32
307,4 reviews
308,"This course, after a general presentation on graphic terminology, describes the ST solution to create rich graphical content on STM32 devices. The ST graphical solution covers the hardware part, with additional dedicated IPs, the software part with drive…"
309,Add to list
310,Quick View
311,YouTube
312,1-2 hours worth of material
313,On-Demand
314,Free Online Course
315,Computer Graphics
316,6 reviews
317,Learn to create images of 3D scenes in both real-time and with realistic ray tracing in this introductory computer graphics course.
318,Add to list
319,Quick View
320,edX
321,"6-12 hours a week, 6 weeks long"
322,Self paced
323,Free Online Course (Audit)
324,Rendering & Graphics
325,1 review
326,"Syllabus: 360 LIVE: Using the Animation Workspace for Manufacturing Instructions. QUICK TIP: Transparency in Rendering. QUICK TIP: Appearances 101. Rendering Deep Dive in Fusion 360 2-25-17. Add ""Bokeh"" Effect to Renderings. Rendering Toolpaths with Fusi…"
327,Add to list
328,YouTube
329,3-4 hours worth of material
330,On-Demand
331,Free Online Course
332,University of Tokyo
333,Interactive Computer Graphics
334,6 reviews
335,"Computer graphics can be a powerful tool for supporting visual problem solving, and interactivity plays a central role in harnessing the users' creativity. This course will introduce various interactive tools developed in computer graphics research field…"
336,Add to list
337,Quick View
338,Coursera
339,"28 hours worth of material, 7 weeks long"
340,"27th Feb, 2023"
341,Free Online Course (Audit)
342,Interactive 3D Graphics
343,6 reviews
344,"This course will teach you the principles of 3D computer graphics: meshes, transforms, lighting, animation, and making interactive 3D applications run in a browser."
345,Add to list
346,Quick View
347,Udacity
348,8 weeks long
349,On-Demand
350,Free Online Course
351,5 Minutes Engineering
352,Computer Graphics
353,Syllabus: Introduction To Computer Graphics Explained in Hindi l Computer Graphics Course.Cathode Ray Tube (CRT) Explained in Hindi l Computer Graphics Course.Vector Scan Display Explained in Hindi l Computer Graphics Course.Raster Scan Display Explained…
354,Add to list
355,YouTube
356,2-3 hours worth of material
357,On-Demand
358,Free Online Course
359,Computer Graphics All University Exams UGC NET Gate
360,1 review
361,"You will learn about hardware and software, output video display devices, pixel, image resolution, aspect ratio, image processing, line drawing, circle drawing, polygons, translation and transformation, clipping, projection, curves and surfaces, coherenc…"
362,Add to list
363,Quick View
364,YouTube
365,33 hours worth of material
366,On-Demand
367,Free Online Course
368,IIT Kharagpur
369,;
370,NPTEL
371,Engineering drawing and computer graphics
372,1 review
373,ABOUT THE COURSE:All phases of manufacturing a product involve expressing basic ideas into graphical format widely known as engineering drawing and design. The present course prepares the students to learn the basics concepts involved in technical drawi…
374,Add to list
375,Quick View
376,Swayam
377,12 weeks long
378,Self paced
379,Free Online Course
380,IIT Guwahati
381,;
382,NPTEL
383,Computer Graphics
384,"Computer graphics is one of the fundamental aspects of any computing system. Its primary role is to render the digital content (0&rsquo;s and 1&rsquo;s) in a human-comprehensible form on the computer screen. The rendering follows a series of stages, coll…"
385,Add to list
386,Quick View
387,Swayam
388,8 weeks long
389,"24th Jul, 2022"
390,Free Online Course
391,IIT Kanpur
392,;
393,NPTEL
394,Engineering Graphics
395,"The basic objective of this course is: 
The students must be able to (i) read engineering drawings and (ii) make basic engineering drawings using both geometric instruments as well as graphics software with equal ease."
396,Add to list
397,Quick View
398,Swayam
399,"2-3 hours a week, 8 weeks long"
400,"18th Jan, 2016"
401,Free Online Course
402,"COMPUTER GRAPHICS for UGC NET,  MCA,  BCA , M.SC IT ,in hindi"
403,"Syllabus: 1.COMPUTER GRAPHICS FOR UGC NET COMPUTER SCIENCE two dimensional transformation in hindi.2. UGC NET COMPUTER SCIENCE scaling with respect to origin in 2 D,computer graphics.3. UGC NET COMPUTER SCIENCE Rotation with Respect to Origin in Two Dime…"
404,Add to list
405,YouTube
406,6 hours worth of material
407,On-Demand
408,Free Online Course
409,Computer Graphics
410,75 ratings at Udemy
411,"As per the Syllabus of Karnatak University, Dharwad, Karnataka, India for BCA Sem-6th"
412,Add to list
413,Quick View
414,Udemy
415,1-2 hours worth of material
416,On-Demand
417,Free Online Course
418,Computer Graphics with Modern OpenGL and C++
419,2636 ratings at Udemy
420,"Learn the theory and code behind modern OpenGL graphical applications so you can make games, simulations and more!"
421,Add to list
422,Quick View
423,Udemy
424,21 hours worth of material
425,On-Demand
426,Paid Course
427,Home
428,Browse by subject
429,Computer Science
430,Psychology
431,Cybersecurity
432,Health
433,Law
434,Accounting
435,Web Development
436,Browse by provider
437,Coursera
438,edX
439,FutureLearn
440,Udacity
441,Swayam
442,Udemy
443,LinkedIn Learning
444,Browse by university
445,Harvard
446,Stanford
447,Georgia Tech
448,University of Michigan
449,Purdue University
450,Duke University
451,IIT Madras
452,Browse by institution
453,Google
454,Microsoft
455,IBM
456,Amazon
457,Linux Foundation
458,British Council
459,Salesforce
460,Rankings
461,Best Online Courses of All Time
462,Best Online Courses of the Year
463,Most Popular Courses of All Time
464,Most Popular Courses of the Year
465,250 Top FREE Coursera Courses of All Time
466,100 Top FREE edX Courses of All Time
467,250 Top Udemy Courses of All Time
468,The Report
469,by Class Central
470,RSS Feed
471,"The ""New Normal"" that Wasn't"
472,DDoS Attack on Class Central
473,500+ Online Degrees in India
474,Harvard's CS50 Free Certificate Guide
475,How Open University Works
476,Free Certificates & Courses
477,700+ Free Google Certificates
478,Free LinkedIn Learning Certificates
479,1600+ Free Coursera Courses
480,Ivy League Online Courses
481,175+ Free Writing Online Courses
482,About Class Central
483,"Class Central aggregates courses from many providers to help you find the best courses on almost any subject, wherever they exist."
484,Facebook
485,Twitter
486,LinkedIn
487,YouTube
488,Class Central © 2011-2023
489,Privacy Policy
490,About Us
491,Join Us
492,Help Center
493,Contact Us
494,Share
495,Facebook
496,Twitter
497,Email
498,Copy link
499,Never Stop Learning.
500,"Get personalized course recommendations, track subjects and courses with reminders, and more."
501,Sign up for free
