,link scrapped text
0,700+ Free Certificates from Google!
1,View
2,Close
3,Class Central
4,Courses
5,Class Central
6,Rankings
7,Collections
8,Subjects
9,View all
10,Computer Science
11,Health & Medicine
12,Mathematics
13,Business
14,Humanities
15,Engineering
16,Science
17,Education & Teaching
18,Social Sciences
19,Art & Design
20,Data Science
21,Programming
22,Personal Development
23,Information Security (InfoSec)
24,View all Subjects
25,Universities
26,The Report
27,Courses from
28,1000+ universities
29,Rankings
30,Best Courses
31,Best of All Time
32,Best of the Year 2022
33,Best of the Year 2021
34,Most Popular Courses
35,Most Popular of All Time
36,Most Popular of the Year 2022
37,Most Popular of the Year 2021
38,Collections
39,Monthly Course Reports
40,Starting this Month
41,New Online Courses
42,Most Popular
43,Computer Science
44,Artificial Intelligence
45,Algorithms and Data Structures
46,Internet of Things
47,Information Technology
48,Computer Networking
49,Machine Learning
50,DevOps
51,Deep Learning
52,Cryptography
53,Quantum Computing
54,Human-Computer Interaction (HCI)
55,Distributed Systems
56,Blockchain Development
57,Operating Systems
58,Computer Graphics
59,View all Computer Science
60,Health & Medicine
61,Nutrition & Wellness
62,Disease & Disorders
63,Public Health
64,Health Care
65,Nursing
66,Anatomy
67,Veterinary Science
68,Continuing Medical Education (CME)
69,View all Health & Medicine
70,Mathematics
71,Statistics & Probability
72,Foundations of Mathematics
73,Calculus
74,Discrete Mathematics
75,Trigonometry
76,Geometry
77,Algebra
78,Precalculus
79,Number Theory
80,Combinatorics
81,Mathematical logic
82,Linear Programming
83,View all Mathematics
84,Business
85,Management & Leadership
86,Finance
87,Entrepreneurship
88,Marketing
89,Strategic Management
90,Industry Specific
91,Business Intelligence
92,Accounting
93,Human Resources
94,Project Management
95,Sales
96,Design Thinking
97,Business Software
98,Risk Management
99,Corporate Social Responsibility
100,Customer Service
101,Nonprofit Management
102,Innovation
103,Operations Management
104,View all Business
105,Humanities
106,History
107,Literature
108,Language Learning
109,Grammar & Writing
110,Philosophy
111,Religion
112,ESL
113,Culture
114,Sports
115,Journalism
116,Ethics
117,Linguistics
118,Food
119,Library Science
120,Reading
121,Crisis Management
122,View all Humanities
123,Engineering
124,Electrical Engineering
125,Mechanical Engineering
126,Civil Engineering
127,Robotics
128,Nanotechnology
129,GIS
130,Textiles
131,Manufacturing
132,BIM
133,CAD
134,Chemical Engineering
135,Energy Systems
136,Aerospace Engineering
137,View all Engineering
138,Science
139,Chemistry
140,Physics
141,Environmental Science
142,Astronomy
143,Biology
144,Agriculture
145,Materials Science
146,Earth Science
147,Applied Science
148,Forensic Science
149,View all Science
150,Education & Teaching
151,K12
152,Higher Education
153,STEM
154,Teacher Professional Development
155,Course Development
156,Online Education
157,Test Prep
158,Pedagogy
159,View all Education & Teaching
160,Social Sciences
161,Sociology
162,Economics
163,Psychology
164,Anthropology
165,Political Science
166,Law
167,Urban Planning
168,Human Rights
169,Sustainability
170,Governance
171,Archaeology
172,Social Work
173,View all Social Sciences
174,Art & Design
175,Music
176,Digital Media
177,Visual Arts
178,Design & Creativity
179,View all Art & Design
180,Data Science
181,Bioinformatics
182,Big Data
183,Data Mining
184,Data Analysis
185,Data Visualization
186,Jupyter Notebooks
187,View all Data Science
188,Programming
189,Mobile Development
190,Web Development
191,Databases
192,Game Development
193,Programming Languages
194,Software Development
195,Cloud Computing
196,View all Programming
197,Personal Development
198,Communication Skills
199,Career Development
200,Self Improvement
201,Presentation Skills
202,Resilience
203,View all Personal Development
204,Information Security (InfoSec)
205,Cybersecurity
206,Network Security
207,Ethical Hacking
208,Digital Forensics
209,Reverse Engineering
210,Penetration Testing
211,Malware Analysis
212,DevSecOps
213,OSINT (Open Source Intelligence)
214,Threat Intelligence
215,Information Security Certifications
216,Red Team
217,Blue Team
218,View all Information Security (InfoSec)
219,The Report
220,2022 Year in Review: The “New Normal” that Wasn’t
221,"The pandemic ushered in a “new normal” in online learning, but it culminated in layoffs and stock drops."
222,Dhawal Shah
223,"Jan 02, 2023"
224,Latest
225,"Review of Goldman Sachs 10,000 Women Courses"
226,10 Best Japanese Courses to Take in 2023
227,7 Best Erlang Courses to Take in 2023
228,Harvard CS50 Guide: How to Pick the Right Course (with Free Certificate)
229,10 Best CSS Animation Courses to Take in 2023
230,Visit
231,The Report
232,"DDoS Attack on Class Central: Mitigation, SEO Impact, and Costs"
233,Trending
234,Most common
235,marketing
236,sql
237,law
238,Popular subjects
239,Digital Skills
240,209 courses
241,Programming
242,"24,443 courses"
243,Information Technology (IT) Certifications
244,504 courses
245,Popular courses
246,The Science of Happiness
247,"University of California, Berkeley"
248,Introduction to Financial Accounting
249,University of Pennsylvania
250,Cryptography I
251,Stanford University
252,Organize and share your learning with Class Central Lists.
253,View our
254,Lists Showcase
255,Sign up
256,Log in
257,or
258,Sign up
259,Log in
260,Sign up
261,Subjects
262,Computer Science
263,Computer Networking
264,Free Online
265,Computer Networking Courses
266,"Learn Computer Networking, earn certificates with free online courses from Stanford, Georgia Tech, University of Washington, University of Illinois and other top universities around the world. Read reviews to decide if a class is right for you."
267,Follow
268,188.6k
269,Share
270,"1,019 courses"
271,Related Subjects
272,Network Security Courses
273,Software Defined Networking Courses
274,Cisco Courses
275,CCNA Certification Courses
276,Telecommunications Courses
277,Juniper Networks Courses
278,CompTIA Network+ (Plus) Courses
279,Windows Systems Administration Courses
280,Showing
281,"1,019 courses"
282,Filter
283,Sort by Relevancy
284,Relevancy
285,Highest rated
286,Lowest rated
287,Most recently added
288,Filter by
289,Clear All
290,Filters
291,With certificate
292,(760)
293,Free course
294,(378)
295,With free certificate
296,(14)
297,University course only
298,(66)
299,Level
300,Beginner
301,(347)
302,Intermediate
303,(259)
304,Advanced
305,(17)
306,Duration
307,1-5 hours
308,(519)
309,5-10 hours
310,(94)
311,10+ hours
312,(220)
313,Language
314,English
315,(902)
316,Arabic
317,(18)
318,French
319,(16)
320,German
321,(11)
322,Hindi
323,(5)
324,Indonesian
325,(2)
326,Japanese
327,(5)
328,Polish
329,(1)
330,Portuguese
331,(22)
332,Russian
333,(3)
334,Spanish
335,(15)
336,Tamil
337,(1)
338,Thai
339,(1)
340,Turkish
341,(16)
342,Ukranian
343,(1)
344,See all
345,"Show 1,019 courses"
346,Clear Filters
347,CCNA (Cisco Certified Network Associate) Course
348,57 reviews
349,Syllabus: Cisco CCNA Certification Course | Introduction to OSI Layer Model | Lesson 01 of 12.Cisco CCNA Certification Course | Physical Layer Overview | Lesson 02 of 12.Cisco CCNA Certification Course | Data Link Layer Overview | Lesson 03 of 12.Cisco C…
350,Add to list
351,Cybrary
352,2-3 hours worth of material
353,On-Demand
354,Free Online Course
355,Stanford Seminar - Security and the Software Defined Network
356,2 reviews
357,Syllabus: Introduction.  Classic network perimeter defense.  Network Threat Analysis.  SDN for Security: Sophisticated Flow Orchestration.  Security challenges: What happens when software defines your network flow policy?.  Network Policy Conflict Arbitr…
358,Add to list
359,YouTube
360,1-2 hours worth of material
361,On-Demand
362,Free Online Course
363,Stanford Seminar - Software-Defined Networking at the Crossroads
364,"Colloquium on Computer Systems Seminar Series (EE380) presents the current research in design, implementation, analysis, and use of computer systems. Topics range from integrated circuits to operating systems and programming languages. It is free and ope…"
365,Add to list
366,Quick View
367,YouTube
368,1-2 hours worth of material
369,On-Demand
370,Free Online Course
371,Software Defined Networking
372,7 reviews
373,"In this course, you will learn about software defined networking and how it is changing the way communications networks are managed, maintained, and secured."
374,Add to list
375,Quick View
376,Coursera
377,"5-6 hours worth of material, 5 weeks long"
378,"13th Feb, 2023"
379,Free Online Course (Audit)
380,Network Function Virtualization
381,28 ratings at Coursera
382,"This course covers Network Function Virtualization from the perspective of a systems engineer.
It first discusses the proliferation of middleboxes in enterprise networks and the necessity of
virtualizing these components just like software applications.…"
383,Add to list
384,Quick View
385,Coursera
386,"7-8 hours worth of material, 6 weeks long"
387,"13th Feb, 2023"
388,Free Online Course (Audit)
389,IoT Networking
390,"This course builds on the first two courses in this series: IoT Devices and IoT Communications. Here you will begin to learn enterprise IoT. Enterprise networks, from first-hop access to backend IoT services are critical because they allow your IoT devic…"
391,Add to list
392,Quick View
393,Coursera
394,"20 hours worth of material, 4 weeks long"
395,"13th Feb, 2023"
396,Free Online Course (Audit)
397,IoT Communications
398,21 ratings at Coursera
399,"This course builds on the previous course: IoT Devices. After we have built and programmed a small self-driving vehicle, now it's time get into more advanced territory and enhance the device's connectivity further. To do so you will study radio frequency…"
400,Add to list
401,Quick View
402,Coursera
403,"11 hours worth of material, 4 weeks long"
404,"13th Feb, 2023"
405,Free Online Course (Audit)
406,Intel
407,Intel® Network Academy - Network Transformation 101
408,478 ratings at Coursera
409,"Welcome to the Intel® Network Academy – a comprehensive training program on network transformation.  In this program, we will be covering the topic areas of software defined infrastructure (SDI) network functions virtualization (NFV), software-defined ne…"
410,Add to list
411,Quick View
412,Coursera
413,"18 hours worth of material, 3 weeks long"
414,"20th Feb, 2023"
415,Free Online Course (Audit)
416,Introduction to Networking
417,16 reviews
418,This is a self-paced course that provides an Introduction to Networking
419,Add to list
420,Quick View
421,edX
422,"3-5 hours a week, 7 weeks long"
423,Self paced
424,Free Online Course (Audit)
425,Network Security & Database Vulnerabilities
426,2718 ratings at Coursera
427,"This course gives you the background needed to understand basic network security.  You will learn the about Local Area Networks, TCP/IP, the OSI Framework and routing basics.  You will learn how networking affects security systems within an organization.…"
428,Add to list
429,Quick View
430,Coursera
431,"14 hours worth of material, 4 weeks long"
432,"13th Feb, 2023"
433,Free Online Course (Audit)
434,The University of Chicago
435,Software Defined Networking
436,253 ratings at Coursera
437,"In this course, you will learn about software defined networking and how it is changing the way communications networks are managed, maintained, and secured."
438,Add to list
439,Quick View
440,Coursera
441,"32 hours worth of material, 8 weeks long"
442,"13th Feb, 2023"
443,Free Online Course (Audit)
444,Google Cloud
445,;
446,Google
447,Networking in Google Cloud: Hybrid Connectivity and Network Management
448,1013 ratings at Coursera
449,"***NEW! Specialization Completion Challenge, receive Qwiklabs credits valued up to $90!  See below for details.***

This self-paced training course builds on the Networking in GCP: Defining and Implementing Networks course and enhances participants study…"
450,Add to list
451,Quick View
452,Coursera
453,"7-8 hours worth of material, 5 weeks long"
454,"20th Feb, 2023"
455,Free Online Course (Audit)
456,Aruba
457,Aruba Networking Basics
458,246 ratings at Coursera
459,"You will learn what a basic computer network is, compare local and wide area networks, use cases, and implementation types. Communication over these networks relies on protocols. Once you learn about those, you will be well on your way to understanding n…"
460,Add to list
461,Quick View
462,Coursera
463,"19 hours worth of material, 3 weeks long"
464,"13th Feb, 2023"
465,Free Online Course (Audit)
466,(ISC)²
467,Networks and Communications Security
468,223 ratings at Coursera
469,"Welcome to Networks and Communications Security Course!
In the Networks and Communications Security Course, you will learn about the network structure, data transmission methods, transport formats, and the security measures used to maintain integrity, av…"
470,Add to list
471,Quick View
472,Coursera
473,"9-10 hours worth of material, 3 weeks long"
474,"13th Feb, 2023"
475,Free Online Course (Audit)
476,Introduction to Networking and Storage
477,159 ratings at Coursera
478,"Organizations need workers who can help others with network connectivity issues. When you're ready to enter the world of networking and Storage, you need job-ready skills. Accreditations, such as IBM Certificates and the CompTIA Network+ certification, a…"
479,Add to list
480,Quick View
481,Coursera
482,"12 hours worth of material, 5 weeks long"
483,"20th Feb, 2023"
484,Free Online Course (Audit)
485,Load more
486,Load the next 15 courses of 1004
487,Home
488,Browse by subject
489,Computer Science
490,Psychology
491,Cybersecurity
492,Health
493,Law
494,Accounting
495,Web Development
496,Browse by provider
497,Coursera
498,edX
499,FutureLearn
500,Udacity
501,Swayam
502,Udemy
503,LinkedIn Learning
504,Browse by university
505,Harvard
506,Stanford
507,Georgia Tech
508,University of Michigan
509,Purdue University
510,Duke University
511,IIT Madras
512,Browse by institution
513,Google
514,Microsoft
515,IBM
516,Amazon
517,Linux Foundation
518,British Council
519,Salesforce
520,Rankings
521,Best Online Courses of All Time
522,Best Online Courses of the Year
523,Most Popular Courses of All Time
524,Most Popular Courses of the Year
525,250 Top FREE Coursera Courses of All Time
526,100 Top FREE edX Courses of All Time
527,250 Top Udemy Courses of All Time
528,The Report
529,by Class Central
530,RSS Feed
531,"The ""New Normal"" that Wasn't"
532,DDoS Attack on Class Central
533,500+ Online Degrees in India
534,Harvard's CS50 Free Certificate Guide
535,How Open University Works
536,Free Certificates & Courses
537,700+ Free Google Certificates
538,Free LinkedIn Learning Certificates
539,1600+ Free Coursera Courses
540,Ivy League Online Courses
541,175+ Free Writing Online Courses
542,About Class Central
543,"Class Central aggregates courses from many providers to help you find the best courses on almost any subject, wherever they exist."
544,Facebook
545,Twitter
546,LinkedIn
547,YouTube
548,Class Central © 2011-2023
549,Privacy Policy
550,About Us
551,Join Us
552,Help Center
553,Contact Us
554,Share
555,Facebook
556,Twitter
557,Email
558,Copy link
559,Never Stop Learning.
560,"Get personalized course recommendations, track subjects and courses with reminders, and more."
561,Sign up for free
