,link scrapped text
0,700+ Free Certificates from Google!
1,View
2,Close
3,Class Central
4,Courses
5,Class Central
6,Rankings
7,Collections
8,Subjects
9,View all
10,Computer Science
11,Health & Medicine
12,Mathematics
13,Business
14,Humanities
15,Engineering
16,Science
17,Education & Teaching
18,Social Sciences
19,Art & Design
20,Data Science
21,Programming
22,Personal Development
23,Information Security (InfoSec)
24,View all Subjects
25,Universities
26,The Report
27,Courses from
28,1000+ universities
29,Rankings
30,Best Courses
31,Best of All Time
32,Best of the Year 2022
33,Best of the Year 2021
34,Most Popular Courses
35,Most Popular of All Time
36,Most Popular of the Year 2022
37,Most Popular of the Year 2021
38,Collections
39,Monthly Course Reports
40,Starting this Month
41,New Online Courses
42,Most Popular
43,Computer Science
44,Artificial Intelligence
45,Algorithms and Data Structures
46,Internet of Things
47,Information Technology
48,Computer Networking
49,Machine Learning
50,DevOps
51,Deep Learning
52,Cryptography
53,Quantum Computing
54,Human-Computer Interaction (HCI)
55,Distributed Systems
56,Blockchain Development
57,Operating Systems
58,Computer Graphics
59,View all Computer Science
60,Health & Medicine
61,Nutrition & Wellness
62,Disease & Disorders
63,Public Health
64,Health Care
65,Nursing
66,Anatomy
67,Veterinary Science
68,Continuing Medical Education (CME)
69,View all Health & Medicine
70,Mathematics
71,Statistics & Probability
72,Foundations of Mathematics
73,Calculus
74,Discrete Mathematics
75,Trigonometry
76,Geometry
77,Algebra
78,Precalculus
79,Number Theory
80,Combinatorics
81,Mathematical logic
82,Linear Programming
83,View all Mathematics
84,Business
85,Management & Leadership
86,Finance
87,Entrepreneurship
88,Marketing
89,Strategic Management
90,Industry Specific
91,Business Intelligence
92,Accounting
93,Human Resources
94,Project Management
95,Sales
96,Design Thinking
97,Business Software
98,Risk Management
99,Corporate Social Responsibility
100,Customer Service
101,Nonprofit Management
102,Innovation
103,Operations Management
104,View all Business
105,Humanities
106,History
107,Literature
108,Language Learning
109,Grammar & Writing
110,Philosophy
111,Religion
112,ESL
113,Culture
114,Sports
115,Journalism
116,Ethics
117,Linguistics
118,Food
119,Library Science
120,Reading
121,Crisis Management
122,View all Humanities
123,Engineering
124,Electrical Engineering
125,Mechanical Engineering
126,Civil Engineering
127,Robotics
128,Nanotechnology
129,GIS
130,Textiles
131,Manufacturing
132,BIM
133,CAD
134,Chemical Engineering
135,Energy Systems
136,Aerospace Engineering
137,View all Engineering
138,Science
139,Chemistry
140,Physics
141,Environmental Science
142,Astronomy
143,Biology
144,Agriculture
145,Materials Science
146,Earth Science
147,Applied Science
148,Forensic Science
149,View all Science
150,Education & Teaching
151,K12
152,Higher Education
153,STEM
154,Teacher Professional Development
155,Course Development
156,Online Education
157,Test Prep
158,Pedagogy
159,View all Education & Teaching
160,Social Sciences
161,Sociology
162,Economics
163,Psychology
164,Anthropology
165,Political Science
166,Law
167,Urban Planning
168,Human Rights
169,Sustainability
170,Governance
171,Archaeology
172,Social Work
173,View all Social Sciences
174,Art & Design
175,Music
176,Digital Media
177,Visual Arts
178,Design & Creativity
179,View all Art & Design
180,Data Science
181,Bioinformatics
182,Big Data
183,Data Mining
184,Data Analysis
185,Data Visualization
186,Jupyter Notebooks
187,View all Data Science
188,Programming
189,Mobile Development
190,Web Development
191,Databases
192,Game Development
193,Programming Languages
194,Software Development
195,Cloud Computing
196,View all Programming
197,Personal Development
198,Communication Skills
199,Career Development
200,Self Improvement
201,Presentation Skills
202,Resilience
203,View all Personal Development
204,Information Security (InfoSec)
205,Cybersecurity
206,Network Security
207,Ethical Hacking
208,Digital Forensics
209,Reverse Engineering
210,Penetration Testing
211,Malware Analysis
212,DevSecOps
213,OSINT (Open Source Intelligence)
214,Threat Intelligence
215,Information Security Certifications
216,Red Team
217,Blue Team
218,View all Information Security (InfoSec)
219,The Report
220,2022 Year in Review: The “New Normal” that Wasn’t
221,"The pandemic ushered in a “new normal” in online learning, but it culminated in layoffs and stock drops."
222,Dhawal Shah
223,"Jan 02, 2023"
224,Latest
225,"Review of Goldman Sachs 10,000 Women Courses"
226,10 Best Japanese Courses to Take in 2023
227,7 Best Erlang Courses to Take in 2023
228,Harvard CS50 Guide: How to Pick the Right Course (with Free Certificate)
229,10 Best CSS Animation Courses to Take in 2023
230,Visit
231,The Report
232,"DDoS Attack on Class Central: Mitigation, SEO Impact, and Costs"
233,Trending
234,Most common
235,digital marketing
236,data science
237,html
238,Popular subjects
239,Digital Skills
240,209 courses
241,Programming
242,"24,443 courses"
243,Information Technology (IT) Certifications
244,504 courses
245,Popular courses
246,The Science of Happiness
247,"University of California, Berkeley"
248,Introduction to Financial Accounting
249,University of Pennsylvania
250,Cryptography I
251,Stanford University
252,Organize and share your learning with Class Central Lists.
253,View our
254,Lists Showcase
255,Sign up
256,Log in
257,or
258,Sign up
259,Log in
260,Sign up
261,Subjects
262,Health & Medicine
263,Continuing Medical Education (CME)
264,Free Online
265,Continuing Medical Education (CME) Courses
266,"Learn Continuing Medical Education (CME), earn certificates with free online courses from Stanford, University of Pennsylvania, Johns Hopkins, UC Irvine and other top universities around the world. Read reviews to decide if a class is right for you."
267,Follow
268,649
269,Share
270,880 courses
271,Related Subjects
272,Health & Medicine Courses
273,Showing
274,880 courses
275,Filter
276,Sort by Relevancy
277,Relevancy
278,Highest rated
279,Lowest rated
280,Most recently added
281,Filter by
282,Clear All
283,Filters
284,With certificate
285,(880)
286,Free course
287,(879)
288,With free certificate
289,(879)
290,University course only
291,(877)
292,Duration
293,1-5 hours
294,(17)
295,5-10 hours
296,(5)
297,10+ hours
298,(0)
299,Language
300,English
301,(880)
302,Show 880 courses
303,Clear Filters
304,Stanford Medcast Episode 43: Hot Topics Mini-Series - Stem Cell Therapy in Multiple Sclerosis
305,2 reviews
306,"Stanford Center for Continuing Medical Education, Stanford Medcast Episode 43: Hot Topics Mini-Series - Stem Cell Therapy in Multiple Sclerosis, 6/21/2022 12:00:00 AM - 6/21/2025 12:00:00 AM, Today's episode includes a discussion with Dr. Jeffrey Dunn wh…"
307,Add to list
308,Quick View
309,Independent
310,On-Demand
311,Free Certificate
312,"Race in Science, Technology, & Medicine Series - Racism in Medical Education: Our Turbulent Push Toward Equity"
313,1 review
314,"Stanford Center for Continuing Medical Education, Race in Science, Technology, & Medicine Series - Racism in Medical Education: Our Turbulent Push Toward Equity, 7/23/2021 12:00:00 AM - 7/23/2024 12:00:00 AM, Internet Enduring Material Sponsored by Stanf…"
315,Add to list
316,Quick View
317,Independent
318,On-Demand
319,Free Certificate
320,Thinking Critically: Interpreting Randomized Clinical Trials
321,"Stanford Center for Continuing Medical Education, Thinking Critically: Interpreting Randomized Clinical Trials, 9/4/2015 12:00:00 AM - 1/1/2024 12:00:00 AM, Internet Enduring Material Sponsored by the Stanford University School of Medicine. Presented by…"
322,Add to list
323,Quick View
324,Independent
325,On-Demand
326,Free Certificate
327,Introduction to Food and Health
328,"Stanford Center for Continuing Medical Education, Introduction to Food and Health, 5/23/2016 12:00:00 AM - 1/1/2024 12:00:00 AM, Internet Enduring Material Sponsored by the Stanford University School of Medicine.We find ourselves facing global epidemics…"
329,Add to list
330,Quick View
331,Independent
332,On-Demand
333,Free Certificate
334,Unconscious Bias in Medicine
335,"Stanford Center for Continuing Medical Education, Unconscious Bias in Medicine, 5/23/2017 12:00:00 AM - 1/1/2024 12:00:00 AM, Internet Enduring Material Sponsored by the Stanford University School of Medicine. Presented by the Office of Faculty Developme…"
336,Add to list
337,Quick View
338,Independent
339,On-Demand
340,Free Certificate
341,Musculoskeletal Primer for the Non-Orthopedist
342,"Stanford Center for Continuing Medical Education, Musculoskeletal Primer for the Non-Orthopedist, 7/26/2017 12:00:00 AM - 1/1/2024 12:00:00 AM, The Division of General Medical Disciplines in the Department of Medicine, Occupational Health and Surgical An…"
343,Add to list
344,Quick View
345,Independent
346,On-Demand
347,Free Certificate
348,Antimicrobial Stewardship: Improving Clinical Outcomes by Optimization of Antibiotic Practices
349,"Stanford Center for Continuing Medical Education, Antimicrobial Stewardship: Improving Clinical Outcomes by Optimization of Antibiotic Practices, 4/16/2018 12:00:00 AM - 1/1/2024 12:00:00 AM, Internet Enduring Material provided by Stanford University Sch…"
350,Add to list
351,Quick View
352,Independent
353,On-Demand
354,Free Certificate
355,How to Taper Patients Off of Chronic Opioid Therapy
356,"Stanford Center for Continuing Medical Education, How to Taper Patients Off of Chronic Opioid Therapy, 8/2/2018 12:00:00 AM - 1/1/2024 12:00:00 AM, Internet Enduring Material Sponsored by the Stanford University School of Medicine. Presented by the Depar…"
357,Add to list
358,Quick View
359,Independent
360,On-Demand
361,Free Certificate
362,CSI:ME Case Studies In Medical Errors
363,"Stanford Center for Continuing Medical Education, CSI:ME Case Studies In Medical Errors, 11/15/2018 12:00:00 AM - 1/1/2024 12:00:00 AM, Internet Enduring Material Sponsored by the Stanford University School of Medicine. Presented by the Department of Qua…"
364,Add to list
365,Quick View
366,Independent
367,On-Demand
368,Free Certificate
369,Identifying Early Signs of Psychosis in Adolescents and Young Adults
370,"Stanford Center for Continuing Medical Education, Identifying Early Signs of Psychosis in Adolescents and Young Adults, 11/16/2018 12:00:00 AM - 1/1/2024 12:00:00 AM, Internet Enduring Material Sponsored by the Stanford University School of Medicine. Pre…"
371,Add to list
372,Quick View
373,Independent
374,On-Demand
375,Free Certificate
376,Health Across the Gender Spectrum
377,"Stanford Center for Continuing Medical Education, Health Across the Gender Spectrum, 11/16/2018 12:00:00 AM - 1/1/2024 12:00:00 AM, Internet Enduring Material Sponsored by the Stanford University School of Medicine. Presented by the Department of Pediatr…"
378,Add to list
379,Quick View
380,Independent
381,On-Demand
382,Free Certificate
383,SafetyQuest: Level One - QI Basics
384,"Stanford Center for Continuing Medical Education, SafetyQuest: Level One - QI Basics, 11/16/2018 12:00:00 AM - 1/1/2024 12:00:00 AM, Internet Enduring Material Sponsored by the Stanford University School of Medicine. Presented by the Department of Gradua…"
385,Add to list
386,Quick View
387,Independent
388,On-Demand
389,Free Certificate
390,SafetyQuest: Level Two - Moving Beyond QI Basics
391,"Stanford Center for Continuing Medical Education, SafetyQuest: Level Two - Moving Beyond QI Basics, 11/16/2018 12:00:00 AM - 1/1/2024 12:00:00 AM, Internet Enduring Material Sponsored by the Stanford University School of Medicine. Presented by the Depart…"
392,Add to list
393,Quick View
394,Independent
395,On-Demand
396,Free Certificate
397,SafetyQuest: Level Three - Implementing QI
398,"Stanford Center for Continuing Medical Education, SafetyQuest: Level Three - Implementing QI, 11/16/2018 12:00:00 AM - 1/1/2024 12:00:00 AM, Internet Enduring Material Sponsored by the Stanford University School of Medicine. Presented by the Department o…"
399,Add to list
400,Quick View
401,Independent
402,On-Demand
403,Free Certificate
404,SafetyQuest: Level Four - Mastering QI
405,"Stanford Center for Continuing Medical Education, SafetyQuest: Level Four - Mastering QI, 11/16/2018 12:00:00 AM - 1/1/2024 12:00:00 AM, Modern healthcare is complex and has many opportunities for error. To ensure patient safety, hospitals and healthcare…"
406,Add to list
407,Quick View
408,Independent
409,On-Demand
410,Free Certificate
411,Load more
412,Load the next 15 courses of 865
413,Home
414,Browse by subject
415,Computer Science
416,Psychology
417,Cybersecurity
418,Health
419,Law
420,Accounting
421,Web Development
422,Browse by provider
423,Coursera
424,edX
425,FutureLearn
426,Udacity
427,Swayam
428,Udemy
429,LinkedIn Learning
430,Browse by university
431,Harvard
432,Stanford
433,Georgia Tech
434,University of Michigan
435,Purdue University
436,Duke University
437,IIT Madras
438,Browse by institution
439,Google
440,Microsoft
441,IBM
442,Amazon
443,Linux Foundation
444,British Council
445,Salesforce
446,Rankings
447,Best Online Courses of All Time
448,Best Online Courses of the Year
449,Most Popular Courses of All Time
450,Most Popular Courses of the Year
451,250 Top FREE Coursera Courses of All Time
452,100 Top FREE edX Courses of All Time
453,250 Top Udemy Courses of All Time
454,The Report
455,by Class Central
456,RSS Feed
457,"The ""New Normal"" that Wasn't"
458,DDoS Attack on Class Central
459,500+ Online Degrees in India
460,Harvard's CS50 Free Certificate Guide
461,How Open University Works
462,Free Certificates & Courses
463,700+ Free Google Certificates
464,Free LinkedIn Learning Certificates
465,1600+ Free Coursera Courses
466,Ivy League Online Courses
467,175+ Free Writing Online Courses
468,About Class Central
469,"Class Central aggregates courses from many providers to help you find the best courses on almost any subject, wherever they exist."
470,Facebook
471,Twitter
472,LinkedIn
473,YouTube
474,Class Central © 2011-2023
475,Privacy Policy
476,About Us
477,Join Us
478,Help Center
479,Contact Us
480,Share
481,Facebook
482,Twitter
483,Email
484,Copy link
485,Never Stop Learning.
486,"Get personalized course recommendations, track subjects and courses with reminders, and more."
487,Sign up for free
