,link scrapped text
0,700+ Free Certificates from Google!
1,View
2,Close
3,Class Central
4,Courses
5,Class Central
6,Rankings
7,Collections
8,Subjects
9,View all
10,Computer Science
11,Health & Medicine
12,Mathematics
13,Business
14,Humanities
15,Engineering
16,Science
17,Education & Teaching
18,Social Sciences
19,Art & Design
20,Data Science
21,Programming
22,Personal Development
23,Information Security (InfoSec)
24,View all Subjects
25,Universities
26,The Report
27,Courses from
28,1000+ universities
29,Rankings
30,Best Courses
31,Best of All Time
32,Best of the Year 2022
33,Best of the Year 2021
34,Most Popular Courses
35,Most Popular of All Time
36,Most Popular of the Year 2022
37,Most Popular of the Year 2021
38,Collections
39,Monthly Course Reports
40,Starting this Month
41,New Online Courses
42,Most Popular
43,Computer Science
44,Artificial Intelligence
45,Algorithms and Data Structures
46,Internet of Things
47,Information Technology
48,Computer Networking
49,Machine Learning
50,DevOps
51,Deep Learning
52,Cryptography
53,Quantum Computing
54,Human-Computer Interaction (HCI)
55,Distributed Systems
56,Blockchain Development
57,Operating Systems
58,Computer Graphics
59,View all Computer Science
60,Health & Medicine
61,Nutrition & Wellness
62,Disease & Disorders
63,Public Health
64,Health Care
65,Nursing
66,Anatomy
67,Veterinary Science
68,Continuing Medical Education (CME)
69,View all Health & Medicine
70,Mathematics
71,Statistics & Probability
72,Foundations of Mathematics
73,Calculus
74,Discrete Mathematics
75,Trigonometry
76,Geometry
77,Algebra
78,Precalculus
79,Number Theory
80,Combinatorics
81,Mathematical logic
82,Linear Programming
83,View all Mathematics
84,Business
85,Management & Leadership
86,Finance
87,Entrepreneurship
88,Marketing
89,Strategic Management
90,Industry Specific
91,Business Intelligence
92,Accounting
93,Human Resources
94,Project Management
95,Sales
96,Design Thinking
97,Business Software
98,Risk Management
99,Corporate Social Responsibility
100,Customer Service
101,Nonprofit Management
102,Innovation
103,Operations Management
104,View all Business
105,Humanities
106,History
107,Literature
108,Language Learning
109,Grammar & Writing
110,Philosophy
111,Religion
112,ESL
113,Culture
114,Sports
115,Journalism
116,Ethics
117,Linguistics
118,Food
119,Library Science
120,Reading
121,Crisis Management
122,View all Humanities
123,Engineering
124,Electrical Engineering
125,Mechanical Engineering
126,Civil Engineering
127,Robotics
128,Nanotechnology
129,GIS
130,Textiles
131,Manufacturing
132,BIM
133,CAD
134,Chemical Engineering
135,Energy Systems
136,Aerospace Engineering
137,View all Engineering
138,Science
139,Chemistry
140,Physics
141,Environmental Science
142,Astronomy
143,Biology
144,Agriculture
145,Materials Science
146,Earth Science
147,Applied Science
148,Forensic Science
149,View all Science
150,Education & Teaching
151,K12
152,Higher Education
153,STEM
154,Teacher Professional Development
155,Course Development
156,Online Education
157,Test Prep
158,Pedagogy
159,View all Education & Teaching
160,Social Sciences
161,Sociology
162,Economics
163,Psychology
164,Anthropology
165,Political Science
166,Law
167,Urban Planning
168,Human Rights
169,Sustainability
170,Governance
171,Archaeology
172,Social Work
173,View all Social Sciences
174,Art & Design
175,Music
176,Digital Media
177,Visual Arts
178,Design & Creativity
179,View all Art & Design
180,Data Science
181,Bioinformatics
182,Big Data
183,Data Mining
184,Data Analysis
185,Data Visualization
186,Jupyter Notebooks
187,View all Data Science
188,Programming
189,Mobile Development
190,Web Development
191,Databases
192,Game Development
193,Programming Languages
194,Software Development
195,Cloud Computing
196,View all Programming
197,Personal Development
198,Communication Skills
199,Career Development
200,Self Improvement
201,Presentation Skills
202,Resilience
203,View all Personal Development
204,Information Security (InfoSec)
205,Cybersecurity
206,Network Security
207,Ethical Hacking
208,Digital Forensics
209,Reverse Engineering
210,Penetration Testing
211,Malware Analysis
212,DevSecOps
213,OSINT (Open Source Intelligence)
214,Threat Intelligence
215,Information Security Certifications
216,Red Team
217,Blue Team
218,View all Information Security (InfoSec)
219,The Report
220,2022 Year in Review: The “New Normal” that Wasn’t
221,"The pandemic ushered in a “new normal” in online learning, but it culminated in layoffs and stock drops."
222,Dhawal Shah
223,"Jan 02, 2023"
224,Latest
225,"Review of Goldman Sachs 10,000 Women Courses"
226,10 Best Japanese Courses to Take in 2023
227,7 Best Erlang Courses to Take in 2023
228,Harvard CS50 Guide: How to Pick the Right Course (with Free Certificate)
229,10 Best CSS Animation Courses to Take in 2023
230,Visit
231,The Report
232,"DDoS Attack on Class Central: Mitigation, SEO Impact, and Costs"
233,Trending
234,Most common
235,python
236,hacking
237,web development
238,Popular subjects
239,Digital Skills
240,209 courses
241,Programming
242,"24,443 courses"
243,Information Technology (IT) Certifications
244,504 courses
245,Popular courses
246,The Science of Happiness
247,"University of California, Berkeley"
248,Introduction to Financial Accounting
249,University of Pennsylvania
250,Cryptography I
251,Stanford University
252,Organize and share your learning with Class Central Lists.
253,View our
254,Lists Showcase
255,Sign up
256,Log in
257,or
258,Sign up
259,Log in
260,Sign up
261,Subjects
262,Computer Science
263,Cryptography
264,Free Online
265,Cryptography Courses
266,"Learn Cryptography, earn certificates with free online courses from Stanford, UC Irvine, Higher School of Economics, Princeton and other top universities around the world. Read reviews to decide if a class is right for you."
267,Follow
268,6.4k
269,Share
270,92 courses
271,Related Subjects
272,Computer Science Courses
273,Quantum Computing Courses
274,Bitcoin Courses
275,Ethereum Courses
276,Network Security Courses
277,Cybersecurity Courses
278,Mathematics Courses
279,Showing
280,92 courses
281,Filter
282,Sort by Relevancy
283,Relevancy
284,Highest rated
285,Lowest rated
286,Most recently added
287,Filter by
288,Clear All
289,Filters
290,With certificate
291,(78)
292,Free course
293,(50)
294,With free certificate
295,(1)
296,University course only
297,(47)
298,Level
299,Beginner
300,(28)
301,Intermediate
302,(15)
303,Advanced
304,(3)
305,Duration
306,1-5 hours
307,(28)
308,5-10 hours
309,(8)
310,10+ hours
311,(35)
312,Language
313,English
314,(83)
315,Arabic
316,(1)
317,French
318,(2)
319,Italian
320,(1)
321,Portuguese
322,(1)
323,Russian
324,(2)
325,Spanish
326,(2)
327,Show 92 courses
328,Clear Filters
329,Tel Aviv University
330,Unlocking Information Security I: From Cryptography to Buffer Overflows
331,302 reviews
332,Learn how systems are hacked and defended.
333,Add to list
334,Quick View
335,edX
336,"4-6 hours a week, 5 weeks long"
337,Self paced
338,Free Online Course (Audit)
339,Best of All Time
340,Cryptography I
341,53 reviews
342,Cryptography is an indispensable tool for protecting information in computer systems. In this course you will learn the inner workings of cryptographic systems and how to correctly use them in real-world applications.
343,Add to list
344,Quick View
345,Coursera
346,"23 hours worth of material, 7 weeks long"
347,"13th Feb, 2023"
348,Free Online Course (Audit)
349,Best of All Time
350,Tel Aviv University
351,Unlocking Information Security II: An Internet Perspective
352,51 reviews
353,Continue learning how systems are hacked and defended.
354,Add to list
355,Quick View
356,edX
357,"4-6 hours a week, 7 weeks long"
358,Self paced
359,Free Online Course (Audit)
360,Bitcoin and Cryptocurrency Technologies
361,21 reviews
362,"After this course, you’ll know everything you need to be able to separate fact from fiction when reading claims about Bitcoin and other cryptocurrencies. You’ll have the conceptual foundations you need to engineer secure software that interacts with the…"
363,Add to list
364,Quick View
365,Coursera
366,"23 hours worth of material, 11 weeks long"
367,"13th Feb, 2023"
368,Free Online Course (Audit)
369,Best of All Time
370,Stanford Seminar - Bugs in Crypto Implementations
371,Syllabus: Introduction.  A basic question.  Answer: authenticated encryption.  Constructions Generic composition encrypt-then-MAC key = (kana kmal).  Nonces and associated data.  Many more desirable properties.  Lots of viable constructions.  Implementat…
372,Add to list
373,YouTube
374,Less than 1 hour of material
375,On-Demand
376,Free Online Course
377,Cryptography
378,7 reviews
379,"Welcome to Cryptography!
Cryptography is the practice and study of techniques for securing communications in the presence of third parties. You will learn how to protect information in order to ensure its integrity, confidentiality, authenticity, and non…"
380,Add to list
381,Quick View
382,Coursera
383,"18 hours worth of material, 7 weeks long"
384,"13th Feb, 2023"
385,Free Online Course (Audit)
386,Cryptography and Hashing Overview
387,39 ratings at Coursera
388,"Continue learning about blockchain technology by diving into the nature of ownership and how the blockchain is one way to approach decentralized transaction handling. This course also demystifies cryptography and hashing, which are critical for authentic…"
389,Add to list
390,Quick View
391,Coursera
392,"9-10 hours worth of material, 4 weeks long"
393,"20th Feb, 2023"
394,Free Online Course (Audit)
395,UC San Diego
396,;
397,Higher School of Economics
398,Number Theory and Cryptography
399,538 ratings at Coursera
400,"We all learn numbers from the childhood. Some of us like to count, others hate it, but any person uses numbers everyday to buy things, pay for services, estimated time and necessary resources. People have been wondering about numbers’ properties for thou…"
401,Add to list
402,Quick View
403,Coursera
404,"17 hours worth of material, 4 weeks long"
405,"20th Feb, 2023"
406,Free Online Course (Audit)
407,Cryptography and Information Theory
408,398 ratings at Coursera
409,"Welcome to Cryptography and Information Theory! 

This course combines cryptography (the techniques for protecting information from unauthorized access) and information theory (the study of information coding and transfer). More specifically, the course…"
410,Add to list
411,Quick View
412,Coursera
413,"7-8 hours worth of material, 4 weeks long"
414,"20th Feb, 2023"
415,Free Online Course (Audit)
416,Cryptographic Hash and Integrity Protection
417,70 ratings at Coursera
418,"Welcome to Cryptographic Hash and Integrity Protection! 

This course reviews cryptographic hash functions in general and their use in the forms of hash chain and hash tree (Merkle tree). Building on hash functions, the course describes message authentic…"
419,Add to list
420,Quick View
421,Coursera
422,"8-9 hours worth of material, 4 weeks long"
423,"20th Feb, 2023"
424,Free Online Course (Audit)
425,INSEAD
426,Introduction to Blockchain Technologies
427,2279 ratings at Coursera
428,"In this first course of the specialization, we will discuss the limitations of the Internet for business and economic activity, and explain how blockchain technology represents the way forward. After completing this course, you will be able to explain wh…"
429,Add to list
430,Quick View
431,Coursera
432,"29 hours worth of material, 5 weeks long"
433,"15th Feb, 2023"
434,Free Online Course (Audit)
435,(ISC)²
436,Cryptography
437,203 ratings at Coursera
438,"Welcome to Cryptography!
Cryptography is the practice and study of techniques for securing communications in the presence of third parties. You will learn how to protect information in order to ensure its integrity, confidentiality, authenticity, and non…"
439,Add to list
440,Quick View
441,Coursera
442,"6-7 hours worth of material, 4 weeks long"
443,"13th Feb, 2023"
444,Free Online Course (Audit)
445,NPTEL
446,;
447,IIT Roorkee
448,Introduction to Cryptology
449,1 review
450,"This four-week course “Introduction to Cryptology” is designed for both computer science and mathematics students, touching upon the most important ideas and techniques of present day cryptology. All the pre-requisite topics are revised during the lectur…"
451,Add to list
452,Quick View
453,YouTube
454,10 hours worth of material
455,On-Demand
456,Free Online Course
457,Applied Cryptography
458,5 reviews
459,"Cryptography is present in everyday life, from paying with a credit card to using the telephone.  Learn all about making and breaking puzzles in computing."
460,Add to list
461,Quick View
462,Udacity
463,8 weeks long
464,On-Demand
465,Free Online Course
466,NPTEL
467,;
468,IIT Kharagpur
469,Cryptography and Network Security
470,"The course deals with the underlying principles of cryptography and network security. It develops the mathematical tools required to understand the topic of cryptography. Starting from the classical ciphers to modern-day ciphers, the course provides exte…"
471,Add to list
472,Quick View
473,YouTube
474,36 hours worth of material
475,On-Demand
476,Free Online Course
477,Load more
478,Load the next 15 courses of 77
479,Home
480,Browse by subject
481,Computer Science
482,Psychology
483,Cybersecurity
484,Health
485,Law
486,Accounting
487,Web Development
488,Browse by provider
489,Coursera
490,edX
491,FutureLearn
492,Udacity
493,Swayam
494,Udemy
495,LinkedIn Learning
496,Browse by university
497,Harvard
498,Stanford
499,Georgia Tech
500,University of Michigan
501,Purdue University
502,Duke University
503,IIT Madras
504,Browse by institution
505,Google
506,Microsoft
507,IBM
508,Amazon
509,Linux Foundation
510,British Council
511,Salesforce
512,Rankings
513,Best Online Courses of All Time
514,Best Online Courses of the Year
515,Most Popular Courses of All Time
516,Most Popular Courses of the Year
517,250 Top FREE Coursera Courses of All Time
518,100 Top FREE edX Courses of All Time
519,250 Top Udemy Courses of All Time
520,The Report
521,by Class Central
522,RSS Feed
523,"The ""New Normal"" that Wasn't"
524,DDoS Attack on Class Central
525,500+ Online Degrees in India
526,Harvard's CS50 Free Certificate Guide
527,How Open University Works
528,Free Certificates & Courses
529,700+ Free Google Certificates
530,Free LinkedIn Learning Certificates
531,1600+ Free Coursera Courses
532,Ivy League Online Courses
533,175+ Free Writing Online Courses
534,About Class Central
535,"Class Central aggregates courses from many providers to help you find the best courses on almost any subject, wherever they exist."
536,Facebook
537,Twitter
538,LinkedIn
539,YouTube
540,Class Central © 2011-2023
541,Privacy Policy
542,About Us
543,Join Us
544,Help Center
545,Contact Us
546,Share
547,Facebook
548,Twitter
549,Email
550,Copy link
551,Never Stop Learning.
552,"Get personalized course recommendations, track subjects and courses with reminders, and more."
553,Sign up for free
