,link scrapped text
0,700+ Free Certificates from Google!
1,View
2,Close
3,Class Central
4,Courses
5,Class Central
6,Rankings
7,Collections
8,Subjects
9,View all
10,Computer Science
11,Health & Medicine
12,Mathematics
13,Business
14,Humanities
15,Engineering
16,Science
17,Education & Teaching
18,Social Sciences
19,Art & Design
20,Data Science
21,Programming
22,Personal Development
23,Information Security (InfoSec)
24,View all Subjects
25,Universities
26,The Report
27,Courses from
28,1000+ universities
29,Rankings
30,Best Courses
31,Best of All Time
32,Best of the Year 2022
33,Best of the Year 2021
34,Most Popular Courses
35,Most Popular of All Time
36,Most Popular of the Year 2022
37,Most Popular of the Year 2021
38,Collections
39,Monthly Course Reports
40,Starting this Month
41,New Online Courses
42,Most Popular
43,Computer Science
44,Artificial Intelligence
45,Algorithms and Data Structures
46,Internet of Things
47,Information Technology
48,Computer Networking
49,Machine Learning
50,DevOps
51,Deep Learning
52,Cryptography
53,Quantum Computing
54,Human-Computer Interaction (HCI)
55,Distributed Systems
56,Blockchain Development
57,Operating Systems
58,Computer Graphics
59,View all Computer Science
60,Health & Medicine
61,Nutrition & Wellness
62,Disease & Disorders
63,Public Health
64,Health Care
65,Nursing
66,Anatomy
67,Veterinary Science
68,Continuing Medical Education (CME)
69,View all Health & Medicine
70,Mathematics
71,Statistics & Probability
72,Foundations of Mathematics
73,Calculus
74,Discrete Mathematics
75,Trigonometry
76,Geometry
77,Algebra
78,Precalculus
79,Number Theory
80,Combinatorics
81,Mathematical logic
82,Linear Programming
83,View all Mathematics
84,Business
85,Management & Leadership
86,Finance
87,Entrepreneurship
88,Marketing
89,Strategic Management
90,Industry Specific
91,Business Intelligence
92,Accounting
93,Human Resources
94,Project Management
95,Sales
96,Design Thinking
97,Business Software
98,Risk Management
99,Corporate Social Responsibility
100,Customer Service
101,Nonprofit Management
102,Innovation
103,Operations Management
104,View all Business
105,Humanities
106,History
107,Literature
108,Language Learning
109,Grammar & Writing
110,Philosophy
111,Religion
112,ESL
113,Culture
114,Sports
115,Journalism
116,Ethics
117,Linguistics
118,Food
119,Library Science
120,Reading
121,Crisis Management
122,View all Humanities
123,Engineering
124,Electrical Engineering
125,Mechanical Engineering
126,Civil Engineering
127,Robotics
128,Nanotechnology
129,GIS
130,Textiles
131,Manufacturing
132,BIM
133,CAD
134,Chemical Engineering
135,Energy Systems
136,Aerospace Engineering
137,View all Engineering
138,Science
139,Chemistry
140,Physics
141,Environmental Science
142,Astronomy
143,Biology
144,Agriculture
145,Materials Science
146,Earth Science
147,Applied Science
148,Forensic Science
149,View all Science
150,Education & Teaching
151,K12
152,Higher Education
153,STEM
154,Teacher Professional Development
155,Course Development
156,Online Education
157,Test Prep
158,Pedagogy
159,View all Education & Teaching
160,Social Sciences
161,Sociology
162,Economics
163,Psychology
164,Anthropology
165,Political Science
166,Law
167,Urban Planning
168,Human Rights
169,Sustainability
170,Governance
171,Archaeology
172,Social Work
173,View all Social Sciences
174,Art & Design
175,Music
176,Digital Media
177,Visual Arts
178,Design & Creativity
179,View all Art & Design
180,Data Science
181,Bioinformatics
182,Big Data
183,Data Mining
184,Data Analysis
185,Data Visualization
186,Jupyter Notebooks
187,View all Data Science
188,Programming
189,Mobile Development
190,Web Development
191,Databases
192,Game Development
193,Programming Languages
194,Software Development
195,Cloud Computing
196,View all Programming
197,Personal Development
198,Communication Skills
199,Career Development
200,Self Improvement
201,Presentation Skills
202,Resilience
203,View all Personal Development
204,Information Security (InfoSec)
205,Cybersecurity
206,Network Security
207,Ethical Hacking
208,Digital Forensics
209,Reverse Engineering
210,Penetration Testing
211,Malware Analysis
212,DevSecOps
213,OSINT (Open Source Intelligence)
214,Threat Intelligence
215,Information Security Certifications
216,Red Team
217,Blue Team
218,View all Information Security (InfoSec)
219,The Report
220,2022 Year in Review: The “New Normal” that Wasn’t
221,"The pandemic ushered in a “new normal” in online learning, but it culminated in layoffs and stock drops."
222,Dhawal Shah
223,"Jan 02, 2023"
224,Latest
225,"Review of Goldman Sachs 10,000 Women Courses"
226,10 Best Japanese Courses to Take in 2023
227,7 Best Erlang Courses to Take in 2023
228,Harvard CS50 Guide: How to Pick the Right Course (with Free Certificate)
229,10 Best CSS Animation Courses to Take in 2023
230,Visit
231,The Report
232,"DDoS Attack on Class Central: Mitigation, SEO Impact, and Costs"
233,Trending
234,Most common
235,sql
236,law
237,computer science
238,Popular subjects
239,Digital Skills
240,209 courses
241,Programming
242,"24,443 courses"
243,Information Technology (IT) Certifications
244,504 courses
245,Popular courses
246,The Science of Happiness
247,"University of California, Berkeley"
248,Introduction to Financial Accounting
249,University of Pennsylvania
250,Cryptography I
251,Stanford University
252,Organize and share your learning with Class Central Lists.
253,View our
254,Lists Showcase
255,Sign up
256,Log in
257,or
258,Sign up
259,Log in
260,Sign up
261,Subjects
262,Data Science
263,Free Online
264,Data Science Courses
265,"Learn Data Science, earn certificates with paid and free online courses from Harvard, Stanford, MIT, University of Pennsylvania and other top universities around the world. Read reviews to decide if a class is right for you."
266,Follow
267,347.3k
268,Share
269,"2,864 courses"
270,Related Subjects
271,Python Courses
272,Machine Learning Courses
273,Deep Learning Courses
274,Data Analysis Courses
275,Artificial Intelligence Courses
276,Statistics & Probability Courses
277,R Programming Courses
278,Natural Language Processing (NLP) Courses
279,Best Courses Guides
280,Class Central's Top Data Science Courses
281,We've picked the best online courses to learn Data Science from the Class Central catalog.
282,Some courses are practical and interactive while others are more comprehensive.
283,Read the Guide
284,Introduction to Computational Thinking and Data Science
285,31 reviews
286,"Foundations: Data, Data, Everywhere"
287,4 reviews
288,Data Science: R Basics
289,11 reviews
290,"Python for Data Science - Course for Beginners (Learn Python, Pandas, NumPy, Matplotlib)"
291,4 reviews
292,Understanding Data Science
293,A Crash Course in Data Science
294,25 reviews
295,Eindhoven University of Technology
296,Process Mining: Data science in Action
297,17 reviews
298,Data Science Math Skills
299,12 reviews
300,Python for Machine Learning & Data Science Masterclass
301,Data Science with R
302,Show all 10 courses
303,All Data Science Courses
304,Showing
305,"2,864 courses"
306,Filter
307,Sort by Relevancy
308,Relevancy
309,Highest rated
310,Lowest rated
311,Most recently added
312,Filter by
313,Clear All
314,Filters
315,With certificate
316,(2212)
317,Free course
318,(1390)
319,With free certificate
320,(23)
321,University course only
322,(743)
323,Level
324,Beginner
325,(1138)
326,Intermediate
327,(494)
328,Advanced
329,(71)
330,Duration
331,1-5 hours
332,(908)
333,5-10 hours
334,(275)
335,10+ hours
336,(1248)
337,Language
338,English
339,(2387)
340,Arabic
341,(35)
342,Bengali
343,(1)
344,Chinese
345,(11)
346,Estonian
347,(1)
348,French
349,(52)
350,German
351,(32)
352,Hindi
353,(7)
354,Indonesian
355,(10)
356,Italian
357,(13)
358,Japanese
359,(32)
360,Korean
361,(5)
362,Portuguese
363,(46)
364,Russian
365,(47)
366,Spanish
367,(168)
368,Thai
369,(7)
370,Turkish
371,(10)
372,See all
373,"Show 2,864 courses"
374,Clear Filters
375,The Data Scientist’s Toolbox
376,166 reviews
377,"In this course you will get an introduction to the main tools and ideas in the data scientist's toolbox. The course gives an overview of the data, questions, and tools that data analysts and data scientists work with. There are two components to this cou…"
378,Add to list
379,Quick View
380,Coursera
381,"18 hours worth of material, 4 weeks long"
382,"6th Feb, 2023"
383,Free Online Course (Audit)
384,R Programming
385,246 reviews
386,In this course you will learn how to program in R and how to use R for effective data analysis. You will learn how to install and configure software necessary for a statistical programming environment and describe generic programming language concepts as…
387,Add to list
388,Quick View
389,Coursera
390,"57 hours worth of material, 4 weeks long"
391,"6th Feb, 2023"
392,Free Online Course (Audit)
393,Microcredential
394,Computational Social Science
395,115 reviews
396,"For more information please view the Computational Social Science Trailer

Digital technology has not only revolutionized society, but also the way we can study it. Currently, this is taken advantage of by the most valuable companies in Silicon Valley, t…"
397,Add to list
398,Quick View
399,Coursera
400,"3 hours a week, 26 weeks long"
401,Paid Course
402,5 courses
403,The Analytics Edge
404,80 reviews
405,"Through inspiring examples and stories, discover the power of data and use analytics to provide an edge to your career and your life."
406,Add to list
407,Quick View
408,edX
409,"10-15 hours a week, 13 weeks long"
410,Self paced
411,Free Online Course (Audit)
412,Best of All Time
413,University System of Maryland
414,;
415,University of Maryland
416,Data Science and Agile Systems for Product Management
417,65 reviews
418,"Deliver faster, higher quality, and fault-tolerant products regardless of industry using the latest in Agile, DevOps, and Data Science."
419,Add to list
420,Quick View
421,edX
422,"2-3 hours a week, 4 weeks long"
423,Self paced
424,Free Online Course (Audit)
425,Getting and Cleaning Data
426,57 reviews
427,"Before you can work with data you have to get some. This course will cover the basic ways that data can be obtained. The course will cover obtaining data from the web, from APIs, from databases and from colleagues in various formats. It will also cover t…"
428,Add to list
429,Quick View
430,Coursera
431,"20 hours worth of material, 4 weeks long"
432,"6th Feb, 2023"
433,Free Online Course (Audit)
434,Kaggle
435,Microcredential
436,Become a Data Analyst
437,71 reviews
438,"Successful Data Analysts have a unique set of skills, and represent important value to organizations eager to make data-powered business decisions. In this program, you&rsquo;ll learn to use Python, SQL, and statistics to uncover insights, communicate cr…"
439,Add to list
440,Quick View
441,Udacity
442,"10 hours a week, 17 weeks long"
443,Paid Course
444,Introduction to Big Data
445,35 reviews
446,Interested in increasing your knowledge of the Big Data landscape?  This course is for those new to data science and interested in understanding why the Big Data Era has come to be.  It is for those who want to become conversant with the terminology and…
447,Add to list
448,Quick View
449,Coursera
450,"17 hours worth of material, 3 weeks long"
451,"13th Feb, 2023"
452,Free Online Course (Audit)
453,Introduction to Data Science in Python
454,46 reviews
455,"This course will introduce the learner to the basics of the python programming environment, including fundamental python programming techniques such as lambdas, reading and manipulating csv files, and the numpy library. The course will introduce data man…"
456,Add to list
457,Quick View
458,Coursera
459,"35 hours worth of material, 4 weeks long"
460,"6th Feb, 2023"
461,Free Online Course (Audit)
462,Python for Data Science
463,47 reviews
464,"Learn to use powerful, open-source, Python tools, including Pandas, Git and Matplotlib, to manipulate, analyze, and visualize complex datasets."
465,Add to list
466,Quick View
467,edX
468,"8-10 hours a week, 10 weeks long"
469,"1st Aug, 2023"
470,Free Online Course (Audit)
471,Best of All Time
472,Introducción a la Ciencia de Datos con Python
473,70 reviews
474,"En este curso, aprenderás los conceptos generales de la ciencia de datos utilizando el lenguaje de programación Python. Serás capaz de recolectar contenido en la web, limpiar los datos y prepararlos para su visualización y gestión."
475,Add to list
476,Quick View
477,edX
478,"6-8 hours a week, 4 weeks long"
479,Self paced
480,Free Online Course (Audit)
481,Best of All Time
482,A Crash Course in Data Science
483,25 reviews
484,"By now you have definitely heard about data science and big data. In this one-week class, we will provide a crash course in what these terms mean and how they play a role in successful organizations. This class is for anyone who wants to learn what all t…"
485,Add to list
486,Quick View
487,Coursera
488,"7-8 hours worth of material, 1 week long"
489,"13th Feb, 2023"
490,Free Online Course (Audit)
491,Probability - The Science of Uncertainty and Data
492,34 reviews
493,"Build foundational knowledge of data science with this introduction to probabilistic models, including random processes and the basic elements of statistical inference -- Part of the MITx MicroMasters program in Statistics and Data Science."
494,Add to list
495,Quick View
496,edX
497,"10-14 hours a week, 16 weeks long"
498,"15th May, 2023"
499,Free Online Course (Audit)
500,Best of All Time
501,Mastering Data Analysis in Excel
502,26 reviews
503,"Important: The focus of this course is on math - specifically, data-analysis concepts and methods - not on Excel for its own sake. We use Excel to do our calculations, and all math formulas are given as Excel Spreadsheets, but we do not attempt to cover…"
504,Add to list
505,Quick View
506,Coursera
507,"21 hours worth of material, 6 weeks long"
508,"13th Feb, 2023"
509,Free Online Course (Audit)
510,Hadoop Platform and Application Framework
511,25 reviews
512,"This course is for novice programmers or business people who would like to understand the core tools used to wrangle and analyze big data. With no prior experience, you will have the opportunity to walk through hands-on examples with Hadoop and Spark fra…"
513,Add to list
514,Quick View
515,Coursera
516,"26 hours worth of material, 5 weeks long"
517,"13th Feb, 2023"
518,Free Online Course (Audit)
519,Load more
520,Load the next 15 courses of 2849
521,Home
522,Browse by subject
523,Computer Science
524,Psychology
525,Cybersecurity
526,Health
527,Law
528,Accounting
529,Web Development
530,Browse by provider
531,Coursera
532,edX
533,FutureLearn
534,Udacity
535,Swayam
536,Udemy
537,LinkedIn Learning
538,Browse by university
539,Harvard
540,Stanford
541,Georgia Tech
542,University of Michigan
543,Purdue University
544,Duke University
545,IIT Madras
546,Browse by institution
547,Google
548,Microsoft
549,IBM
550,Amazon
551,Linux Foundation
552,British Council
553,Salesforce
554,Rankings
555,Best Online Courses of All Time
556,Best Online Courses of the Year
557,Most Popular Courses of All Time
558,Most Popular Courses of the Year
559,250 Top FREE Coursera Courses of All Time
560,100 Top FREE edX Courses of All Time
561,250 Top Udemy Courses of All Time
562,The Report
563,by Class Central
564,RSS Feed
565,"The ""New Normal"" that Wasn't"
566,DDoS Attack on Class Central
567,500+ Online Degrees in India
568,Harvard's CS50 Free Certificate Guide
569,How Open University Works
570,Free Certificates & Courses
571,700+ Free Google Certificates
572,Free LinkedIn Learning Certificates
573,1600+ Free Coursera Courses
574,Ivy League Online Courses
575,175+ Free Writing Online Courses
576,About Class Central
577,"Class Central aggregates courses from many providers to help you find the best courses on almost any subject, wherever they exist."
578,Facebook
579,Twitter
580,LinkedIn
581,YouTube
582,Class Central © 2011-2023
583,Privacy Policy
584,About Us
585,Join Us
586,Help Center
587,Contact Us
588,Share
589,Facebook
590,Twitter
591,Email
592,Copy link
593,Never Stop Learning.
594,"Get personalized course recommendations, track subjects and courses with reminders, and more."
595,Sign up for free
