,link scrapped text
0,700+ Free Certificates from Google!
1,View
2,Close
3,Class Central
4,Courses
5,Class Central
6,Rankings
7,Collections
8,Subjects
9,View all
10,Computer Science
11,Health & Medicine
12,Mathematics
13,Business
14,Humanities
15,Engineering
16,Science
17,Education & Teaching
18,Social Sciences
19,Art & Design
20,Data Science
21,Programming
22,Personal Development
23,Information Security (InfoSec)
24,View all Subjects
25,Universities
26,The Report
27,Courses from
28,1000+ universities
29,Rankings
30,Best Courses
31,Best of All Time
32,Best of the Year 2022
33,Best of the Year 2021
34,Most Popular Courses
35,Most Popular of All Time
36,Most Popular of the Year 2022
37,Most Popular of the Year 2021
38,Collections
39,Monthly Course Reports
40,Starting this Month
41,New Online Courses
42,Most Popular
43,Computer Science
44,Artificial Intelligence
45,Algorithms and Data Structures
46,Internet of Things
47,Information Technology
48,Computer Networking
49,Machine Learning
50,DevOps
51,Deep Learning
52,Cryptography
53,Quantum Computing
54,Human-Computer Interaction (HCI)
55,Distributed Systems
56,Blockchain Development
57,Operating Systems
58,Computer Graphics
59,View all Computer Science
60,Health & Medicine
61,Nutrition & Wellness
62,Disease & Disorders
63,Public Health
64,Health Care
65,Nursing
66,Anatomy
67,Veterinary Science
68,Continuing Medical Education (CME)
69,View all Health & Medicine
70,Mathematics
71,Statistics & Probability
72,Foundations of Mathematics
73,Calculus
74,Discrete Mathematics
75,Trigonometry
76,Geometry
77,Algebra
78,Precalculus
79,Number Theory
80,Combinatorics
81,Mathematical logic
82,Linear Programming
83,View all Mathematics
84,Business
85,Management & Leadership
86,Finance
87,Entrepreneurship
88,Marketing
89,Strategic Management
90,Industry Specific
91,Business Intelligence
92,Accounting
93,Human Resources
94,Project Management
95,Sales
96,Design Thinking
97,Business Software
98,Risk Management
99,Corporate Social Responsibility
100,Customer Service
101,Nonprofit Management
102,Innovation
103,Operations Management
104,View all Business
105,Humanities
106,History
107,Literature
108,Language Learning
109,Grammar & Writing
110,Philosophy
111,Religion
112,ESL
113,Culture
114,Sports
115,Journalism
116,Ethics
117,Linguistics
118,Food
119,Library Science
120,Reading
121,Crisis Management
122,View all Humanities
123,Engineering
124,Electrical Engineering
125,Mechanical Engineering
126,Civil Engineering
127,Robotics
128,Nanotechnology
129,GIS
130,Textiles
131,Manufacturing
132,BIM
133,CAD
134,Chemical Engineering
135,Energy Systems
136,Aerospace Engineering
137,View all Engineering
138,Science
139,Chemistry
140,Physics
141,Environmental Science
142,Astronomy
143,Biology
144,Agriculture
145,Materials Science
146,Earth Science
147,Applied Science
148,Forensic Science
149,View all Science
150,Education & Teaching
151,K12
152,Higher Education
153,STEM
154,Teacher Professional Development
155,Course Development
156,Online Education
157,Test Prep
158,Pedagogy
159,View all Education & Teaching
160,Social Sciences
161,Sociology
162,Economics
163,Psychology
164,Anthropology
165,Political Science
166,Law
167,Urban Planning
168,Human Rights
169,Sustainability
170,Governance
171,Archaeology
172,Social Work
173,View all Social Sciences
174,Art & Design
175,Music
176,Digital Media
177,Visual Arts
178,Design & Creativity
179,View all Art & Design
180,Data Science
181,Bioinformatics
182,Big Data
183,Data Mining
184,Data Analysis
185,Data Visualization
186,Jupyter Notebooks
187,View all Data Science
188,Programming
189,Mobile Development
190,Web Development
191,Databases
192,Game Development
193,Programming Languages
194,Software Development
195,Cloud Computing
196,View all Programming
197,Personal Development
198,Communication Skills
199,Career Development
200,Self Improvement
201,Presentation Skills
202,Resilience
203,View all Personal Development
204,Information Security (InfoSec)
205,Cybersecurity
206,Network Security
207,Ethical Hacking
208,Digital Forensics
209,Reverse Engineering
210,Penetration Testing
211,Malware Analysis
212,DevSecOps
213,OSINT (Open Source Intelligence)
214,Threat Intelligence
215,Information Security Certifications
216,Red Team
217,Blue Team
218,View all Information Security (InfoSec)
219,The Report
220,2022 Year in Review: The “New Normal” that Wasn’t
221,"The pandemic ushered in a “new normal” in online learning, but it culminated in layoffs and stock drops."
222,Dhawal Shah
223,"Jan 02, 2023"
224,Latest
225,"Review of Goldman Sachs 10,000 Women Courses"
226,10 Best Japanese Courses to Take in 2023
227,7 Best Erlang Courses to Take in 2023
228,Harvard CS50 Guide: How to Pick the Right Course (with Free Certificate)
229,10 Best CSS Animation Courses to Take in 2023
230,Visit
231,The Report
232,"DDoS Attack on Class Central: Mitigation, SEO Impact, and Costs"
233,Trending
234,Most common
235,English
236,data science
237,finance
238,Popular subjects
239,Digital Skills
240,209 courses
241,Programming
242,"24,443 courses"
243,Information Technology (IT) Certifications
244,504 courses
245,Popular courses
246,The Science of Happiness
247,"University of California, Berkeley"
248,Introduction to Financial Accounting
249,University of Pennsylvania
250,Cryptography I
251,Stanford University
252,Organize and share your learning with Class Central Lists.
253,View our
254,Lists Showcase
255,Sign up
256,Log in
257,or
258,Sign up
259,Log in
260,Sign up
261,Subjects
262,Computer Science
263,Deep Learning
264,Free Online
265,Deep Learning Courses
266,"Learn Deep Learning, earn certificates with free online courses from Stanford, MIT, University of Michigan, University of Illinois and other top universities around the world. Read reviews to decide if a class is right for you."
267,Follow
268,175.0k
269,Share
270,407 courses
271,Related Subjects
272,Machine Learning Courses
273,TensorFlow Courses
274,Artificial Intelligence Courses
275,Data Science Courses
276,Neural Networks Courses
277,Deep Learning Courses
278,PyTorch Courses
279,Natural Language Processing (NLP) Courses
280,Best Courses Guides
281,Class Central's Top Deep Learning Courses
282,We've picked the best online courses to learn Deep Learning from the Class Central catalog.
283,Deep learning is a machine learning technique that uses artificial neural networks to learn from data.
284,Read the Guide
285,DeepLearning.AI
286,;
287,Stanford University
288,Neural Networks and Deep Learning
289,15 reviews
290,MIT 6.S191: Introduction to Deep Learning 2021
291,2 reviews
292,NYU Deep Learning SP21
293,Facebook
294,Intro to Deep Learning with PyTorch
295,2 reviews
296,fast.ai
297,Practical Deep Learning For Coders
298,8 reviews
299,Introduction to Deep Learning & Neural Networks with Keras
300,Deep Learning with PyTorch: Zero to GANs
301,Probabilistic Deep Learning with TensorFlow 2
302,Machine Learning with Python: from Linear Models to Deep Learning
303,25 reviews
304,Deep Learning Applications for Computer Vision
305,Show all 10 courses
306,All Deep Learning Courses
307,Showing
308,407 courses
309,Filter
310,Sort by Relevancy
311,Relevancy
312,Highest rated
313,Lowest rated
314,Most recently added
315,Filter by
316,Clear All
317,Filters
318,With certificate
319,(277)
320,Free course
321,(223)
322,With free certificate
323,(30)
324,University course only
325,(59)
326,Level
327,Intermediate
328,(111)
329,Beginner
330,(87)
331,Advanced
332,(16)
333,Duration
334,1-5 hours
335,(131)
336,5-10 hours
337,(40)
338,10+ hours
339,(147)
340,Language
341,English
342,(334)
343,Arabic
344,(2)
345,Chinese
346,(5)
347,French
348,(11)
349,German
350,(7)
351,Hindi
352,(1)
353,Indonesian
354,(2)
355,Italian
356,(2)
357,Japanese
358,(9)
359,Korean
360,(7)
361,Portuguese
362,(3)
363,Russian
364,(3)
365,Spanish
366,(11)
367,Thai
368,(1)
369,Turkish
370,(7)
371,Vietnamese
372,(2)
373,See all
374,Show 407 courses
375,Clear Filters
376,Machine Learning with Python: from Linear Models to Deep Learning
377,25 reviews
378,"An in-depth introduction to the field of machine learning, from linear models to deep learning and reinforcement learning, through hands-on Python projects. -- Part of the MITx MicroMasters program in Statistics and Data Science."
379,Add to list
380,Quick View
381,edX
382,"10-14 hours a week, 15 weeks long"
383,Self paced
384,Free Online Course (Audit)
385,Convolutional Neural Networks for Visual Recognition (Spring 2017)
386,5 reviews
387,"This lecture collection is a deep dive into details of the deep learning architectures with a focus on learning end-to-end models for these tasks, particularly image classification."
388,Add to list
389,Quick View
390,YouTube
391,20 hours worth of material
392,On-Demand
393,Free Online Course
394,"Stanford Seminar: HPC Opportunities in Deep Learning - Greg Diamos, Baidu"
395,Syllabus: Introduction.  Success this year.  Deep speech 2.  Deep learning scales.  The opportunity for HPC.  Workload characteristics.  Beware of ignoring work efficiency.  Beware of ignoring speed of light.  Dense compute.  Fast Interconnects.  Elastic…
396,Add to list
397,YouTube
398,1-2 hours worth of material
399,On-Demand
400,Free Online Course
401,Stanford Seminar - Deep Learning in Speech Recognition
402,"Syllabus: Introduction.  Birth of Artificial Intelligence.  Checkers (Arthur Samuel, 1956).  ELIZA (Weizenbaum 1966).  2001 Space Odyssey (Stanley Kubrick, 1968).  Deep Blue (IBM, 1997).  Deep Learning (Hinton, 2006).  Jeopardy (IBM, 2011).  The imitatio…"
403,Add to list
404,YouTube
405,1-2 hours worth of material
406,On-Demand
407,Free Online Course
408,Stanford Seminar - Deep Learning for Medical Diagnoses
409,Syllabus: Introduction.  Traditional Model of Clinical.  Diagnostic Procedure with Al.  Information Gathering Step.  Diagnostic Testing with Al.  Machine Learning Framework.  Next Paradigm shift?.  Arrhythmia detection.  Future of continuous monitoring.…
410,Add to list
411,YouTube
412,Less than 1 hour of material
413,On-Demand
414,Free Online Course
415,Stanford Seminar - Persistent and Unforgeable Watermarks for DeepNeural Networks
416,Syllabus: Introduction.  DNNS ARE INCREASINGLY POPULAR.  DEEP NEURAL NETWORK (DNN).  DNNS ARE HARD TO TRAIN.  TWO WAYS TO BUY MODELS FROM COMPANIES.  IP PROTECTION FOR MODEL OWNER.  WATERMARKS ARE WIDELY USED FOR OWNERSHIP PROOF.  THREAT MODEL.  ATTACKS…
417,Add to list
418,YouTube
419,1-2 hours worth of material
420,On-Demand
421,Free Online Course
422,Stanford CS330: Deep Multi-Task and Meta Learning
423,"Syllabus: Stanford CS330: Multi-Task and Meta-Learning, 2019 | Lecture 1 - Introduction & Overview. Stanford CS330: Multi-Task and Meta-Learning, 2019 | Lecture 2 - Multi-Task & Meta-Learning Basics. Stanford CS330: Multi-Task and Meta-Learning, 2019 | L…"
424,Add to list
425,YouTube
426,18 hours worth of material
427,On-Demand
428,Free Online Course
429,Stanford Seminar - Deep Learning for Symbolic Mathematics - Guillaume Lample & Francois Charton
430,Syllabus: Introduction.  Deep learning for symbolic mathematics.  Starting point.  Basic intuition.  The plan.  From expressions to trees.  Generating data.  Symbolic integration (forward approach).  Symbolic integration (backward approach).  Symbolic in…
431,Add to list
432,YouTube
433,Less than 1 hour of material
434,On-Demand
435,Free Online Course
436,MIT 6.S191: Introduction to Deep Learning 2021
437,2 reviews
438,"Deep Learning is subset of machine learning focused on extracting patterns from data using neural networks and use those patterns to inform the learning tasks. It is all about teaching computers how to learn a task from raw data.


The course will start…"
439,Add to list
440,Quick View
441,YouTube
442,29 hours worth of material
443,On-Demand
444,Free Online Course
445,DeepLearning.AI
446,;
447,Stanford
448,Convolutional Neural Networks
449,8 reviews
450,"This course will teach you how to build convolutional neural networks and apply it to image data. Thanks to deep learning, computer vision is working far better than just two years ago, and this is enabling numerous exciting applications ranging from saf…"
451,Add to list
452,Quick View
453,Coursera
454,"36 hours worth of material, 4 weeks long"
455,"13th Feb, 2023"
456,Free Online Course (Audit)
457,"MIT 16.412J Cognitive Robotics, Spring 2016"
458,1 review
459,"This is an advanced lecture series from MIT 16.412 Cognitive Robotics of Spring 2016, led by MIT students."
460,Add to list
461,Quick View
462,YouTube
463,8 hours worth of material
464,On-Demand
465,Free Online Course
466,Deep Learning in Life Sciences - Spring 2021
467,"Learn Deep Learning in Life Sciences with Prof. Manolis Kellis from MIT! In this spring 2021 course, you will learn about AI, ML, machine learning foundations, Convolutional Neural Networks CNNs, Recurrent Neural Networks RNNs, Graph Neural Networks GNNs…"
468,Add to list
469,Quick View
470,YouTube
471,31 hours worth of material
472,On-Demand
473,Free Online Course
474,MIT Deep Learning in Life Sciences 6.874 Spring 2020
475,Syllabus: MIT Deep Learning Genomics - Lecture 3 - Convolutional Neural Networks CNNs (Spring 2020).MIT Deep Learning Genomics - Lecture 4 - Recurrent Neural Networks (Spring 2020).MIT Deep Learning Genomics - Lecture 1 - Machine Learning Intro (Spring 2…
476,Add to list
477,YouTube
478,19 hours worth of material
479,On-Demand
480,Free Online Course
481,Deep Learning for Computer Vision
482,1 review
483,"Computer Vision has become ubiquitous in our society, with applications in search, image understanding, apps, mapping, medicine, drones, and self-driving cars. Core to many of these applications are visual recognition tasks such as image classification a…"
484,Add to list
485,Quick View
486,YouTube
487,26 hours worth of material
488,On-Demand
489,Free Online Course
490,Advanced Deep Learning Methods for Healthcare
491,"This course covers deep learning (DL) methods, healthcare data and applications using DL methods. The courses include activities such as video lectures, self guided programming labs, homework assignments (both written and programming), and a large projec…"
492,Add to list
493,Quick View
494,Coursera
495,"16 hours worth of material, 4 weeks long"
496,"13th Feb, 2023"
497,Free Online Course (Audit)
498,Load more
499,Load the next 15 courses of 392
500,Home
501,Browse by subject
502,Computer Science
503,Psychology
504,Cybersecurity
505,Health
506,Law
507,Accounting
508,Web Development
509,Browse by provider
510,Coursera
511,edX
512,FutureLearn
513,Udacity
514,Swayam
515,Udemy
516,LinkedIn Learning
517,Browse by university
518,Harvard
519,Stanford
520,Georgia Tech
521,University of Michigan
522,Purdue University
523,Duke University
524,IIT Madras
525,Browse by institution
526,Google
527,Microsoft
528,IBM
529,Amazon
530,Linux Foundation
531,British Council
532,Salesforce
533,Rankings
534,Best Online Courses of All Time
535,Best Online Courses of the Year
536,Most Popular Courses of All Time
537,Most Popular Courses of the Year
538,250 Top FREE Coursera Courses of All Time
539,100 Top FREE edX Courses of All Time
540,250 Top Udemy Courses of All Time
541,The Report
542,by Class Central
543,RSS Feed
544,"The ""New Normal"" that Wasn't"
545,DDoS Attack on Class Central
546,500+ Online Degrees in India
547,Harvard's CS50 Free Certificate Guide
548,How Open University Works
549,Free Certificates & Courses
550,700+ Free Google Certificates
551,Free LinkedIn Learning Certificates
552,1600+ Free Coursera Courses
553,Ivy League Online Courses
554,175+ Free Writing Online Courses
555,About Class Central
556,"Class Central aggregates courses from many providers to help you find the best courses on almost any subject, wherever they exist."
557,Facebook
558,Twitter
559,LinkedIn
560,YouTube
561,Class Central © 2011-2023
562,Privacy Policy
563,About Us
564,Join Us
565,Help Center
566,Contact Us
567,Share
568,Facebook
569,Twitter
570,Email
571,Copy link
572,Never Stop Learning.
573,"Get personalized course recommendations, track subjects and courses with reminders, and more."
574,Sign up for free
