,link scrapped text
0,700+ Free Certificates from Google!
1,View
2,Close
3,Class Central
4,Courses
5,Class Central
6,Rankings
7,Collections
8,Subjects
9,View all
10,Computer Science
11,Health & Medicine
12,Mathematics
13,Business
14,Humanities
15,Engineering
16,Science
17,Education & Teaching
18,Social Sciences
19,Art & Design
20,Data Science
21,Programming
22,Personal Development
23,Information Security (InfoSec)
24,View all Subjects
25,Universities
26,The Report
27,Courses from
28,1000+ universities
29,Rankings
30,Best Courses
31,Best of All Time
32,Best of the Year 2022
33,Best of the Year 2021
34,Most Popular Courses
35,Most Popular of All Time
36,Most Popular of the Year 2022
37,Most Popular of the Year 2021
38,Collections
39,Monthly Course Reports
40,Starting this Month
41,New Online Courses
42,Most Popular
43,Computer Science
44,Artificial Intelligence
45,Algorithms and Data Structures
46,Internet of Things
47,Information Technology
48,Computer Networking
49,Machine Learning
50,DevOps
51,Deep Learning
52,Cryptography
53,Quantum Computing
54,Human-Computer Interaction (HCI)
55,Distributed Systems
56,Blockchain Development
57,Operating Systems
58,Computer Graphics
59,View all Computer Science
60,Health & Medicine
61,Nutrition & Wellness
62,Disease & Disorders
63,Public Health
64,Health Care
65,Nursing
66,Anatomy
67,Veterinary Science
68,Continuing Medical Education (CME)
69,View all Health & Medicine
70,Mathematics
71,Statistics & Probability
72,Foundations of Mathematics
73,Calculus
74,Discrete Mathematics
75,Trigonometry
76,Geometry
77,Algebra
78,Precalculus
79,Number Theory
80,Combinatorics
81,Mathematical logic
82,Linear Programming
83,View all Mathematics
84,Business
85,Management & Leadership
86,Finance
87,Entrepreneurship
88,Marketing
89,Strategic Management
90,Industry Specific
91,Business Intelligence
92,Accounting
93,Human Resources
94,Project Management
95,Sales
96,Design Thinking
97,Business Software
98,Risk Management
99,Corporate Social Responsibility
100,Customer Service
101,Nonprofit Management
102,Innovation
103,Operations Management
104,View all Business
105,Humanities
106,History
107,Literature
108,Language Learning
109,Grammar & Writing
110,Philosophy
111,Religion
112,ESL
113,Culture
114,Sports
115,Journalism
116,Ethics
117,Linguistics
118,Food
119,Library Science
120,Reading
121,Crisis Management
122,View all Humanities
123,Engineering
124,Electrical Engineering
125,Mechanical Engineering
126,Civil Engineering
127,Robotics
128,Nanotechnology
129,GIS
130,Textiles
131,Manufacturing
132,BIM
133,CAD
134,Chemical Engineering
135,Energy Systems
136,Aerospace Engineering
137,View all Engineering
138,Science
139,Chemistry
140,Physics
141,Environmental Science
142,Astronomy
143,Biology
144,Agriculture
145,Materials Science
146,Earth Science
147,Applied Science
148,Forensic Science
149,View all Science
150,Education & Teaching
151,K12
152,Higher Education
153,STEM
154,Teacher Professional Development
155,Course Development
156,Online Education
157,Test Prep
158,Pedagogy
159,View all Education & Teaching
160,Social Sciences
161,Sociology
162,Economics
163,Psychology
164,Anthropology
165,Political Science
166,Law
167,Urban Planning
168,Human Rights
169,Sustainability
170,Governance
171,Archaeology
172,Social Work
173,View all Social Sciences
174,Art & Design
175,Music
176,Digital Media
177,Visual Arts
178,Design & Creativity
179,View all Art & Design
180,Data Science
181,Bioinformatics
182,Big Data
183,Data Mining
184,Data Analysis
185,Data Visualization
186,Jupyter Notebooks
187,View all Data Science
188,Programming
189,Mobile Development
190,Web Development
191,Databases
192,Game Development
193,Programming Languages
194,Software Development
195,Cloud Computing
196,View all Programming
197,Personal Development
198,Communication Skills
199,Career Development
200,Self Improvement
201,Presentation Skills
202,Resilience
203,View all Personal Development
204,Information Security (InfoSec)
205,Cybersecurity
206,Network Security
207,Ethical Hacking
208,Digital Forensics
209,Reverse Engineering
210,Penetration Testing
211,Malware Analysis
212,DevSecOps
213,OSINT (Open Source Intelligence)
214,Threat Intelligence
215,Information Security Certifications
216,Red Team
217,Blue Team
218,View all Information Security (InfoSec)
219,The Report
220,2022 Year in Review: The “New Normal” that Wasn’t
221,"The pandemic ushered in a “new normal” in online learning, but it culminated in layoffs and stock drops."
222,Dhawal Shah
223,"Jan 02, 2023"
224,Latest
225,"Review of Goldman Sachs 10,000 Women Courses"
226,10 Best Japanese Courses to Take in 2023
227,7 Best Erlang Courses to Take in 2023
228,Harvard CS50 Guide: How to Pick the Right Course (with Free Certificate)
229,10 Best CSS Animation Courses to Take in 2023
230,Visit
231,The Report
232,"DDoS Attack on Class Central: Mitigation, SEO Impact, and Costs"
233,Trending
234,Most common
235,English
236,finance
237,machine learning
238,Popular subjects
239,Digital Skills
240,209 courses
241,Programming
242,"24,443 courses"
243,Information Technology (IT) Certifications
244,504 courses
245,Popular courses
246,The Science of Happiness
247,"University of California, Berkeley"
248,Introduction to Financial Accounting
249,University of Pennsylvania
250,Cryptography I
251,Stanford University
252,Organize and share your learning with Class Central Lists.
253,View our
254,Lists Showcase
255,Sign up
256,Log in
257,or
258,Sign up
259,Log in
260,Sign up
261,Subjects
262,Computer Science
263,DevOps
264,Free Online
265,DevOps Courses
266,"Learn DevOps, earn certificates with paid and free online courses from Harvard, Stanford, Duke, University of Illinois and other top universities around the world. Read reviews to decide if a class is right for you."
267,Follow
268,70.5k
269,Share
270,"1,318 courses"
271,Related Subjects
272,Docker Courses
273,Kubernetes Courses
274,Jenkins Courses
275,CI/CD Courses
276,Cloud Computing Courses
277,Ansible Courses
278,Software Testing Courses
279,Software Development Courses
280,Showing
281,"1,318 courses"
282,Filter
283,Sort by Relevancy
284,Relevancy
285,Highest rated
286,Lowest rated
287,Most recently added
288,Filter by
289,Clear All
290,Filters
291,With certificate
292,(978)
293,Free course
294,(480)
295,With free certificate
296,(16)
297,University course only
298,(31)
299,Level
300,Beginner
301,(412)
302,Intermediate
303,(336)
304,Advanced
305,(31)
306,Duration
307,1-5 hours
308,(629)
309,5-10 hours
310,(152)
311,10+ hours
312,(312)
313,Language
314,English
315,(1180)
316,Arabic
317,(2)
318,Chinese
319,(5)
320,French
321,(28)
322,German
323,(6)
324,Hindi
325,(10)
326,Indonesian
327,(2)
328,Italian
329,(1)
330,Japanese
331,(14)
332,Korean
333,(3)
334,Portuguese
335,(17)
336,Russian
337,(5)
338,Spanish
339,(36)
340,Tamil
341,(2)
342,Telugu
343,(1)
344,Turkish
345,(2)
346,Ukranian
347,(1)
348,Vietnamese
349,(2)
350,See all
351,"Show 1,317 courses"
352,Clear Filters
353,"Cloud Computing Concepts, Part 1"
354,21 reviews
355,"Cloud computing systems today, whether open-source or used inside companies, are built using a common set of core techniques, algorithms, and design philosophies – all centered around distributed systems. Learn about such fundamental distributed computin…"
356,Add to list
357,Quick View
358,Coursera
359,"23 hours worth of material, 5 weeks long"
360,"20th Feb, 2023"
361,Free Online Course (Audit)
362,Cloud Computing Concepts: Part 2
363,6 reviews
364,"Cloud computing systems today, whether open-source or used inside companies, are built using a common set of core techniques, algorithms, and design philosophies – all centered around distributed systems. Learn about such fundamental distributed computin…"
365,Add to list
366,Quick View
367,Coursera
368,"20 hours worth of material, 5 weeks long"
369,"13th Feb, 2023"
370,Free Online Course (Audit)
371,MLOps for Scaling TinyML
372,"This course introduces learners to Machine Learning Operations (MLOps) through the lens of TinyML (Tiny Machine Learning). Learners explore best practices to deploy, monitor, and maintain (tiny) Machine Learning models in production at scale."
373,Add to list
374,Quick View
375,edX
376,"2-4 hours a week, 7 weeks long"
377,Self paced
378,Free Online Course (Audit)
379,Cloud Machine Learning Engineering and MLOps
380,50 ratings at Coursera
381,"Welcome to the fourth course in the Building Cloud Computing Solutions at Scale Specialization! In this course, you will build upon the Cloud computing and data engineering concepts introduced in the first three courses to apply Machine Learning Engineer…"
382,Add to list
383,Quick View
384,Coursera
385,"12 hours worth of material, 3 weeks long"
386,"13th Feb, 2023"
387,Free Online Course (Audit)
388,Open Source Platforms for MLOps
389,This course covers two of the most popular open source platforms for MLOps: MLflow and Hugging Face. We’ll go through the foundations on what it takes to get started in these platforms with basic model and dataset operations. You will start with MLflow u…
390,Add to list
391,Quick View
392,Coursera
393,"13 hours worth of material, 4 weeks long"
394,"13th Feb, 2023"
395,Free Online Course (Audit)
396,DevOps Culture and Mindset
397,508 ratings at Coursera
398,"This course gives you the basic foundational principles of DevOps with a particular focus on culture and the DevOps mindset. We’ll learn about how DevOps is grounded in lean principles, and how it can help improve collaboration between developers and ope…"
399,Add to list
400,Quick View
401,Coursera
402,"15 hours worth of material, 4 weeks long"
403,"13th Feb, 2023"
404,Free Online Course (Audit)
405,Continuous Integration
406,38 ratings at Coursera
407,"In today's world, software development is highly complex and often has large teams of developers working on small pieces of a larger software project. This course will go over the basic principles of using a continuous integration system effectively to c…"
408,Add to list
409,Quick View
410,Coursera
411,"16 hours worth of material, 4 weeks long"
412,"13th Feb, 2023"
413,Free Online Course (Audit)
414,Microcredential
415,Applied Tiny Machine Learning (TinyML) for Scale
416,Tiny Machine Learning (TinyML) is a cutting-edge field that brings the transformative power of machine learning (ML) to the performance- and power-constrained domain of tiny devices and embedded systems. Successful deployment in this field requires intim…
417,Add to list
418,Quick View
419,edX
420,"2-4 hours a week, 18 weeks long"
421,$597.00
422,3 courses
423,Google Cloud
424,;
425,Google
426,Introduction to Cloud Identity
427,2210 ratings at Coursera
428,"Introduction to Cloud Identity serves as the starting place for any new Cloud Identity, Identity/Access Management/Mobile Device Management admins as they begin their journey of managing and establishing security and access management best practices for…"
429,Add to list
430,Quick View
431,Coursera
432,"11 hours worth of material, 1 week long"
433,"20th Feb, 2023"
434,Free Online Course (Audit)
435,Google Cloud
436,;
437,Google
438,Essential Google Cloud Infrastructure: Foundation
439,16429 ratings at Coursera
440,"***NEW! Specialization Completion Challenge, receive Qwiklabs credits valued up to $180!  See below for details.***

This 1-week, accelerated on-demand course introduces participants to the comprehensive and flexible infrastructure and platform services…"
441,Add to list
442,Quick View
443,Coursera
444,"7-8 hours worth of material, 2 weeks long"
445,"13th Feb, 2023"
446,Free Online Course (Audit)
447,Google Cloud
448,;
449,Google
450,Elastic Google Cloud Infrastructure: Scaling and Automation
451,9050 ratings at Coursera
452,"***NEW! Specialization Completion Challenge, receive Qwiklabs credits valued up to $180!  See below for details.***

This accelerated on-demand course introduces participants to the comprehensive and flexible infrastructure and platform services provided…"
453,Add to list
454,Quick View
455,Coursera
456,"7-8 hours worth of material, 2 weeks long"
457,"13th Feb, 2023"
458,Free Online Course (Audit)
459,Google Cloud
460,;
461,Google
462,Essential Google Cloud Infrastructure: Core Services
463,11250 ratings at Coursera
464,"***NEW! Specialization Completion Challenge, receive Qwiklabs credits valued up to $180!  See below for details.***

This accelerated on-demand course introduces participants to the comprehensive and flexible infrastructure and platform services provided…"
465,Add to list
466,Quick View
467,Coursera
468,"8-9 hours worth of material, 2 weeks long"
469,"13th Feb, 2023"
470,Free Online Course (Audit)
471,Google Cloud
472,;
473,Google
474,Preparing for your Professional Cloud Architect Journey
475,1307 ratings at Coursera
476,"From the course: ""The best way to prepare for the exam is to be competent in the skills required of the job.""

This course uses a top-down approach to recognize knowledge and skills already known, and to surface information and skill areas for additional…"
477,Add to list
478,Quick View
479,Coursera
480,"4-5 hours worth of material, 1 week long"
481,"13th Feb, 2023"
482,Free Online Course (Audit)
483,Google Cloud
484,;
485,Google
486,Getting Started with Google Kubernetes Engine
487,3570 ratings at Coursera
488,"This one-week, accelerated online class equips students to containerize workloads in Docker containers, deploy them to Kubernetes clusters provided by Google Kubernetes Engine, and scale those workloads to handle increased traffic.  Students also learn h…"
489,Add to list
490,Quick View
491,Coursera
492,"11 hours worth of material, 1 week long"
493,"13th Feb, 2023"
494,Free Online Course (Audit)
495,Google
496,;
497,Grow with Google
498,Configuration Management and the Cloud
499,2212 ratings at Coursera
500,"In this course, you’ll learn how to apply automation to manage fleets of computers. You’ll understand how to automate the process for deploying new computers, keeping those machines updated, managing large-scale changes, and a lot more. We'll discuss man…"
501,Add to list
502,Quick View
503,Coursera
504,"15 hours worth of material, 4 weeks long"
505,"13th Feb, 2023"
506,Free Online Course (Audit)
507,Load more
508,Load the next 15 courses of 1302
509,Home
510,Browse by subject
511,Computer Science
512,Psychology
513,Cybersecurity
514,Health
515,Law
516,Accounting
517,Web Development
518,Browse by provider
519,Coursera
520,edX
521,FutureLearn
522,Udacity
523,Swayam
524,Udemy
525,LinkedIn Learning
526,Browse by university
527,Harvard
528,Stanford
529,Georgia Tech
530,University of Michigan
531,Purdue University
532,Duke University
533,IIT Madras
534,Browse by institution
535,Google
536,Microsoft
537,IBM
538,Amazon
539,Linux Foundation
540,British Council
541,Salesforce
542,Rankings
543,Best Online Courses of All Time
544,Best Online Courses of the Year
545,Most Popular Courses of All Time
546,Most Popular Courses of the Year
547,250 Top FREE Coursera Courses of All Time
548,100 Top FREE edX Courses of All Time
549,250 Top Udemy Courses of All Time
550,The Report
551,by Class Central
552,RSS Feed
553,"The ""New Normal"" that Wasn't"
554,DDoS Attack on Class Central
555,500+ Online Degrees in India
556,Harvard's CS50 Free Certificate Guide
557,How Open University Works
558,Free Certificates & Courses
559,700+ Free Google Certificates
560,Free LinkedIn Learning Certificates
561,1600+ Free Coursera Courses
562,Ivy League Online Courses
563,175+ Free Writing Online Courses
564,About Class Central
565,"Class Central aggregates courses from many providers to help you find the best courses on almost any subject, wherever they exist."
566,Facebook
567,Twitter
568,LinkedIn
569,YouTube
570,Class Central © 2011-2023
571,Privacy Policy
572,About Us
573,Join Us
574,Help Center
575,Contact Us
576,Share
577,Facebook
578,Twitter
579,Email
580,Copy link
581,Never Stop Learning.
582,"Get personalized course recommendations, track subjects and courses with reminders, and more."
583,Sign up for free
