,link scrapped text
0,700+ Free Certificates from Google!
1,View
2,Close
3,Class Central
4,Courses
5,Class Central
6,Rankings
7,Collections
8,Subjects
9,View all
10,Computer Science
11,Health & Medicine
12,Mathematics
13,Business
14,Humanities
15,Engineering
16,Science
17,Education & Teaching
18,Social Sciences
19,Art & Design
20,Data Science
21,Programming
22,Personal Development
23,Information Security (InfoSec)
24,View all Subjects
25,Universities
26,The Report
27,Courses from
28,1000+ universities
29,Rankings
30,Best Courses
31,Best of All Time
32,Best of the Year 2022
33,Best of the Year 2021
34,Most Popular Courses
35,Most Popular of All Time
36,Most Popular of the Year 2022
37,Most Popular of the Year 2021
38,Collections
39,Monthly Course Reports
40,Starting this Month
41,New Online Courses
42,Most Popular
43,Computer Science
44,Artificial Intelligence
45,Algorithms and Data Structures
46,Internet of Things
47,Information Technology
48,Computer Networking
49,Machine Learning
50,DevOps
51,Deep Learning
52,Cryptography
53,Quantum Computing
54,Human-Computer Interaction (HCI)
55,Distributed Systems
56,Blockchain Development
57,Operating Systems
58,Computer Graphics
59,View all Computer Science
60,Health & Medicine
61,Nutrition & Wellness
62,Disease & Disorders
63,Public Health
64,Health Care
65,Nursing
66,Anatomy
67,Veterinary Science
68,Continuing Medical Education (CME)
69,View all Health & Medicine
70,Mathematics
71,Statistics & Probability
72,Foundations of Mathematics
73,Calculus
74,Discrete Mathematics
75,Trigonometry
76,Geometry
77,Algebra
78,Precalculus
79,Number Theory
80,Combinatorics
81,Mathematical logic
82,Linear Programming
83,View all Mathematics
84,Business
85,Management & Leadership
86,Finance
87,Entrepreneurship
88,Marketing
89,Strategic Management
90,Industry Specific
91,Business Intelligence
92,Accounting
93,Human Resources
94,Project Management
95,Sales
96,Design Thinking
97,Business Software
98,Risk Management
99,Corporate Social Responsibility
100,Customer Service
101,Nonprofit Management
102,Innovation
103,Operations Management
104,View all Business
105,Humanities
106,History
107,Literature
108,Language Learning
109,Grammar & Writing
110,Philosophy
111,Religion
112,ESL
113,Culture
114,Sports
115,Journalism
116,Ethics
117,Linguistics
118,Food
119,Library Science
120,Reading
121,Crisis Management
122,View all Humanities
123,Engineering
124,Electrical Engineering
125,Mechanical Engineering
126,Civil Engineering
127,Robotics
128,Nanotechnology
129,GIS
130,Textiles
131,Manufacturing
132,BIM
133,CAD
134,Chemical Engineering
135,Energy Systems
136,Aerospace Engineering
137,View all Engineering
138,Science
139,Chemistry
140,Physics
141,Environmental Science
142,Astronomy
143,Biology
144,Agriculture
145,Materials Science
146,Earth Science
147,Applied Science
148,Forensic Science
149,View all Science
150,Education & Teaching
151,K12
152,Higher Education
153,STEM
154,Teacher Professional Development
155,Course Development
156,Online Education
157,Test Prep
158,Pedagogy
159,View all Education & Teaching
160,Social Sciences
161,Sociology
162,Economics
163,Psychology
164,Anthropology
165,Political Science
166,Law
167,Urban Planning
168,Human Rights
169,Sustainability
170,Governance
171,Archaeology
172,Social Work
173,View all Social Sciences
174,Art & Design
175,Music
176,Digital Media
177,Visual Arts
178,Design & Creativity
179,View all Art & Design
180,Data Science
181,Bioinformatics
182,Big Data
183,Data Mining
184,Data Analysis
185,Data Visualization
186,Jupyter Notebooks
187,View all Data Science
188,Programming
189,Mobile Development
190,Web Development
191,Databases
192,Game Development
193,Programming Languages
194,Software Development
195,Cloud Computing
196,View all Programming
197,Personal Development
198,Communication Skills
199,Career Development
200,Self Improvement
201,Presentation Skills
202,Resilience
203,View all Personal Development
204,Information Security (InfoSec)
205,Cybersecurity
206,Network Security
207,Ethical Hacking
208,Digital Forensics
209,Reverse Engineering
210,Penetration Testing
211,Malware Analysis
212,DevSecOps
213,OSINT (Open Source Intelligence)
214,Threat Intelligence
215,Information Security Certifications
216,Red Team
217,Blue Team
218,View all Information Security (InfoSec)
219,The Report
220,2022 Year in Review: The “New Normal” that Wasn’t
221,"The pandemic ushered in a “new normal” in online learning, but it culminated in layoffs and stock drops."
222,Dhawal Shah
223,"Jan 02, 2023"
224,Latest
225,"Review of Goldman Sachs 10,000 Women Courses"
226,10 Best Japanese Courses to Take in 2023
227,7 Best Erlang Courses to Take in 2023
228,Harvard CS50 Guide: How to Pick the Right Course (with Free Certificate)
229,10 Best CSS Animation Courses to Take in 2023
230,Visit
231,The Report
232,"DDoS Attack on Class Central: Mitigation, SEO Impact, and Costs"
233,Trending
234,Most common
235,python
236,java
237,excel
238,Popular subjects
239,Digital Skills
240,209 courses
241,Programming
242,"24,443 courses"
243,Information Technology (IT) Certifications
244,504 courses
245,Popular courses
246,The Science of Happiness
247,"University of California, Berkeley"
248,Introduction to Financial Accounting
249,University of Pennsylvania
250,Cryptography I
251,Stanford University
252,Organize and share your learning with Class Central Lists.
253,View our
254,Lists Showcase
255,Sign up
256,Log in
257,or
258,Sign up
259,Log in
260,Sign up
261,Subjects
262,Mathematics
263,Discrete Mathematics
264,Free Online
265,Discrete Mathematics Courses
266,"Learn Discrete Mathematics, earn certificates with paid and free online courses from Stanford, UC San Diego, Peking University, Higher School of Economics and other top universities around the world. Read reviews to decide if a class is right for you."
267,Follow
268,2.5k
269,Share
270,36 courses
271,Related Subjects
272,Computer Science Courses
273,Electrical Engineering Courses
274,Calculus Courses
275,Linear Algebra Courses
276,Algorithms and Data Structures Courses
277,Cryptography Courses
278,Software Development Courses
279,Showing
280,36 courses
281,Filter
282,Sort by Relevancy
283,Relevancy
284,Highest rated
285,Lowest rated
286,Most recently added
287,Filter by
288,Clear All
289,Filters
290,With certificate
291,(21)
292,Free course
293,(24)
294,With free certificate
295,(1)
296,University course only
297,(10)
298,Level
299,Beginner
300,(10)
301,Intermediate
302,(2)
303,Duration
304,1-5 hours
305,(7)
306,5-10 hours
307,(4)
308,10+ hours
309,(19)
310,Language
311,English
312,(31)
313,Arabic
314,(1)
315,Chinese
316,(1)
317,German
318,(1)
319,Hindi
320,(2)
321,Show 36 courses
322,Clear Filters
323,CS520: Knowledge Graphs Seminar (Spring 2020)
324,Syllabus: CS520: Knowledge Graph Seminar Session 1 (Spring 2020). CS 520: Knowledge Graph Seminar Session 2 (Spring 2020). CS520: Knowledge Graph Seminar Session 3 (Spring 2020). CS520: Knowledge Graph Seminar Session 4 (Spring 2020). CS520: Knowledge Gr…
325,Add to list
326,YouTube
327,19 hours worth of material
328,On-Demand
329,Free Online Course
330,Shanghai Jiao Tong University
331,Discrete Mathematics
332,163 ratings at Coursera
333,"Discrete mathematics forms the mathematical foundation of computer and information science. It is also a fascinating subject in itself.

Learners will become familiar with a broad range of mathematical objects like sets, functions, relations, graphs, tha…"
334,Add to list
335,Quick View
336,Coursera
337,"42 hours worth of material, 11 weeks long"
338,"20th Feb, 2023"
339,Free Online Course (Audit)
340,Discrete Mathematics
341,"Syllabus: First Order Logic (1). First Order Logic (2). Rules of Influence for Quantified proportions. Mathematical Induction. Mathematical Induction. Sample Space ,Events. Probability, Conditional probability. Independent Events, Bayes Theorem. Informat…"
342,Add to list
343,YouTube
344,28 hours worth of material
345,On-Demand
346,Free Online Course
347,Discrete Mathematical StructuresDiscrete
348,Syllabus: Permutations and Combinations. Trees and Graphs. Functions. Pigeonhole principle. Trees. Equivalence Relations and partitions. Graphs (Continued.). Functions (Continued). Order and Relations and Equivalence Relations. Graphs. Order Relations. G…
349,Add to list
350,YouTube
351,27 hours worth of material
352,On-Demand
353,Free Online Course
354,Math at Andrews
355,;
356,Andrews University
357,Discrete Math (2019)
358,Syllabus: Introduction to Knots &amp; Invariants.Sharing a Sandwich Using Math - Monsky's Theorem.Magic Squares.Playfair Cypher.Pascal's Triangle + Fibonacci Sequence.Integer Partitions (Discrete Maths).Eulerian Paths and Circuits.Hill Encryption (w/Pyth…
359,Add to list
360,YouTube
361,1-2 hours worth of material
362,On-Demand
363,Free Online Course
364,Kimberly Brehm
365,Discrete Math I (Entire Course)
366,"Syllabus: Discrete Math - 1.1.1 Propositions, Negations, Conjunctions and Disjunctions. Discrete Math - 1.1.2 Implications Converse, Inverse, Contrapositive and Biconditionals. Discrete Math - 1.1.3 Constructing a Truth Table for Compound Propositions. D…"
367,Add to list
368,YouTube
369,19 hours worth of material
370,On-Demand
371,Free Online Course
372,Unacademy
373,Discrete Maths GATE Computer Science Engineering
374,Syllabus: Derangement: Combinatorics | Lec 1 | Discrete Mathematics | GATE Computer Science. Level 5 Question on Relations | Lec 2 | Discrete Mathematics | GATE Computer Science. Functions & Its Types | Lec 3 | Discrete Maths | GATE Computer Science. Bin…
375,Add to list
376,YouTube
377,43 hours worth of material
378,On-Demand
379,Free Online Course
380,Kimberly Brehm
381,Discrete Math II/Combinatorics
382,Syllabus: Combinatorics 1.1 The Rules of Sum and Product. Combinatorics 1.2 Permutations. Combinatorics 1.3 Combinations - The Binomial Theorem. Combinatorics 1.4 Combinations with Repetition. Combinatorics 4.1 The Well Ordering Principle - Mathematical…
383,Add to list
384,YouTube
385,12 hours worth of material
386,On-Demand
387,Free Online Course
388,Great Learning
389,Basics of Discrete Mathematics
390,Syllabus: Basics of Discrete Mathematics Part 1.Introduction to Discrete mathematics.Introduction to Set Theory.Types of Sets.Operations on Sets.Laws of Set Algebra.Sums on Algebra of Sets.Relations.Types of relations.Closure properties in relations.Equi…
391,Add to list
392,YouTube
393,3-4 hours worth of material
394,On-Demand
395,Free Online Course
396,TrevTutor
397,The Ultimate Guide to Propositional Logic for Discrete Mathematics
398,"Syllabus: Propositions.  Connectives.  Well-formed Formula (wffs).  Logic Syntax.  Truth Tables.  Truth Table Practice Exercises.  Tautologies, Contradictions, and Contingent Wffs.  Logical Equivalence with Truth Tables.  Conditionals, Inverses, Converse…"
399,Add to list
400,YouTube
401,Less than 1 hour of material
402,On-Demand
403,Free Online Course
404,IIT Ropar
405,;
406,NPTEL
407,Discrete Mathematics
408,1 review
409,The course will be an introduction to Discrete Mathematics which comprises of the essentials for a computer science student to go ahead and study any other topics in  the subject.
410,Add to list
411,Quick View
412,Swayam
413,"3-4 hours a week, 12 weeks long"
414,"22nd Jan, 2023"
415,Free Online Course
416,Microcredential
417,Introduction to Discrete Mathematics for Computer Science
418,"Discrete Mathematics is the language of Computer Science. One needs to be fluent in it to work in many fields including data science, machine learning, and software engineering (it is not a coincidence that math puzzles are often used for interviews). We…"
419,Add to list
420,Quick View
421,Coursera
422,"5 hours a week, 26 weeks long"
423,Paid Course
424,5 courses
425,NLogSpace
426,NEA zu RegEx mit Ardens Lemma
427,Syllabus: NEA zu regul&auml;rer Ausdruck mit Ardens LemmaLemma von ArdenNEA zu RegEx mit Ardens Lemma (Beispiel)
428,Add to list
429,YouTube
430,Less than 1 hour of material
431,On-Demand
432,Free Online Course
433,离散数学概论 Discrete Mathematics Generality
434,267 ratings at Coursera
435,"离散数学是计算机科学的基础理论，离散结构的基础知识和逻辑思维的形式化是信息技术类学生的基本功，离散数学的基本概念是理科专业学生进行信息类课程学习的重要基础。

本课程介绍计算机科学和信息技术理论基础的概念和思想方法，介绍数理逻辑、集合论、图论、抽象代数和形式语言与自动机等各部分的基本概念，介绍离散数学基本概念和空间信息技术之间的联系与结合，培养学生理解和掌握离散数学基本概念，采用形式化方法分析问题，并能自觉运用逻辑分析、结构层次分析和同构类比等思想方法解决问题的能力。"
436,Add to list
437,Quick View
438,Coursera
439,"27 hours worth of material, 13 weeks long"
440,"6th Mar, 2023"
441,Free Online Course (Audit)
442,Discrete Math 1
443,Syllabus: INTRODUCTION to SET THEORY - DISCRETE MATHEMATICS.CARTESIAN PRODUCTS and ORDERED PAIRS - DISCRETE MATHEMATICS.SUBSETS AND POWER SETS - DISCRETE MATHEMATICS.[Discrete Mathematics] Subsets and Power Sets Examples.THREE EXERCISES IN SETS AND SUBSE…
444,Add to list
445,YouTube
446,12 hours worth of material
447,On-Demand
448,Free Online Course
449,Load more
450,Load the next 15 courses of 21
451,Home
452,Browse by subject
453,Computer Science
454,Psychology
455,Cybersecurity
456,Health
457,Law
458,Accounting
459,Web Development
460,Browse by provider
461,Coursera
462,edX
463,FutureLearn
464,Udacity
465,Swayam
466,Udemy
467,LinkedIn Learning
468,Browse by university
469,Harvard
470,Stanford
471,Georgia Tech
472,University of Michigan
473,Purdue University
474,Duke University
475,IIT Madras
476,Browse by institution
477,Google
478,Microsoft
479,IBM
480,Amazon
481,Linux Foundation
482,British Council
483,Salesforce
484,Rankings
485,Best Online Courses of All Time
486,Best Online Courses of the Year
487,Most Popular Courses of All Time
488,Most Popular Courses of the Year
489,250 Top FREE Coursera Courses of All Time
490,100 Top FREE edX Courses of All Time
491,250 Top Udemy Courses of All Time
492,The Report
493,by Class Central
494,RSS Feed
495,"The ""New Normal"" that Wasn't"
496,DDoS Attack on Class Central
497,500+ Online Degrees in India
498,Harvard's CS50 Free Certificate Guide
499,How Open University Works
500,Free Certificates & Courses
501,700+ Free Google Certificates
502,Free LinkedIn Learning Certificates
503,1600+ Free Coursera Courses
504,Ivy League Online Courses
505,175+ Free Writing Online Courses
506,About Class Central
507,"Class Central aggregates courses from many providers to help you find the best courses on almost any subject, wherever they exist."
508,Facebook
509,Twitter
510,LinkedIn
511,YouTube
512,Class Central © 2011-2023
513,Privacy Policy
514,About Us
515,Join Us
516,Help Center
517,Contact Us
518,Share
519,Facebook
520,Twitter
521,Email
522,Copy link
523,Never Stop Learning.
524,"Get personalized course recommendations, track subjects and courses with reminders, and more."
525,Sign up for free
