,link scrapped text
0,700+ Free Certificates from Google!
1,View
2,Close
3,Class Central
4,Courses
5,Class Central
6,Rankings
7,Collections
8,Subjects
9,View all
10,Computer Science
11,Health & Medicine
12,Mathematics
13,Business
14,Humanities
15,Engineering
16,Science
17,Education & Teaching
18,Social Sciences
19,Art & Design
20,Data Science
21,Programming
22,Personal Development
23,Information Security (InfoSec)
24,View all Subjects
25,Universities
26,The Report
27,Courses from
28,1000+ universities
29,Rankings
30,Best Courses
31,Best of All Time
32,Best of the Year 2022
33,Best of the Year 2021
34,Most Popular Courses
35,Most Popular of All Time
36,Most Popular of the Year 2022
37,Most Popular of the Year 2021
38,Collections
39,Monthly Course Reports
40,Starting this Month
41,New Online Courses
42,Most Popular
43,Computer Science
44,Artificial Intelligence
45,Algorithms and Data Structures
46,Internet of Things
47,Information Technology
48,Computer Networking
49,Machine Learning
50,DevOps
51,Deep Learning
52,Cryptography
53,Quantum Computing
54,Human-Computer Interaction (HCI)
55,Distributed Systems
56,Blockchain Development
57,Operating Systems
58,Computer Graphics
59,View all Computer Science
60,Health & Medicine
61,Nutrition & Wellness
62,Disease & Disorders
63,Public Health
64,Health Care
65,Nursing
66,Anatomy
67,Veterinary Science
68,Continuing Medical Education (CME)
69,View all Health & Medicine
70,Mathematics
71,Statistics & Probability
72,Foundations of Mathematics
73,Calculus
74,Discrete Mathematics
75,Trigonometry
76,Geometry
77,Algebra
78,Precalculus
79,Number Theory
80,Combinatorics
81,Mathematical logic
82,Linear Programming
83,View all Mathematics
84,Business
85,Management & Leadership
86,Finance
87,Entrepreneurship
88,Marketing
89,Strategic Management
90,Industry Specific
91,Business Intelligence
92,Accounting
93,Human Resources
94,Project Management
95,Sales
96,Design Thinking
97,Business Software
98,Risk Management
99,Corporate Social Responsibility
100,Customer Service
101,Nonprofit Management
102,Innovation
103,Operations Management
104,View all Business
105,Humanities
106,History
107,Literature
108,Language Learning
109,Grammar & Writing
110,Philosophy
111,Religion
112,ESL
113,Culture
114,Sports
115,Journalism
116,Ethics
117,Linguistics
118,Food
119,Library Science
120,Reading
121,Crisis Management
122,View all Humanities
123,Engineering
124,Electrical Engineering
125,Mechanical Engineering
126,Civil Engineering
127,Robotics
128,Nanotechnology
129,GIS
130,Textiles
131,Manufacturing
132,BIM
133,CAD
134,Chemical Engineering
135,Energy Systems
136,Aerospace Engineering
137,View all Engineering
138,Science
139,Chemistry
140,Physics
141,Environmental Science
142,Astronomy
143,Biology
144,Agriculture
145,Materials Science
146,Earth Science
147,Applied Science
148,Forensic Science
149,View all Science
150,Education & Teaching
151,K12
152,Higher Education
153,STEM
154,Teacher Professional Development
155,Course Development
156,Online Education
157,Test Prep
158,Pedagogy
159,View all Education & Teaching
160,Social Sciences
161,Sociology
162,Economics
163,Psychology
164,Anthropology
165,Political Science
166,Law
167,Urban Planning
168,Human Rights
169,Sustainability
170,Governance
171,Archaeology
172,Social Work
173,View all Social Sciences
174,Art & Design
175,Music
176,Digital Media
177,Visual Arts
178,Design & Creativity
179,View all Art & Design
180,Data Science
181,Bioinformatics
182,Big Data
183,Data Mining
184,Data Analysis
185,Data Visualization
186,Jupyter Notebooks
187,View all Data Science
188,Programming
189,Mobile Development
190,Web Development
191,Databases
192,Game Development
193,Programming Languages
194,Software Development
195,Cloud Computing
196,View all Programming
197,Personal Development
198,Communication Skills
199,Career Development
200,Self Improvement
201,Presentation Skills
202,Resilience
203,View all Personal Development
204,Information Security (InfoSec)
205,Cybersecurity
206,Network Security
207,Ethical Hacking
208,Digital Forensics
209,Reverse Engineering
210,Penetration Testing
211,Malware Analysis
212,DevSecOps
213,OSINT (Open Source Intelligence)
214,Threat Intelligence
215,Information Security Certifications
216,Red Team
217,Blue Team
218,View all Information Security (InfoSec)
219,The Report
220,2022 Year in Review: The “New Normal” that Wasn’t
221,"The pandemic ushered in a “new normal” in online learning, but it culminated in layoffs and stock drops."
222,Dhawal Shah
223,"Jan 02, 2023"
224,Latest
225,"Review of Goldman Sachs 10,000 Women Courses"
226,10 Best Japanese Courses to Take in 2023
227,7 Best Erlang Courses to Take in 2023
228,Harvard CS50 Guide: How to Pick the Right Course (with Free Certificate)
229,10 Best CSS Animation Courses to Take in 2023
230,Visit
231,The Report
232,"DDoS Attack on Class Central: Mitigation, SEO Impact, and Costs"
233,Trending
234,Most common
235,python
236,java
237,law
238,Popular subjects
239,Digital Skills
240,209 courses
241,Programming
242,"24,443 courses"
243,Information Technology (IT) Certifications
244,504 courses
245,Popular courses
246,The Science of Happiness
247,"University of California, Berkeley"
248,Introduction to Financial Accounting
249,University of Pennsylvania
250,Cryptography I
251,Stanford University
252,Organize and share your learning with Class Central Lists.
253,View our
254,Lists Showcase
255,Sign up
256,Log in
257,or
258,Sign up
259,Log in
260,Sign up
261,Subjects
262,Health & Medicine
263,Disease & Disorders
264,Free Online
265,Disease & Disorders Courses
266,"Learn Disease & Disorders, earn certificates with free online courses from Harvard, Stanford, MIT and other top universities around the world. Read reviews to decide if a class is right for you."
267,Follow
268,145.2k
269,Share
270,718 courses
271,Related Subjects
272,Biology Courses
273,Public Health Courses
274,Cancer Courses
275,Autism Courses
276,Addiction Courses
277,Diabetes Courses
278,Coronavirus Courses
279,Pandemic Courses
280,Showing
281,718 courses
282,Filter
283,Sort by Relevancy
284,Relevancy
285,Highest rated
286,Lowest rated
287,Most recently added
288,Filter by
289,Clear All
290,Filters
291,With certificate
292,(538)
293,Free course
294,(678)
295,With free certificate
296,(205)
297,University course only
298,(394)
299,Level
300,Beginner
301,(158)
302,Intermediate
303,(84)
304,Advanced
305,(23)
306,Duration
307,1-5 hours
308,(110)
309,5-10 hours
310,(94)
311,10+ hours
312,(253)
313,Language
314,English
315,(533)
316,Albanian
317,(3)
318,Arabic
319,(5)
320,Chinese
321,(10)
322,Dutch
323,(6)
324,Farsi
325,(2)
326,French
327,(33)
328,Fulah
329,(1)
330,Greek
331,(1)
332,Hausa
333,(1)
334,Hindi
335,(3)
336,Hungarian
337,(1)
338,Igbo
339,(1)
340,Indonesian
341,(3)
342,Italian
343,(4)
344,Kazakh
345,(12)
346,Latvian
347,(1)
348,Nepali
349,(1)
350,Oriya
351,(1)
352,Oromo
353,(1)
354,Pashto
355,(1)
356,Portuguese
357,(5)
358,Russian
359,(5)
360,Serbian
361,(2)
362,Shan
363,(1)
364,Shona
365,(2)
366,Sinhala
367,(3)
368,Somali
369,(4)
370,Spanish
371,(47)
372,Swahili
373,(2)
374,Tamil
375,(2)
376,Tetum
377,(3)
378,Thai
379,(3)
380,Turkish
381,(2)
382,Ukrainian
383,(8)
384,Vietnamese
385,(3)
386,Yoruba
387,(1)
388,Zulu
389,(1)
390,See all
391,Show 718 courses
392,Clear Filters
393,"Nutrition, Heart Disease and Diabetes"
394,403 reviews
395,"Discover the latest insights on the importance of nutrition and lifestyle in the development and treatment of cardiovascular diseases and diabetes mellitus in the online open course Nutrition, Heart disease and Diabetes.
You will learn about current prog…"
396,Add to list
397,Quick View
398,edX
399,"6-8 hours a week, 5 weeks long"
400,Self paced
401,Free Online Course (Audit)
402,Nutrition and Cancer
403,291 reviews
404,Cancer has overtaken cardiovascular disease (CVD) as the leading cause of death in many parts of the world. It causes one in eight deaths worldwide. Global trends show that the majority of all cancer deaths occur in the low- and middle-income countries.…
405,Add to list
406,Quick View
407,edX
408,"6-8 hours a week, 5 weeks long"
409,Self paced
410,Free Online Course (Audit)
411,Understanding Dementia
412,12213 reviews
413,"This is a course about dementia looking at a broad range of topics including, basic brain anatomy, pathology, dementia research, risk factors, symptoms, diagnosis, medical management, living with dementia, progression and staging, palliation, behaviours…"
414,Add to list
415,Quick View
416,Independent
417,"3 hours a week, 7 weeks long"
418,"7th Feb, 2023"
419,Free Certificate
420,Best of All Time
421,Understanding Traumatic Brain Injury (TBI)
422,1043 reviews
423,"Understanding Traumatic Brain Injury (TBI) is a Massive Open Online Course (MOOC), offering university-quality education about TBI covering the spectrum from mild concussion through to severe injury."
424,Add to list
425,Quick View
426,Independent
427,"2 hours a week, 5 weeks long"
428,"27th Mar, 2023"
429,Free Online Course
430,Understanding Multiple Sclerosis (MS)
431,943 reviews
432,This course aims to improve understanding and awareness of Multiple Sclerosis (MS). Members of the public will increase their knowledge of MS-related issues and those in the MS Community will be empowered to create and contribute to personalised MS manag…
433,Add to list
434,Quick View
435,Independent
436,"2 hours a week, 6 weeks long"
437,"13th Mar, 2023"
438,Free Online Course
439,Best of All Time
440,Preventing Dementia
441,6792 reviews
442,"Preventing Dementia is a Massive Open Online Course (MOOC), offering university-quality education about the latest research in dementia risk and protective factors."
443,Add to list
444,Quick View
445,Independent
446,"2 hours a week, 4 weeks long"
447,"16th May, 2023"
448,Free Online Course
449,Best of All Time
450,Medical Parasitology | 医学寄生虫学
451,188 reviews
452,"Small bugs serious diseases, with knowledge they are seized."
453,Add to list
454,Quick View
455,edX
456,"1-2 hours a week, 12 weeks long"
457,Self paced
458,Free Online Course (Audit)
459,Best of All Time
460,Bioseguridad y equipo de protección para la prevención de COVID-19
461,102 reviews
462,Aprende sobre la aplicaciòn de las normas internacionales de bioseguridad que garantizan un entorno laboral seguro. Seleccionando y usando correctamente el equipo de protecciòn personal para prevenir el COVID-19 u otra enfermedad infecciosa.
463,Add to list
464,Quick View
465,edX
466,"4-5 hours a week, 4 weeks long"
467,Self paced
468,Free Online Course (Audit)
469,Best of All Time
470,Riesgo biológico y bioseguridad en el entorno laboral
471,68 reviews
472,"Los agentes biológicos son un factor de riesgo presente en el entorno laboral. Debe existir una detección oportuna que permita su abordaje para la prevención de accidentes y enfermedades relacionadas a su exposición. Un ejemplo, es el actual virus SARS-C…"
473,Add to list
474,Quick View
475,edX
476,"4-5 hours a week, 4 weeks long"
477,Self paced
478,Free Online Course (Audit)
479,Mechanical Ventilation for COVID-19
480,25 reviews
481,This course will provide licensed medical professionals with an understanding of mechanical ventilation so they can support the critical care team caring for patients receiving mechanical ventilation during the COVID-19 pandemic.
482,Add to list
483,Quick View
484,edX
485,"2-5 hours a week, 1 week long"
486,Self paced
487,Free Online Course (Audit)
488,Best of All Time
489,The Addicted Brain
490,24 reviews
491,This is a course about addiction to drugs and other behaviors. It will describe what happens in the brain and how this information helps us deal with and overcome addiction. It will also discuss other topics such as government policy and our vulnerabilit…
492,Add to list
493,Quick View
494,Coursera
495,"22 hours worth of material, 8 weeks long"
496,"13th Feb, 2023"
497,Free Online Course (Audit)
498,COVID-19 Contact Tracing
499,16 reviews
500,"The COVID-19 crisis has created an unprecedented need for contact tracing across the country, requiring thousands of people to learn key skills quickly."
501,Add to list
502,Quick View
503,Coursera
504,"6-7 hours worth of material, 1 week long"
505,"13th Feb, 2023"
506,Free Online Course (Audit)
507,University of Cape Town
508,Severe to Profound Intellectual Disability: Circles of Care and Education
509,24 reviews
510,This course is about caring for and educating children (and youth) with severe to profound intellectual disability.
511,Add to list
512,Quick View
513,Coursera
514,"15 hours worth of material, 4 weeks long"
515,"20th Feb, 2023"
516,Free Online Course (Audit)
517,Causes of Human Disease: Nutrition and Environment
518,32 reviews
519,Explore how nutrition and environmental factors such as toxins influence your chance of developing human disease.
520,Add to list
521,Quick View
522,FutureLearn
523,"4 hours a week, 2 weeks long"
524,Self paced
525,Free Online Course (Audit)
526,Health After Cancer: Cancer Survivorship for Primary Care
527,56 ratings at Coursera
528,"This course presents basic principles of cancer survivorship to primary-care physicians. Developed by a team of experts in caring for cancer survivors, and narrated by a primary-care physician, this course provides practical tips and tools that can be ea…"
529,Add to list
530,Quick View
531,Coursera
532,"2-3 hours worth of material, 1 week long"
533,"20th Feb, 2023"
534,Free Online Course (Audit)
535,Load more
536,Load the next 15 courses of 703
537,Home
538,Browse by subject
539,Computer Science
540,Psychology
541,Cybersecurity
542,Health
543,Law
544,Accounting
545,Web Development
546,Browse by provider
547,Coursera
548,edX
549,FutureLearn
550,Udacity
551,Swayam
552,Udemy
553,LinkedIn Learning
554,Browse by university
555,Harvard
556,Stanford
557,Georgia Tech
558,University of Michigan
559,Purdue University
560,Duke University
561,IIT Madras
562,Browse by institution
563,Google
564,Microsoft
565,IBM
566,Amazon
567,Linux Foundation
568,British Council
569,Salesforce
570,Rankings
571,Best Online Courses of All Time
572,Best Online Courses of the Year
573,Most Popular Courses of All Time
574,Most Popular Courses of the Year
575,250 Top FREE Coursera Courses of All Time
576,100 Top FREE edX Courses of All Time
577,250 Top Udemy Courses of All Time
578,The Report
579,by Class Central
580,RSS Feed
581,"The ""New Normal"" that Wasn't"
582,DDoS Attack on Class Central
583,500+ Online Degrees in India
584,Harvard's CS50 Free Certificate Guide
585,How Open University Works
586,Free Certificates & Courses
587,700+ Free Google Certificates
588,Free LinkedIn Learning Certificates
589,1600+ Free Coursera Courses
590,Ivy League Online Courses
591,175+ Free Writing Online Courses
592,About Class Central
593,"Class Central aggregates courses from many providers to help you find the best courses on almost any subject, wherever they exist."
594,Facebook
595,Twitter
596,LinkedIn
597,YouTube
598,Class Central © 2011-2023
599,Privacy Policy
600,About Us
601,Join Us
602,Help Center
603,Contact Us
604,Share
605,Facebook
606,Twitter
607,Email
608,Copy link
609,Never Stop Learning.
610,"Get personalized course recommendations, track subjects and courses with reminders, and more."
611,Sign up for free
