,link scrapped text
0,700+ Free Certificates from Google!
1,View
2,Close
3,Class Central
4,Courses
5,Class Central
6,Rankings
7,Collections
8,Subjects
9,View all
10,Computer Science
11,Health & Medicine
12,Mathematics
13,Business
14,Humanities
15,Engineering
16,Science
17,Education & Teaching
18,Social Sciences
19,Art & Design
20,Data Science
21,Programming
22,Personal Development
23,Information Security (InfoSec)
24,View all Subjects
25,Universities
26,The Report
27,Courses from
28,1000+ universities
29,Rankings
30,Best Courses
31,Best of All Time
32,Best of the Year 2022
33,Best of the Year 2021
34,Most Popular Courses
35,Most Popular of All Time
36,Most Popular of the Year 2022
37,Most Popular of the Year 2021
38,Collections
39,Monthly Course Reports
40,Starting this Month
41,New Online Courses
42,Most Popular
43,Computer Science
44,Artificial Intelligence
45,Algorithms and Data Structures
46,Internet of Things
47,Information Technology
48,Computer Networking
49,Machine Learning
50,DevOps
51,Deep Learning
52,Cryptography
53,Quantum Computing
54,Human-Computer Interaction (HCI)
55,Distributed Systems
56,Blockchain Development
57,Operating Systems
58,Computer Graphics
59,View all Computer Science
60,Health & Medicine
61,Nutrition & Wellness
62,Disease & Disorders
63,Public Health
64,Health Care
65,Nursing
66,Anatomy
67,Veterinary Science
68,Continuing Medical Education (CME)
69,View all Health & Medicine
70,Mathematics
71,Statistics & Probability
72,Foundations of Mathematics
73,Calculus
74,Discrete Mathematics
75,Trigonometry
76,Geometry
77,Algebra
78,Precalculus
79,Number Theory
80,Combinatorics
81,Mathematical logic
82,Linear Programming
83,View all Mathematics
84,Business
85,Management & Leadership
86,Finance
87,Entrepreneurship
88,Marketing
89,Strategic Management
90,Industry Specific
91,Business Intelligence
92,Accounting
93,Human Resources
94,Project Management
95,Sales
96,Design Thinking
97,Business Software
98,Risk Management
99,Corporate Social Responsibility
100,Customer Service
101,Nonprofit Management
102,Innovation
103,Operations Management
104,View all Business
105,Humanities
106,History
107,Literature
108,Language Learning
109,Grammar & Writing
110,Philosophy
111,Religion
112,ESL
113,Culture
114,Sports
115,Journalism
116,Ethics
117,Linguistics
118,Food
119,Library Science
120,Reading
121,Crisis Management
122,View all Humanities
123,Engineering
124,Electrical Engineering
125,Mechanical Engineering
126,Civil Engineering
127,Robotics
128,Nanotechnology
129,GIS
130,Textiles
131,Manufacturing
132,BIM
133,CAD
134,Chemical Engineering
135,Energy Systems
136,Aerospace Engineering
137,View all Engineering
138,Science
139,Chemistry
140,Physics
141,Environmental Science
142,Astronomy
143,Biology
144,Agriculture
145,Materials Science
146,Earth Science
147,Applied Science
148,Forensic Science
149,View all Science
150,Education & Teaching
151,K12
152,Higher Education
153,STEM
154,Teacher Professional Development
155,Course Development
156,Online Education
157,Test Prep
158,Pedagogy
159,View all Education & Teaching
160,Social Sciences
161,Sociology
162,Economics
163,Psychology
164,Anthropology
165,Political Science
166,Law
167,Urban Planning
168,Human Rights
169,Sustainability
170,Governance
171,Archaeology
172,Social Work
173,View all Social Sciences
174,Art & Design
175,Music
176,Digital Media
177,Visual Arts
178,Design & Creativity
179,View all Art & Design
180,Data Science
181,Bioinformatics
182,Big Data
183,Data Mining
184,Data Analysis
185,Data Visualization
186,Jupyter Notebooks
187,View all Data Science
188,Programming
189,Mobile Development
190,Web Development
191,Databases
192,Game Development
193,Programming Languages
194,Software Development
195,Cloud Computing
196,View all Programming
197,Personal Development
198,Communication Skills
199,Career Development
200,Self Improvement
201,Presentation Skills
202,Resilience
203,View all Personal Development
204,Information Security (InfoSec)
205,Cybersecurity
206,Network Security
207,Ethical Hacking
208,Digital Forensics
209,Reverse Engineering
210,Penetration Testing
211,Malware Analysis
212,DevSecOps
213,OSINT (Open Source Intelligence)
214,Threat Intelligence
215,Information Security Certifications
216,Red Team
217,Blue Team
218,View all Information Security (InfoSec)
219,The Report
220,2022 Year in Review: The “New Normal” that Wasn’t
221,"The pandemic ushered in a “new normal” in online learning, but it culminated in layoffs and stock drops."
222,Dhawal Shah
223,"Jan 02, 2023"
224,Latest
225,"Review of Goldman Sachs 10,000 Women Courses"
226,10 Best Japanese Courses to Take in 2023
227,7 Best Erlang Courses to Take in 2023
228,Harvard CS50 Guide: How to Pick the Right Course (with Free Certificate)
229,10 Best CSS Animation Courses to Take in 2023
230,Visit
231,The Report
232,"DDoS Attack on Class Central: Mitigation, SEO Impact, and Costs"
233,Trending
234,Most common
235,marketing
236,law
237,machine learning
238,Popular subjects
239,Digital Skills
240,209 courses
241,Programming
242,"24,443 courses"
243,Information Technology (IT) Certifications
244,504 courses
245,Popular courses
246,The Science of Happiness
247,"University of California, Berkeley"
248,Introduction to Financial Accounting
249,University of Pennsylvania
250,Cryptography I
251,Stanford University
252,Organize and share your learning with Class Central Lists.
253,View our
254,Lists Showcase
255,Sign up
256,Log in
257,or
258,Sign up
259,Log in
260,Sign up
261,Subjects
262,Computer Science
263,Distributed Systems
264,Free Online
265,Distributed Systems Courses
266,"Learn Distributed Systems, earn certificates with paid and free online courses from MIT, UC Berkeley, The Open University, Arizona State University and other top universities around the world. Read reviews to decide if a class is right for you."
267,Follow
268,838
269,Share
270,32 courses
271,Showing
272,32 courses
273,Filter
274,Sort by Relevancy
275,Relevancy
276,Highest rated
277,Lowest rated
278,Most recently added
279,Filter by
280,Clear All
281,Filters
282,With certificate
283,(24)
284,Free course
285,(20)
286,With free certificate
287,(1)
288,University course only
289,(15)
290,Level
291,Intermediate
292,(10)
293,Beginner
294,(7)
295,Advanced
296,(2)
297,Duration
298,1-5 hours
299,(11)
300,5-10 hours
301,(6)
302,10+ hours
303,(9)
304,Language
305,English
306,(32)
307,Show 32 courses
308,Clear Filters
309,MIT 6.824 Distributed Systems (Spring 2020)
310,3 reviews
311,"Learn Distributed Systems with MIT! In this series, you will learn about RPC and threads, GFS, primary-backup replication, go, threads and raft, fault tolerance, zookeeper, CRAQ, cloud replicated DB, aurora, cache consistency, distributed transactions, s…"
312,Add to list
313,Quick View
314,YouTube
315,26 hours worth of material
316,On-Demand
317,Free Online Course
318,Distributed Computing with Spark SQL
319,568 ratings at Coursera
320,This course is for students with SQL experience and now want to take the next step in gaining familiarity with distributed computing using Spark. Students will gain an understanding of when to use Spark and how Spark as an engine uniquely combines Data a…
321,Add to list
322,Quick View
323,Coursera
324,"14 hours worth of material, 4 weeks long"
325,"13th Feb, 2023"
326,Free Online Course (Audit)
327,The University of Sydney
328,Blockchain Scalability and its Foundations in Distributed Systems
329,73 ratings at Coursera
330,"Blockchain promises to disrupt industries once it will be efficient at large scale. In this course, you will learn how to make blockchain scale.  You will learn about the foundational problem of distributed computing, consensus, that is key to create blo…"
331,Add to list
332,Quick View
333,Coursera
334,"11 hours worth of material, 5 weeks long"
335,"20th Feb, 2023"
336,Free Online Course (Audit)
337,University of Cambridge
338,Distributed Systems
339,2 reviews
340,"These videos form an 8-lecture series on distributed systems, given as part of the undergraduate computer science course at the University of Cambridge."
341,Add to list
342,Quick View
343,YouTube
344,7 hours worth of material
345,On-Demand
346,Free Online Course
347,Hussein Nasser
348,Distributed Systems
349,Syllabus: The Barebones of Distributed Systems. Is MultiProcessing over a Single TCP Connection a Good Idea?. Concurrent Requests and Unique  Keys on Web Applications. What is a Distributed Transaction in Microservices?. How to Avoid Double Booking and R…
350,Add to list
351,YouTube
352,4-5 hours worth of material
353,On-Demand
354,Free Online Course
355,Amigoscode
356,RabbitMQ Tutorial - Message Queues and Distributed Systems
357,Syllabus: - Intro. - Why Message Queues. - Simulate Slow Response. - Message Queues. - AMQP & RabbitMQ. - AMQP Exchange Types. - RabbitMQ Container. - Outro.
358,Add to list
359,YouTube
360,Less than 1 hour of material
361,On-Demand
362,Free Online Course
363,Distributed paradigms
364,"This free course, Distributed paradigms, looks at some of the architectural and programming paradigms used in distributed system development. You will learn about synchronous and asynchronous ..."
365,Add to list
366,OpenLearn
367,4 hours worth of material
368,On-Demand
369,Free Certificate
370,Distributed Programming in Java
371,477 ratings at Coursera
372,This course teaches learners (industry professionals and students) the fundamental concepts of Distributed Programming in the context of Java 8.  Distributed programming enables developers to use multiple nodes in a data center to increase throughput and…
373,Add to list
374,Quick View
375,Coursera
376,"18 hours worth of material, 4 weeks long"
377,"6th Feb, 2023"
378,Free Online Course (Audit)
379,Modern Distributed Systems
380,"Distributed systems are the backbone of modern society but entail challenges in areas such as complexity and energy-use. Discover distributed systems from first principles, understand the architectures and techniques derived from them and explore example…"
381,Add to list
382,Quick View
383,edX
384,"3-5 hours a week, 6 weeks long"
385,Self paced
386,Free Online Course (Audit)
387,IIT Patna
388,;
389,NPTEL
390,Cloud Computing and Distributed Systems
391,"Cloud computing is the on-demand delivery of computations, storage, applications, and other IT resources through a cloud services platform over the internet with pay-as-you-go business model. Today's Cloud computing systems are built using fundamental pr…"
392,Add to list
393,Quick View
394,Swayam
395,8 weeks long
396,"22nd Jan, 2023"
397,Free Online Course
398,Git for Distributed Software Development
399,"Get a thorough introduction to Git, the source control system that arose out of the Linux kernel community, that enables widely distributed software development to operate efficiently."
400,Add to list
401,Quick View
402,edX
403,"1-2 hours a week, 14 weeks long"
404,Self paced
405,Free Online Course (Audit)
406,Distributed programming on the cloud
407,Carnegie Mellon University's Cloud Developer course. Gain a deep understanding of data and how it's stored on the cloud.
408,Add to list
409,Quick View
410,Microsoft Learn
411,6-7 hours worth of material
412,On-Demand
413,Free Online Course
414,Microcredential
415,"Parallel, Concurrent, and Distributed Programming in Java"
416,"Parallel, concurrent, and distributed programming underlies software in multiple domains, ranging from biomedical research to financial services. This specialization is intended for anyone with a basic knowledge of sequential programming in Java, who is…"
417,Add to list
418,Quick View
419,Coursera
420,"5 hours a week, 13 weeks long"
421,Paid Course
422,3 courses
423,Distributed Machine Learning with Google Cloud ML
424,"This is a self-paced lab that takes place in the Google Cloud console.

Learn the process for partitioning a data set into two separate parts: a training set to develop a model, and a test set to evaluate the accuracy of the model and then independently…"
425,Add to list
426,Quick View
427,Coursera
428,1-2 hours worth of material
429,"6th Mar, 2023"
430,Paid Course
431,Running Distributed TensorFlow using Vertex AI
432,"This is a self-paced lab that takes place in the Google Cloud console. In this lab, you will use TensorFlow's distribution strategies and the Vertex AI platform to train and deploy a custom TensorFlow image classification model to classify an image class…"
433,Add to list
434,Quick View
435,Coursera
436,1-2 hours worth of material
437,"6th Feb, 2023"
438,Paid Course
439,Load more
440,Load the next 15 courses of 17
441,Home
442,Browse by subject
443,Computer Science
444,Psychology
445,Cybersecurity
446,Health
447,Law
448,Accounting
449,Web Development
450,Browse by provider
451,Coursera
452,edX
453,FutureLearn
454,Udacity
455,Swayam
456,Udemy
457,LinkedIn Learning
458,Browse by university
459,Harvard
460,Stanford
461,Georgia Tech
462,University of Michigan
463,Purdue University
464,Duke University
465,IIT Madras
466,Browse by institution
467,Google
468,Microsoft
469,IBM
470,Amazon
471,Linux Foundation
472,British Council
473,Salesforce
474,Rankings
475,Best Online Courses of All Time
476,Best Online Courses of the Year
477,Most Popular Courses of All Time
478,Most Popular Courses of the Year
479,250 Top FREE Coursera Courses of All Time
480,100 Top FREE edX Courses of All Time
481,250 Top Udemy Courses of All Time
482,The Report
483,by Class Central
484,RSS Feed
485,"The ""New Normal"" that Wasn't"
486,DDoS Attack on Class Central
487,500+ Online Degrees in India
488,Harvard's CS50 Free Certificate Guide
489,How Open University Works
490,Free Certificates & Courses
491,700+ Free Google Certificates
492,Free LinkedIn Learning Certificates
493,1600+ Free Coursera Courses
494,Ivy League Online Courses
495,175+ Free Writing Online Courses
496,About Class Central
497,"Class Central aggregates courses from many providers to help you find the best courses on almost any subject, wherever they exist."
498,Facebook
499,Twitter
500,LinkedIn
501,YouTube
502,Class Central © 2011-2023
503,Privacy Policy
504,About Us
505,Join Us
506,Help Center
507,Contact Us
508,Share
509,Facebook
510,Twitter
511,Email
512,Copy link
513,Never Stop Learning.
514,"Get personalized course recommendations, track subjects and courses with reminders, and more."
515,Sign up for free
