,link scrapped text
0,700+ Free Certificates from Google!
1,View
2,Close
3,Class Central
4,Courses
5,Class Central
6,Rankings
7,Collections
8,Subjects
9,View all
10,Computer Science
11,Health & Medicine
12,Mathematics
13,Business
14,Humanities
15,Engineering
16,Science
17,Education & Teaching
18,Social Sciences
19,Art & Design
20,Data Science
21,Programming
22,Personal Development
23,Information Security (InfoSec)
24,View all Subjects
25,Universities
26,The Report
27,Courses from
28,1000+ universities
29,Rankings
30,Best Courses
31,Best of All Time
32,Best of the Year 2022
33,Best of the Year 2021
34,Most Popular Courses
35,Most Popular of All Time
36,Most Popular of the Year 2022
37,Most Popular of the Year 2021
38,Collections
39,Monthly Course Reports
40,Starting this Month
41,New Online Courses
42,Most Popular
43,Computer Science
44,Artificial Intelligence
45,Algorithms and Data Structures
46,Internet of Things
47,Information Technology
48,Computer Networking
49,Machine Learning
50,DevOps
51,Deep Learning
52,Cryptography
53,Quantum Computing
54,Human-Computer Interaction (HCI)
55,Distributed Systems
56,Blockchain Development
57,Operating Systems
58,Computer Graphics
59,View all Computer Science
60,Health & Medicine
61,Nutrition & Wellness
62,Disease & Disorders
63,Public Health
64,Health Care
65,Nursing
66,Anatomy
67,Veterinary Science
68,Continuing Medical Education (CME)
69,View all Health & Medicine
70,Mathematics
71,Statistics & Probability
72,Foundations of Mathematics
73,Calculus
74,Discrete Mathematics
75,Trigonometry
76,Geometry
77,Algebra
78,Precalculus
79,Number Theory
80,Combinatorics
81,Mathematical logic
82,Linear Programming
83,View all Mathematics
84,Business
85,Management & Leadership
86,Finance
87,Entrepreneurship
88,Marketing
89,Strategic Management
90,Industry Specific
91,Business Intelligence
92,Accounting
93,Human Resources
94,Project Management
95,Sales
96,Design Thinking
97,Business Software
98,Risk Management
99,Corporate Social Responsibility
100,Customer Service
101,Nonprofit Management
102,Innovation
103,Operations Management
104,View all Business
105,Humanities
106,History
107,Literature
108,Language Learning
109,Grammar & Writing
110,Philosophy
111,Religion
112,ESL
113,Culture
114,Sports
115,Journalism
116,Ethics
117,Linguistics
118,Food
119,Library Science
120,Reading
121,Crisis Management
122,View all Humanities
123,Engineering
124,Electrical Engineering
125,Mechanical Engineering
126,Civil Engineering
127,Robotics
128,Nanotechnology
129,GIS
130,Textiles
131,Manufacturing
132,BIM
133,CAD
134,Chemical Engineering
135,Energy Systems
136,Aerospace Engineering
137,View all Engineering
138,Science
139,Chemistry
140,Physics
141,Environmental Science
142,Astronomy
143,Biology
144,Agriculture
145,Materials Science
146,Earth Science
147,Applied Science
148,Forensic Science
149,View all Science
150,Education & Teaching
151,K12
152,Higher Education
153,STEM
154,Teacher Professional Development
155,Course Development
156,Online Education
157,Test Prep
158,Pedagogy
159,View all Education & Teaching
160,Social Sciences
161,Sociology
162,Economics
163,Psychology
164,Anthropology
165,Political Science
166,Law
167,Urban Planning
168,Human Rights
169,Sustainability
170,Governance
171,Archaeology
172,Social Work
173,View all Social Sciences
174,Art & Design
175,Music
176,Digital Media
177,Visual Arts
178,Design & Creativity
179,View all Art & Design
180,Data Science
181,Bioinformatics
182,Big Data
183,Data Mining
184,Data Analysis
185,Data Visualization
186,Jupyter Notebooks
187,View all Data Science
188,Programming
189,Mobile Development
190,Web Development
191,Databases
192,Game Development
193,Programming Languages
194,Software Development
195,Cloud Computing
196,View all Programming
197,Personal Development
198,Communication Skills
199,Career Development
200,Self Improvement
201,Presentation Skills
202,Resilience
203,View all Personal Development
204,Information Security (InfoSec)
205,Cybersecurity
206,Network Security
207,Ethical Hacking
208,Digital Forensics
209,Reverse Engineering
210,Penetration Testing
211,Malware Analysis
212,DevSecOps
213,OSINT (Open Source Intelligence)
214,Threat Intelligence
215,Information Security Certifications
216,Red Team
217,Blue Team
218,View all Information Security (InfoSec)
219,The Report
220,2022 Year in Review: The “New Normal” that Wasn’t
221,"The pandemic ushered in a “new normal” in online learning, but it culminated in layoffs and stock drops."
222,Dhawal Shah
223,"Jan 02, 2023"
224,Latest
225,"Review of Goldman Sachs 10,000 Women Courses"
226,10 Best Japanese Courses to Take in 2023
227,7 Best Erlang Courses to Take in 2023
228,Harvard CS50 Guide: How to Pick the Right Course (with Free Certificate)
229,10 Best CSS Animation Courses to Take in 2023
230,Visit
231,The Report
232,"DDoS Attack on Class Central: Mitigation, SEO Impact, and Costs"
233,Trending
234,Most common
235,harvard
236,machine learning
237,cyber security
238,Popular subjects
239,Digital Skills
240,209 courses
241,Programming
242,"24,443 courses"
243,Information Technology (IT) Certifications
244,504 courses
245,Popular courses
246,The Science of Happiness
247,"University of California, Berkeley"
248,Introduction to Financial Accounting
249,University of Pennsylvania
250,Cryptography I
251,Stanford University
252,Organize and share your learning with Class Central Lists.
253,View our
254,Lists Showcase
255,Sign up
256,Log in
257,or
258,Sign up
259,Log in
260,Sign up
261,Subjects
262,Education & Teaching
263,Free Online
264,Education & Teaching Courses
265,"Learn Education & Teaching, earn certificates with paid and free online courses from Harvard, Stanford, MIT, University of Pennsylvania and other top universities around the world. Read reviews to decide if a class is right for you."
266,Follow
267,267.4k
268,Share
269,"2,957 courses"
270,Related Subjects
271,Online Education Courses
272,Teacher Professional Development Courses
273,Course Development Courses
274,Mathematics Courses
275,STEM Courses
276,Gamification Courses
277,Parenting Courses
278,Psychology Courses
279,Showing
280,"2,957 courses"
281,Filter
282,Sort by Relevancy
283,Relevancy
284,Highest rated
285,Lowest rated
286,Most recently added
287,Filter by
288,Clear All
289,Filters
290,With certificate
291,(1716)
292,Free course
293,(2223)
294,With free certificate
295,(95)
296,University course only
297,(1165)
298,Level
299,Beginner
300,(833)
301,Intermediate
302,(198)
303,Advanced
304,(36)
305,Duration
306,1-5 hours
307,(659)
308,5-10 hours
309,(458)
310,10+ hours
311,(1340)
312,Language
313,English
314,(2364)
315,Amharic
316,(2)
317,Arabic
318,(22)
319,Bengali
320,(7)
321,Catalan
322,(1)
323,Chinese
324,(9)
325,Dutch
326,(7)
327,French
328,(64)
329,German
330,(8)
331,Hindi
332,(148)
333,Indonesian
334,(1)
335,Italian
336,(51)
337,Japanese
338,(8)
339,Polish
340,(1)
341,Portuguese
342,(17)
343,Russian
344,(13)
345,Spanish
346,(200)
347,Swedish
348,(1)
349,Thai
350,(23)
351,Turkish
352,(9)
353,Welsh
354,(1)
355,See all
356,"Show 2,957 courses"
357,Clear Filters
358,Deep Teaching Solutions
359,Uncommon Sense Teaching
360,390 reviews
361,You’ll discover why you should help students use two different neural routes to help them be both flexible and fast in their learning.
362,Add to list
363,Quick View
364,Coursera
365,"16 hours worth of material, 4 weeks long"
366,"27th Feb, 2023"
367,Free Online Course (Audit)
368,Best of All Time
369,Teaching Young Learners Online
370,412 reviews
371,"Work together to plan, create, and facilitate inclusive online learning that engages and inspires young people."
372,Add to list
373,Quick View
374,FutureLearn
375,"3 hours a week, 3 weeks long"
376,Self paced
377,Free Online Course (Audit)
378,Best of All Time
379,Early Childhood Care and Education
380,669 reviews
381,"The course is targeted for people who intend to start a new preschool/playschool/day-care, or upgrade an existing preschool, or to take up a career as a teacher in preschool, or to improve admission counseling skills or to be trained on the various eleme…"
382,Add to list
383,Quick View
384,Swayam
385,15 weeks long
386,"8th Jan, 2023"
387,Free Online Course
388,Best of All Time
389,Understanding IELTS: Reading
390,752 reviews
391,Find out what you need to know about the IELTS Reading test and learn techniques and strategies to improve your test performance.
392,Add to list
393,Quick View
394,FutureLearn
395,"3 hours a week, 3 weeks long"
396,Self paced
397,Paid Course
398,Understanding IELTS: Speaking
399,589 reviews
400,Find out what you need to know about the IELTS Speaking test and learn how to improve your test performance.
401,Add to list
402,Quick View
403,FutureLearn
404,3 weeks long
405,Self paced
406,Paid Course
407,Understanding IELTS: Listening
408,962 reviews
409,Find out what you need to know about the IELTS Listening test and learn techniques to improve your test performance.
410,Add to list
411,Quick View
412,FutureLearn
413,"3 hours a week, 3 weeks long"
414,Self paced
415,Paid Course
416,Understanding IELTS: Writing
417,481 reviews
418,Find out what you need to know about the IELTS Writing test and learn techniques and strategies to improve your test performance.
419,Add to list
420,Quick View
421,FutureLearn
422,"3 hours a week, 3 weeks long"
423,Self paced
424,Paid Course
425,Learning and Learners
426,271 reviews
427,"Understand learners, policy and practice with this continuing professional development course for English language teachers."
428,Add to list
429,Quick View
430,FutureLearn
431,"2 hours a week, 4 weeks long"
432,Self paced
433,Paid Course
434,The Classroom and the World
435,284 reviews
436,"Explore 21st-century skills, ICT and multilingual approaches with this English language teaching professional development course."
437,Add to list
438,Quick View
439,FutureLearn
440,"2 hours a week, 4 weeks long"
441,Self paced
442,Paid Course
443,Lessons and Teaching
444,420 reviews
445,"Look at lessons, courses and resources with this continuing professional development course for English language teachers."
446,Add to list
447,Quick View
448,FutureLearn
449,"2 hours a week, 6 weeks long"
450,Self paced
451,Paid Course
452,Migrants and Refugees in Education: A toolkit for teachers
453,152 reviews
454,"Learn how to teach and support young people across the globe affected by violence, conflict or displacement."
455,Add to list
456,Quick View
457,FutureLearn
458,"3 hours a week, 4 weeks long"
459,"18th Apr, 2022"
460,Free Online Course (Audit)
461,Avinashilingam Institute for Home Science and Higher Education for Women
462,;
463,CEC
464,School Counseling
465,198 reviews
466,How to set right these children? What should be done to avoid these problem behaviours? How to identify and address these behaviours and intervene to mainstream them?
467,Add to list
468,Quick View
469,Swayam
470,15 weeks long
471,"18th Jan, 2021"
472,Free Online Course
473,British Council
474,;
475,UCL Institute of Education
476,Becoming a Better Teacher: Exploring Professional Development
477,160 reviews
478,Grow your skills as a teacher and learn more about professional development for teachers with this online course.
479,Add to list
480,Quick View
481,FutureLearn
482,"3 hours a week, 6 weeks long"
483,"8th Jun, 2020"
484,Free Online Course (Audit)
485,University of Cape Town
486,"Education for All: Disability, Diversity and Inclusion"
487,100 reviews
488,"On this course you will learn about inclusive education, understanding what barriers there are to learning and how to challenge them."
489,Add to list
490,Quick View
491,FutureLearn
492,"3 hours a week, 6 weeks long"
493,Self paced
494,Free Online Course (Audit)
495,Best of All Time
496,Deep Teaching Solutions
497,"Uncommon Sense Teaching: Part 2, Building Community and Habits of Learning"
498,85 reviews
499,"Do your students spend too much (or too little) time learning, with disappointing results?  Do they procrastinate in their study because it’s boring and they’re easily distracted? Are you working to make your teaching even more inclusive? Uncommon Sense…"
500,Add to list
501,Quick View
502,Coursera
503,"14 hours worth of material, 4 weeks long"
504,"20th Feb, 2023"
505,Free Online Course (Audit)
506,Load more
507,Load the next 15 courses of 2942
508,Home
509,Browse by subject
510,Computer Science
511,Psychology
512,Cybersecurity
513,Health
514,Law
515,Accounting
516,Web Development
517,Browse by provider
518,Coursera
519,edX
520,FutureLearn
521,Udacity
522,Swayam
523,Udemy
524,LinkedIn Learning
525,Browse by university
526,Harvard
527,Stanford
528,Georgia Tech
529,University of Michigan
530,Purdue University
531,Duke University
532,IIT Madras
533,Browse by institution
534,Google
535,Microsoft
536,IBM
537,Amazon
538,Linux Foundation
539,British Council
540,Salesforce
541,Rankings
542,Best Online Courses of All Time
543,Best Online Courses of the Year
544,Most Popular Courses of All Time
545,Most Popular Courses of the Year
546,250 Top FREE Coursera Courses of All Time
547,100 Top FREE edX Courses of All Time
548,250 Top Udemy Courses of All Time
549,The Report
550,by Class Central
551,RSS Feed
552,"The ""New Normal"" that Wasn't"
553,DDoS Attack on Class Central
554,500+ Online Degrees in India
555,Harvard's CS50 Free Certificate Guide
556,How Open University Works
557,Free Certificates & Courses
558,700+ Free Google Certificates
559,Free LinkedIn Learning Certificates
560,1600+ Free Coursera Courses
561,Ivy League Online Courses
562,175+ Free Writing Online Courses
563,About Class Central
564,"Class Central aggregates courses from many providers to help you find the best courses on almost any subject, wherever they exist."
565,Facebook
566,Twitter
567,LinkedIn
568,YouTube
569,Class Central © 2011-2023
570,Privacy Policy
571,About Us
572,Join Us
573,Help Center
574,Contact Us
575,Share
576,Facebook
577,Twitter
578,Email
579,Copy link
580,Never Stop Learning.
581,"Get personalized course recommendations, track subjects and courses with reminders, and more."
582,Sign up for free
