,link scrapped text
0,700+ Free Certificates from Google!
1,View
2,Close
3,Class Central
4,Courses
5,Class Central
6,Rankings
7,Collections
8,Subjects
9,View all
10,Computer Science
11,Health & Medicine
12,Mathematics
13,Business
14,Humanities
15,Engineering
16,Science
17,Education & Teaching
18,Social Sciences
19,Art & Design
20,Data Science
21,Programming
22,Personal Development
23,Information Security (InfoSec)
24,View all Subjects
25,Universities
26,The Report
27,Courses from
28,1000+ universities
29,Rankings
30,Best Courses
31,Best of All Time
32,Best of the Year 2022
33,Best of the Year 2021
34,Most Popular Courses
35,Most Popular of All Time
36,Most Popular of the Year 2022
37,Most Popular of the Year 2021
38,Collections
39,Monthly Course Reports
40,Starting this Month
41,New Online Courses
42,Most Popular
43,Computer Science
44,Artificial Intelligence
45,Algorithms and Data Structures
46,Internet of Things
47,Information Technology
48,Computer Networking
49,Machine Learning
50,DevOps
51,Deep Learning
52,Cryptography
53,Quantum Computing
54,Human-Computer Interaction (HCI)
55,Distributed Systems
56,Blockchain Development
57,Operating Systems
58,Computer Graphics
59,View all Computer Science
60,Health & Medicine
61,Nutrition & Wellness
62,Disease & Disorders
63,Public Health
64,Health Care
65,Nursing
66,Anatomy
67,Veterinary Science
68,Continuing Medical Education (CME)
69,View all Health & Medicine
70,Mathematics
71,Statistics & Probability
72,Foundations of Mathematics
73,Calculus
74,Discrete Mathematics
75,Trigonometry
76,Geometry
77,Algebra
78,Precalculus
79,Number Theory
80,Combinatorics
81,Mathematical logic
82,Linear Programming
83,View all Mathematics
84,Business
85,Management & Leadership
86,Finance
87,Entrepreneurship
88,Marketing
89,Strategic Management
90,Industry Specific
91,Business Intelligence
92,Accounting
93,Human Resources
94,Project Management
95,Sales
96,Design Thinking
97,Business Software
98,Risk Management
99,Corporate Social Responsibility
100,Customer Service
101,Nonprofit Management
102,Innovation
103,Operations Management
104,View all Business
105,Humanities
106,History
107,Literature
108,Language Learning
109,Grammar & Writing
110,Philosophy
111,Religion
112,ESL
113,Culture
114,Sports
115,Journalism
116,Ethics
117,Linguistics
118,Food
119,Library Science
120,Reading
121,Crisis Management
122,View all Humanities
123,Engineering
124,Electrical Engineering
125,Mechanical Engineering
126,Civil Engineering
127,Robotics
128,Nanotechnology
129,GIS
130,Textiles
131,Manufacturing
132,BIM
133,CAD
134,Chemical Engineering
135,Energy Systems
136,Aerospace Engineering
137,View all Engineering
138,Science
139,Chemistry
140,Physics
141,Environmental Science
142,Astronomy
143,Biology
144,Agriculture
145,Materials Science
146,Earth Science
147,Applied Science
148,Forensic Science
149,View all Science
150,Education & Teaching
151,K12
152,Higher Education
153,STEM
154,Teacher Professional Development
155,Course Development
156,Online Education
157,Test Prep
158,Pedagogy
159,View all Education & Teaching
160,Social Sciences
161,Sociology
162,Economics
163,Psychology
164,Anthropology
165,Political Science
166,Law
167,Urban Planning
168,Human Rights
169,Sustainability
170,Governance
171,Archaeology
172,Social Work
173,View all Social Sciences
174,Art & Design
175,Music
176,Digital Media
177,Visual Arts
178,Design & Creativity
179,View all Art & Design
180,Data Science
181,Bioinformatics
182,Big Data
183,Data Mining
184,Data Analysis
185,Data Visualization
186,Jupyter Notebooks
187,View all Data Science
188,Programming
189,Mobile Development
190,Web Development
191,Databases
192,Game Development
193,Programming Languages
194,Software Development
195,Cloud Computing
196,View all Programming
197,Personal Development
198,Communication Skills
199,Career Development
200,Self Improvement
201,Presentation Skills
202,Resilience
203,View all Personal Development
204,Information Security (InfoSec)
205,Cybersecurity
206,Network Security
207,Ethical Hacking
208,Digital Forensics
209,Reverse Engineering
210,Penetration Testing
211,Malware Analysis
212,DevSecOps
213,OSINT (Open Source Intelligence)
214,Threat Intelligence
215,Information Security Certifications
216,Red Team
217,Blue Team
218,View all Information Security (InfoSec)
219,The Report
220,2022 Year in Review: The “New Normal” that Wasn’t
221,"The pandemic ushered in a “new normal” in online learning, but it culminated in layoffs and stock drops."
222,Dhawal Shah
223,"Jan 02, 2023"
224,Latest
225,"Review of Goldman Sachs 10,000 Women Courses"
226,10 Best Japanese Courses to Take in 2023
227,7 Best Erlang Courses to Take in 2023
228,Harvard CS50 Guide: How to Pick the Right Course (with Free Certificate)
229,10 Best CSS Animation Courses to Take in 2023
230,Visit
231,The Report
232,"DDoS Attack on Class Central: Mitigation, SEO Impact, and Costs"
233,Trending
234,Most common
235,hacking
236,finance
237,trading
238,Popular subjects
239,Digital Skills
240,209 courses
241,Programming
242,"24,443 courses"
243,Information Technology (IT) Certifications
244,504 courses
245,Popular courses
246,The Science of Happiness
247,"University of California, Berkeley"
248,Introduction to Financial Accounting
249,University of Pennsylvania
250,Cryptography I
251,Stanford University
252,Organize and share your learning with Class Central Lists.
253,View our
254,Lists Showcase
255,Sign up
256,Log in
257,or
258,Sign up
259,Log in
260,Sign up
261,Subjects
262,Engineering
263,Free Online
264,Engineering Courses
265,"Learn Engineering, earn certificates with free online courses from Harvard, Stanford, MIT, University of Pennsylvania and other top universities around the world. Read reviews to decide if a class is right for you."
266,Follow
267,250.5k
268,Share
269,"3,736 courses"
270,Related Subjects
271,Electrical Engineering Courses
272,Civil Engineering Courses
273,Robotics Courses
274,Mechanical Engineering Courses
275,Computer Science Courses
276,Construction Courses
277,Fluid Mechanics Courses
278,Chemical Engineering Courses
279,Showing
280,"3,736 courses"
281,Filter
282,Sort by Relevancy
283,Relevancy
284,Highest rated
285,Lowest rated
286,Most recently added
287,Filter by
288,Clear All
289,Filters
290,With certificate
291,(2543)
292,Free course
293,(2566)
294,With free certificate
295,(53)
296,University course only
297,(1911)
298,Level
299,Beginner
300,(829)
301,Intermediate
302,(367)
303,Advanced
304,(111)
305,Duration
306,1-5 hours
307,(952)
308,5-10 hours
309,(334)
310,10+ hours
311,(1407)
312,Language
313,English
314,(3213)
315,Amharic
316,(1)
317,Arabic
318,(26)
319,Bengali
320,(23)
321,Chinese
322,(26)
323,French
324,(98)
325,German
326,(9)
327,Hebrew
328,(1)
329,Hindi
330,(22)
331,Indonesian
332,(1)
333,Italian
334,(20)
335,Japanese
336,(6)
337,Portuguese
338,(29)
339,Russian
340,(27)
341,Spanish
342,(174)
343,Tamil
344,(4)
345,Telugu
346,(1)
347,Thai
348,(11)
349,Turkish
350,(44)
351,See all
352,"Show 3,736 courses"
353,Clear Filters
354,Introduction to Engineering Mechanics
355,170 reviews
356,This course is an introduction to learning and applying the principles required to solve engineering mechanics problems. Concepts will be applied in this course from previous courses you have taken in basic math and physics.
357,Add to list
358,Quick View
359,Coursera
360,"15 hours worth of material, 5 weeks long"
361,"13th Feb, 2023"
362,Free Online Course (Audit)
363,Best of All Time
364,Differential Equations for Engineers
365,287 reviews
366,This course is about differential equations and covers material that all engineers should know. Both basic theory and applications are taught.
367,Add to list
368,Quick View
369,Coursera
370,"27 hours worth of material, 6 weeks long"
371,"20th Feb, 2023"
372,Free Online Course (Audit)
373,Matrix Algebra for Engineers
374,637 reviews
375,"This course is all about matrices, and concisely covers the linear algebra that an engineer should know.   We define matrices and how to add and multiply them, and introduce some special types of matrices."
376,Add to list
377,Quick View
378,Coursera
379,"20 hours worth of material, 4 weeks long"
380,"20th Feb, 2023"
381,Free Online Course (Audit)
382,Best of All Time
383,Vector Calculus for Engineers
384,228 reviews
385,"This course is about vector calculus, and covers material that all engineers should know."
386,Add to list
387,Quick View
388,Coursera
389,"29 hours worth of material, 5 weeks long"
390,"13th Feb, 2023"
391,Free Online Course (Audit)
392,Technical Report Writing for Engineers
393,169 reviews
394,Get an introduction to technical report writing. Find out how to communicate your ideas through well-written engineering reports.
395,Add to list
396,Quick View
397,FutureLearn
398,"3 hours a week, 6 weeks long"
399,Self paced
400,Free Online Course (Audit)
401,Best of All Time
402,Pronóstico de la generación de energía eólica y solar fotovoltaica
403,199 reviews
404,"Actualmente, el aprovechamiento de energías renovables es un factor de mucho interés a diferentes escalas de la actividad humana. 
El presente curso desarrolla los conceptos sobre la generación de pronósticos de energía renovable variable (ERV), las dife…"
405,Add to list
406,Quick View
407,edX
408,"3-4 hours a week, 4 weeks long"
409,Self paced
410,Free Online Course (Audit)
411,Mechanics of Materials I: Fundamentals of Stress & Strain and Axial Loading
412,110 reviews
413,"This course explores the topic of solid objects subjected to stress and strain. The methods taught in the course are used to predict the response of engineering structures to various types of loading, and to analyze the vulnerability of these structures…"
414,Add to list
415,Quick View
416,Coursera
417,"18 hours worth of material, 5 weeks long"
418,"6th Mar, 2023"
419,Free Online Course (Audit)
420,Best of All Time
421,Introduction to Indoor Air Quality
422,91 reviews
423,This course provides a basic knowledge of an emerging area – Indoor Air Quality (IAQ) in buildings. Learners will realize the importance of maintaining proper IAQ.
424,Add to list
425,Quick View
426,Coursera
427,"12 hours worth of material, 4 weeks long"
428,"13th Feb, 2023"
429,Free Online Course (Audit)
430,Best of All Time
431,Esri
432,Going Places with Spatial Analysis
433,86 reviews
434,This Massive Open Online Course (MOOC) is for people who know something about data analysis and want to learn about the special capabilities of spatial data analysis. Spatial analysis focuses on location to gain a deeper understanding of data. Spatial an…
435,Add to list
436,Quick View
437,Independent
438,"2-3 hours a week, 6 weeks long"
439,"1st Feb, 2023"
440,Free Online Course
441,Aircraft Systems Engineering (Fall 2005)
442,57 reviews
443,"This course offers a holistic view of the aircraft as a system, covering: basic systems engineering; cost and weight estimation; basic aircraft performance; safety and reliability; lifecycle topics; aircraft subsystems; risk analysis and management; and…"
444,Add to list
445,Quick View
446,MIT OpenCourseWare
447,40 hours worth of material
448,On-Demand
449,Free Online Course
450,Circuits and Electronics 1: Basic Circuit Analysis
451,57 reviews
452,"Learn techniques that are foundational to the design of microchips used in smartphones, self-driving cars, computers, and the Internet."
453,Add to list
454,Quick View
455,edX
456,"5-7 hours a week, 5 weeks long"
457,Self paced
458,Free Online Course (Audit)
459,Best of All Time
460,Building a Future with Robots
461,68 reviews
462,"Explore the role of robots and autonomous systems in the factories, homes, hospitals, schools and cars of our near future."
463,Add to list
464,Quick View
465,FutureLearn
466,"3 hours a week, 3 weeks long"
467,Self paced
468,Free Online Course (Audit)
469,Applications in Engineering Mechanics
470,63 reviews
471,This course applies principles learned in my course “Introduction to Engineering Mechanics” to analyze real world engineering structures.  You will need to have mastered the engineering fundamentals from that class in order to be successful in this cours…
472,Add to list
473,Quick View
474,Coursera
475,"16 hours worth of material, 5 weeks long"
476,"27th Feb, 2023"
477,Free Online Course (Audit)
478,Esri
479,Do-It-Yourself  Geo Apps
480,96 reviews
481,"This course will show you how to combine location and narrative in one application to better communicate and broadcast your story, create custom web applications that solve problems in your community, and build powerful native applications for iOS and An…"
482,Add to list
483,Quick View
484,Independent
485,4 weeks long
486,"26th Jan, 2022"
487,Free Online Course
488,El rol de la digitalización en la transición energética
489,82 reviews
490,"En este curso aprenderás los fundamentos de la digitalización en el sector energético, partiendo de la problemática energética global y la necesidad de un modelo más sustentable hasta llegar a entender las principales tecnologías involucradas."
491,Add to list
492,Quick View
493,edX
494,"4-5 hours a week, 4 weeks long"
495,Self paced
496,Free Online Course (Audit)
497,Best of All Time
498,Load more
499,Load the next 15 courses of 3721
500,Home
501,Browse by subject
502,Computer Science
503,Psychology
504,Cybersecurity
505,Health
506,Law
507,Accounting
508,Web Development
509,Browse by provider
510,Coursera
511,edX
512,FutureLearn
513,Udacity
514,Swayam
515,Udemy
516,LinkedIn Learning
517,Browse by university
518,Harvard
519,Stanford
520,Georgia Tech
521,University of Michigan
522,Purdue University
523,Duke University
524,IIT Madras
525,Browse by institution
526,Google
527,Microsoft
528,IBM
529,Amazon
530,Linux Foundation
531,British Council
532,Salesforce
533,Rankings
534,Best Online Courses of All Time
535,Best Online Courses of the Year
536,Most Popular Courses of All Time
537,Most Popular Courses of the Year
538,250 Top FREE Coursera Courses of All Time
539,100 Top FREE edX Courses of All Time
540,250 Top Udemy Courses of All Time
541,The Report
542,by Class Central
543,RSS Feed
544,"The ""New Normal"" that Wasn't"
545,DDoS Attack on Class Central
546,500+ Online Degrees in India
547,Harvard's CS50 Free Certificate Guide
548,How Open University Works
549,Free Certificates & Courses
550,700+ Free Google Certificates
551,Free LinkedIn Learning Certificates
552,1600+ Free Coursera Courses
553,Ivy League Online Courses
554,175+ Free Writing Online Courses
555,About Class Central
556,"Class Central aggregates courses from many providers to help you find the best courses on almost any subject, wherever they exist."
557,Facebook
558,Twitter
559,LinkedIn
560,YouTube
561,Class Central © 2011-2023
562,Privacy Policy
563,About Us
564,Join Us
565,Help Center
566,Contact Us
567,Share
568,Facebook
569,Twitter
570,Email
571,Copy link
572,Never Stop Learning.
573,"Get personalized course recommendations, track subjects and courses with reminders, and more."
574,Sign up for free
