,link scrapped text
0,700+ Free Certificates from Google!
1,View
2,Close
3,Class Central
4,Courses
5,Class Central
6,Rankings
7,Collections
8,Subjects
9,View all
10,Computer Science
11,Health & Medicine
12,Mathematics
13,Business
14,Humanities
15,Engineering
16,Science
17,Education & Teaching
18,Social Sciences
19,Art & Design
20,Data Science
21,Programming
22,Personal Development
23,Information Security (InfoSec)
24,View all Subjects
25,Universities
26,The Report
27,Courses from
28,1000+ universities
29,Rankings
30,Best Courses
31,Best of All Time
32,Best of the Year 2022
33,Best of the Year 2021
34,Most Popular Courses
35,Most Popular of All Time
36,Most Popular of the Year 2022
37,Most Popular of the Year 2021
38,Collections
39,Monthly Course Reports
40,Starting this Month
41,New Online Courses
42,Most Popular
43,Computer Science
44,Artificial Intelligence
45,Algorithms and Data Structures
46,Internet of Things
47,Information Technology
48,Computer Networking
49,Machine Learning
50,DevOps
51,Deep Learning
52,Cryptography
53,Quantum Computing
54,Human-Computer Interaction (HCI)
55,Distributed Systems
56,Blockchain Development
57,Operating Systems
58,Computer Graphics
59,View all Computer Science
60,Health & Medicine
61,Nutrition & Wellness
62,Disease & Disorders
63,Public Health
64,Health Care
65,Nursing
66,Anatomy
67,Veterinary Science
68,Continuing Medical Education (CME)
69,View all Health & Medicine
70,Mathematics
71,Statistics & Probability
72,Foundations of Mathematics
73,Calculus
74,Discrete Mathematics
75,Trigonometry
76,Geometry
77,Algebra
78,Precalculus
79,Number Theory
80,Combinatorics
81,Mathematical logic
82,Linear Programming
83,View all Mathematics
84,Business
85,Management & Leadership
86,Finance
87,Entrepreneurship
88,Marketing
89,Strategic Management
90,Industry Specific
91,Business Intelligence
92,Accounting
93,Human Resources
94,Project Management
95,Sales
96,Design Thinking
97,Business Software
98,Risk Management
99,Corporate Social Responsibility
100,Customer Service
101,Nonprofit Management
102,Innovation
103,Operations Management
104,View all Business
105,Humanities
106,History
107,Literature
108,Language Learning
109,Grammar & Writing
110,Philosophy
111,Religion
112,ESL
113,Culture
114,Sports
115,Journalism
116,Ethics
117,Linguistics
118,Food
119,Library Science
120,Reading
121,Crisis Management
122,View all Humanities
123,Engineering
124,Electrical Engineering
125,Mechanical Engineering
126,Civil Engineering
127,Robotics
128,Nanotechnology
129,GIS
130,Textiles
131,Manufacturing
132,BIM
133,CAD
134,Chemical Engineering
135,Energy Systems
136,Aerospace Engineering
137,View all Engineering
138,Science
139,Chemistry
140,Physics
141,Environmental Science
142,Astronomy
143,Biology
144,Agriculture
145,Materials Science
146,Earth Science
147,Applied Science
148,Forensic Science
149,View all Science
150,Education & Teaching
151,K12
152,Higher Education
153,STEM
154,Teacher Professional Development
155,Course Development
156,Online Education
157,Test Prep
158,Pedagogy
159,View all Education & Teaching
160,Social Sciences
161,Sociology
162,Economics
163,Psychology
164,Anthropology
165,Political Science
166,Law
167,Urban Planning
168,Human Rights
169,Sustainability
170,Governance
171,Archaeology
172,Social Work
173,View all Social Sciences
174,Art & Design
175,Music
176,Digital Media
177,Visual Arts
178,Design & Creativity
179,View all Art & Design
180,Data Science
181,Bioinformatics
182,Big Data
183,Data Mining
184,Data Analysis
185,Data Visualization
186,Jupyter Notebooks
187,View all Data Science
188,Programming
189,Mobile Development
190,Web Development
191,Databases
192,Game Development
193,Programming Languages
194,Software Development
195,Cloud Computing
196,View all Programming
197,Personal Development
198,Communication Skills
199,Career Development
200,Self Improvement
201,Presentation Skills
202,Resilience
203,View all Personal Development
204,Information Security (InfoSec)
205,Cybersecurity
206,Network Security
207,Ethical Hacking
208,Digital Forensics
209,Reverse Engineering
210,Penetration Testing
211,Malware Analysis
212,DevSecOps
213,OSINT (Open Source Intelligence)
214,Threat Intelligence
215,Information Security Certifications
216,Red Team
217,Blue Team
218,View all Information Security (InfoSec)
219,The Report
220,2022 Year in Review: The “New Normal” that Wasn’t
221,"The pandemic ushered in a “new normal” in online learning, but it culminated in layoffs and stock drops."
222,Dhawal Shah
223,"Jan 02, 2023"
224,Latest
225,"Review of Goldman Sachs 10,000 Women Courses"
226,10 Best Japanese Courses to Take in 2023
227,7 Best Erlang Courses to Take in 2023
228,Harvard CS50 Guide: How to Pick the Right Course (with Free Certificate)
229,10 Best CSS Animation Courses to Take in 2023
230,Visit
231,The Report
232,"DDoS Attack on Class Central: Mitigation, SEO Impact, and Costs"
233,Trending
234,Most common
235,python
236,web development
237,flutter
238,Popular subjects
239,Digital Skills
240,209 courses
241,Programming
242,"24,443 courses"
243,Information Technology (IT) Certifications
244,504 courses
245,Popular courses
246,The Science of Happiness
247,"University of California, Berkeley"
248,Introduction to Financial Accounting
249,University of Pennsylvania
250,Cryptography I
251,Stanford University
252,Organize and share your learning with Class Central Lists.
253,View our
254,Lists Showcase
255,Sign up
256,Log in
257,or
258,Sign up
259,Log in
260,Sign up
261,Subjects
262,Mathematics
263,Foundations of Mathematics
264,Free Online
265,Foundations of Mathematics Courses
266,"Learn Foundations of Mathematics, earn certificates with paid and free online courses from Stanford, MIT, UC Irvine, The Open University and other top universities around the world. Read reviews to decide if a class is right for you."
267,Follow
268,80.5k
269,Share
270,57 courses
271,Related Subjects
272,Calculus Courses
273,Statistics & Probability Courses
274,STEM Courses
275,Trigonometry Courses
276,Computer Science Courses
277,Discrete Mathematics Courses
278,Electrical Engineering Courses
279,Showing
280,57 courses
281,Filter
282,Sort by Relevancy
283,Relevancy
284,Highest rated
285,Lowest rated
286,Most recently added
287,Filter by
288,Clear All
289,Filters
290,With certificate
291,(28)
292,Free course
293,(34)
294,With free certificate
295,(2)
296,University course only
297,(18)
298,Level
299,Beginner
300,(12)
301,Intermediate
302,(2)
303,Duration
304,1-5 hours
305,(12)
306,5-10 hours
307,(5)
308,10+ hours
309,(32)
310,Language
311,English
312,(43)
313,Chinese
314,(1)
315,French
316,(3)
317,German
318,(2)
319,Hebrew
320,(1)
321,Hindi
322,(1)
323,Italian
324,(1)
325,Spanish
326,(5)
327,Show 57 courses
328,Clear Filters
329,Bases Matemáticas: Números y terminología
330,97 reviews
331,"Se repasan los conceptos básicos de conjuntos, la terminología básica y las propiedades fundamentales de los números (reales y complejos)."
332,Add to list
333,Quick View
334,edX
335,"3-4 hours a week, 4 weeks long"
336,Self paced
337,Free Online Course (Audit)
338,Best of All Time
339,Introduction to Mathematical Thinking
340,53 reviews
341,A key feature of mathematical thinking is thinking outside-the-box – a valuable ability in today’s world. This course helps to develop that crucial way of thinking.
342,Add to list
343,Quick View
344,Coursera
345,"39 hours worth of material, 9 weeks long"
346,"27th Feb, 2023"
347,Free Online Course (Audit)
348,Best of All Time
349,Effective Thinking Through Mathematics
350,14 reviews
351,Learn tools of effective thinking through puzzles and mathematics in this fun and fascinating course.
352,Add to list
353,Quick View
354,edX
355,"2-5 hours a week, 4 weeks long"
356,Self paced
357,Free Online Course (Audit)
358,Street-Fighting Math
359,7 reviews
360,"Teaches, as the antidote to rigor mortis, the art of educated guessing and opportunistic problem solving."
361,Add to list
362,Quick View
363,edX
364,"6-9 hours a week, 4 weeks long"
365,Self paced
366,Paid Course
367,The Organic Chemistry Tutor
368,Fractions and Mixed Numbers
369,Syllabus: Fractions. Simplifying Fractions. Adding Fractions With Unlike Denominators. Subtracting Fractions. Multiplying Fractions - The Easy Way!. Dividing Fractions. Mixed Numbers. Improper Fractions To Mixed Numbers. Mixed Numbers To Improper Fractio…
370,Add to list
371,YouTube
372,7 hours worth of material
373,On-Demand
374,Free Online Course
375,The Organic Chemistry Tutor
376,Number Systems
377,Syllabus: How To Convert Binary To Decimal. Binary to Decimal Using Excel!. How To Convert Decimal to Binary. How To Convert Decimal to Hexadecimal. How To Convert Hexadecimal to Decimal. How To Convert Hexadecimal to Binary. How To Convert Binary to Hex…
378,Add to list
379,YouTube
380,5 hours worth of material
381,On-Demand
382,Free Online Course
383,University of Adelaide
384,"MathTrackX: Polynomials, Functions and Graphs"
385,"Develop an understanding of polynomials, functions and graphs and how these build the foundation for more complex mathematical concepts."
386,Add to list
387,Quick View
388,edX
389,"3-6 hours a week, 4 weeks long"
390,Self paced
391,Free Online Course (Audit)
392,Hebrew University of Jerusalem
393,Invitation to Mathematics     הזמנה למתמטיקה
394,70 ratings at Coursera
395,"קורס זה עוסק במתמטיקה של בית ספר תיכון מנקודת מבט מתקדמת. מטרתו העיקרית היא לחשוף סטודנטים לעתיד לאופן שבו מתמטיקאים רואים מקצוע זה, ובכך להכין אותם ללימודי מתמטיקה ברמת אוניברסיטה."
396,Add to list
397,Quick View
398,Coursera
399,"27 hours worth of material, 12 weeks long"
400,"13th Feb, 2023"
401,Free Online Course (Audit)
402,Neha Agrawal Mathematically Inclined
403,Foundation MATH Course 10th to 11th| 11th to 12th - CBSE|JEE|NDA
404,Syllabus: Logarithms | Class 11 Maths  CBSE + JEE + NDA | Foundation Series | Bridge Course |. Linear Inequalities | Wavy Curve Method | Class 11+JEE+CBSE+NDA | Foundation Series | NEHA AGRAWAL. DIFFERENTIATION | Class 11 Maths | JEE+CBSE+NDA | Neha Agra…
405,Add to list
406,YouTube
407,12 hours worth of material
408,On-Demand
409,Free Online Course
410,5th Grade Math - Vol 1
411,Syllabus: 01 - Review Of Fraction Concepts - (5th Grade Math). Lesson 2 - Writing Fractions As Words - (5th Grade Math). Lesson 3 - Finding Factors Of Numbers - (5th Grade Math). Lesson 4 - Finding The Greatest Common Factor - (5th Grade Math). Lesson 5…
412,Add to list
413,YouTube
414,1-2 hours worth of material
415,On-Demand
416,Free Online Course
417,5th Grade Math - Vol 2
418,"Syllabus: 01 - Learn to Add Fractions With Like Denominators (5th Grade Math). Lesson 2 - Adding Fractions With Like Denominators And Simplify (5th Grade Math). Lesson 3 - Adding Fractions With Unlike Denominators, Part 1 (5th Grade Math). Lesson 4 - Add…"
419,Add to list
420,YouTube
421,1-2 hours worth of material
422,On-Demand
423,Free Online Course
424,5th Grade Math - Vol 3
425,Syllabus: Lesson 1 - Multiply Whole Numbers By Fractions (5th Grade Math). Lesson 2 - Word Problems Multiply Whole Numbers By Fractions (5th Grade Math). Lesson 3 - Visualize Multiplication Of Fractions (5th Grade Math). Lesson 4 - Multiplying Fractions…
426,Add to list
427,YouTube
428,1-2 hours worth of material
429,On-Demand
430,Free Online Course
431,5th Grade Math - Vol 4
432,Syllabus: 01 - Learn Order Of Operations (5th Grade Math). Lesson 2 - Write And Interpret Expressions (5th Grade Math). Lesson 3 - Patterns And Ordered Pairs (5th Grade Math). Lesson 4 - Decimal Place Value (5th Grade Math). Lesson 5 - Multiply By Powers…
433,Add to list
434,YouTube
435,1-2 hours worth of material
436,On-Demand
437,Free Online Course
438,1st - 7th Grade Core Math
439,Syllabus: Lesson 1 - Adding 1 & 2 Digit Numbers (Basic Math Tutor). Lesson 2 - Adding 3 & 4 Digit Numbers (Basic Math Tutor). Lesson 3 - Subtracting 1 & 2 Digit Numbers (Basic Math Tutor). Lesson 4 - Subtracting 3 & 4 Digit Numbers (Basic Math Tutor). Le…
440,Add to list
441,YouTube
442,1-2 hours worth of material
443,On-Demand
444,Free Online Course
445,Basic Math Word Problems
446,Syllabus: Lesson 1 - Adding Whole Numbers (Word Problems). Lesson 2 - Subtracting Whole Numbers (Word Problems). Lesson 3 - Multiplying Whole Numbers (Word Problems). Lesson 4 - Dividing Whole Numbers (Word Problems). Lesson 5 - Adding Decimals (Word Pro…
447,Add to list
448,YouTube
449,1-2 hours worth of material
450,On-Demand
451,Free Online Course
452,Load more
453,Load the next 15 courses of 42
454,Home
455,Browse by subject
456,Computer Science
457,Psychology
458,Cybersecurity
459,Health
460,Law
461,Accounting
462,Web Development
463,Browse by provider
464,Coursera
465,edX
466,FutureLearn
467,Udacity
468,Swayam
469,Udemy
470,LinkedIn Learning
471,Browse by university
472,Harvard
473,Stanford
474,Georgia Tech
475,University of Michigan
476,Purdue University
477,Duke University
478,IIT Madras
479,Browse by institution
480,Google
481,Microsoft
482,IBM
483,Amazon
484,Linux Foundation
485,British Council
486,Salesforce
487,Rankings
488,Best Online Courses of All Time
489,Best Online Courses of the Year
490,Most Popular Courses of All Time
491,Most Popular Courses of the Year
492,250 Top FREE Coursera Courses of All Time
493,100 Top FREE edX Courses of All Time
494,250 Top Udemy Courses of All Time
495,The Report
496,by Class Central
497,RSS Feed
498,"The ""New Normal"" that Wasn't"
499,DDoS Attack on Class Central
500,500+ Online Degrees in India
501,Harvard's CS50 Free Certificate Guide
502,How Open University Works
503,Free Certificates & Courses
504,700+ Free Google Certificates
505,Free LinkedIn Learning Certificates
506,1600+ Free Coursera Courses
507,Ivy League Online Courses
508,175+ Free Writing Online Courses
509,About Class Central
510,"Class Central aggregates courses from many providers to help you find the best courses on almost any subject, wherever they exist."
511,Facebook
512,Twitter
513,LinkedIn
514,YouTube
515,Class Central © 2011-2023
516,Privacy Policy
517,About Us
518,Join Us
519,Help Center
520,Contact Us
521,Share
522,Facebook
523,Twitter
524,Email
525,Copy link
526,Never Stop Learning.
527,"Get personalized course recommendations, track subjects and courses with reminders, and more."
528,Sign up for free
