,link scrapped text
0,700+ Free Certificates from Google!
1,View
2,Close
3,Class Central
4,Courses
5,Class Central
6,Rankings
7,Collections
8,Subjects
9,View all
10,Computer Science
11,Health & Medicine
12,Mathematics
13,Business
14,Humanities
15,Engineering
16,Science
17,Education & Teaching
18,Social Sciences
19,Art & Design
20,Data Science
21,Programming
22,Personal Development
23,Information Security (InfoSec)
24,View all Subjects
25,Universities
26,The Report
27,Courses from
28,1000+ universities
29,Rankings
30,Best Courses
31,Best of All Time
32,Best of the Year 2022
33,Best of the Year 2021
34,Most Popular Courses
35,Most Popular of All Time
36,Most Popular of the Year 2022
37,Most Popular of the Year 2021
38,Collections
39,Monthly Course Reports
40,Starting this Month
41,New Online Courses
42,Most Popular
43,Computer Science
44,Artificial Intelligence
45,Algorithms and Data Structures
46,Internet of Things
47,Information Technology
48,Computer Networking
49,Machine Learning
50,DevOps
51,Deep Learning
52,Cryptography
53,Quantum Computing
54,Human-Computer Interaction (HCI)
55,Distributed Systems
56,Blockchain Development
57,Operating Systems
58,Computer Graphics
59,View all Computer Science
60,Health & Medicine
61,Nutrition & Wellness
62,Disease & Disorders
63,Public Health
64,Health Care
65,Nursing
66,Anatomy
67,Veterinary Science
68,Continuing Medical Education (CME)
69,View all Health & Medicine
70,Mathematics
71,Statistics & Probability
72,Foundations of Mathematics
73,Calculus
74,Discrete Mathematics
75,Trigonometry
76,Geometry
77,Algebra
78,Precalculus
79,Number Theory
80,Combinatorics
81,Mathematical logic
82,Linear Programming
83,View all Mathematics
84,Business
85,Management & Leadership
86,Finance
87,Entrepreneurship
88,Marketing
89,Strategic Management
90,Industry Specific
91,Business Intelligence
92,Accounting
93,Human Resources
94,Project Management
95,Sales
96,Design Thinking
97,Business Software
98,Risk Management
99,Corporate Social Responsibility
100,Customer Service
101,Nonprofit Management
102,Innovation
103,Operations Management
104,View all Business
105,Humanities
106,History
107,Literature
108,Language Learning
109,Grammar & Writing
110,Philosophy
111,Religion
112,ESL
113,Culture
114,Sports
115,Journalism
116,Ethics
117,Linguistics
118,Food
119,Library Science
120,Reading
121,Crisis Management
122,View all Humanities
123,Engineering
124,Electrical Engineering
125,Mechanical Engineering
126,Civil Engineering
127,Robotics
128,Nanotechnology
129,GIS
130,Textiles
131,Manufacturing
132,BIM
133,CAD
134,Chemical Engineering
135,Energy Systems
136,Aerospace Engineering
137,View all Engineering
138,Science
139,Chemistry
140,Physics
141,Environmental Science
142,Astronomy
143,Biology
144,Agriculture
145,Materials Science
146,Earth Science
147,Applied Science
148,Forensic Science
149,View all Science
150,Education & Teaching
151,K12
152,Higher Education
153,STEM
154,Teacher Professional Development
155,Course Development
156,Online Education
157,Test Prep
158,Pedagogy
159,View all Education & Teaching
160,Social Sciences
161,Sociology
162,Economics
163,Psychology
164,Anthropology
165,Political Science
166,Law
167,Urban Planning
168,Human Rights
169,Sustainability
170,Governance
171,Archaeology
172,Social Work
173,View all Social Sciences
174,Art & Design
175,Music
176,Digital Media
177,Visual Arts
178,Design & Creativity
179,View all Art & Design
180,Data Science
181,Bioinformatics
182,Big Data
183,Data Mining
184,Data Analysis
185,Data Visualization
186,Jupyter Notebooks
187,View all Data Science
188,Programming
189,Mobile Development
190,Web Development
191,Databases
192,Game Development
193,Programming Languages
194,Software Development
195,Cloud Computing
196,View all Programming
197,Personal Development
198,Communication Skills
199,Career Development
200,Self Improvement
201,Presentation Skills
202,Resilience
203,View all Personal Development
204,Information Security (InfoSec)
205,Cybersecurity
206,Network Security
207,Ethical Hacking
208,Digital Forensics
209,Reverse Engineering
210,Penetration Testing
211,Malware Analysis
212,DevSecOps
213,OSINT (Open Source Intelligence)
214,Threat Intelligence
215,Information Security Certifications
216,Red Team
217,Blue Team
218,View all Information Security (InfoSec)
219,The Report
220,2022 Year in Review: The “New Normal” that Wasn’t
221,"The pandemic ushered in a “new normal” in online learning, but it culminated in layoffs and stock drops."
222,Dhawal Shah
223,"Jan 02, 2023"
224,Latest
225,"Review of Goldman Sachs 10,000 Women Courses"
226,10 Best Japanese Courses to Take in 2023
227,7 Best Erlang Courses to Take in 2023
228,Harvard CS50 Guide: How to Pick the Right Course (with Free Certificate)
229,10 Best CSS Animation Courses to Take in 2023
230,Visit
231,The Report
232,"DDoS Attack on Class Central: Mitigation, SEO Impact, and Costs"
233,Trending
234,Most common
235,excel
236,finance
237,computer science
238,Popular subjects
239,Digital Skills
240,209 courses
241,Programming
242,"24,443 courses"
243,Information Technology (IT) Certifications
244,504 courses
245,Popular courses
246,The Science of Happiness
247,"University of California, Berkeley"
248,Introduction to Financial Accounting
249,University of Pennsylvania
250,Cryptography I
251,Stanford University
252,Organize and share your learning with Class Central Lists.
253,View our
254,Lists Showcase
255,Sign up
256,Log in
257,or
258,Sign up
259,Log in
260,Sign up
261,Subjects
262,Mathematics
263,Geometry
264,Free Online
265,Geometry Courses
266,"Learn Geometry, earn certificates with free online courses from MIT, The Open University, IIT Madras, IIT Kanpur and other top universities around the world. Read reviews to decide if a class is right for you."
267,Follow
268,84.2k
269,Share
270,70 courses
271,Showing
272,70 courses
273,Filter
274,Sort by Relevancy
275,Relevancy
276,Highest rated
277,Lowest rated
278,Most recently added
279,Filter by
280,Clear All
281,Filters
282,With certificate
283,(19)
284,Free course
285,(58)
286,With free certificate
287,(2)
288,University course only
289,(24)
290,Level
291,Beginner
292,(20)
293,Intermediate
294,(4)
295,Advanced
296,(3)
297,Duration
298,1-5 hours
299,(22)
300,5-10 hours
301,(9)
302,10+ hours
303,(28)
304,Language
305,English
306,(56)
307,Amharic
308,(1)
309,Hindi
310,(2)
311,Russian
312,(2)
313,Spanish
314,(8)
315,Turkish
316,(1)
317,Show 70 courses
318,Clear Filters
319,University of Padova
320,"Advanced Precalculus: Geometry, Trigonometry and Exponentials"
321,44 reviews
322,Explore advanced precalculus topics and gain the mathematical knowledge and skills required to take a first course in precalculus.
323,Add to list
324,Quick View
325,FutureLearn
326,"5 hours a week, 4 weeks long"
327,Self paced
328,Free Online Course (Audit)
329,Best of All Time
330,"Geometric Folding Algorithms: Linkages, Origami, Polyhedra (Fall 2012)"
331,"This course focuses on the algorithms for analyzing and designing geometric foldings. Applications to architecture, robotics, manufacturing, and biology are also covered in this course."
332,Add to list
333,Quick View
334,MIT OpenCourseWare
335,43 hours worth of material
336,On-Demand
337,Free Online Course
338,Geometric Algorithms
339,18 ratings at Coursera
340,"Course Information: In many areas of computer science such as robotics, computer graphics, virtual reality, and geographic information systems, it is necessary to store, analyze, and create or manipulate spatial data. This course deals with the algorithm…"
341,Add to list
342,Quick View
343,Coursera
344,"18 hours worth of material, 3 weeks long"
345,"24th Feb, 2023"
346,Free Online Course (Audit)
347,NPTEL
348,;
349,IIT Delhi
350,Computational Geometry
351,"This course covers lessons in Introduction using Basic Visibility Problems, The Maximal Points Problem, The Plane Sweep Technique and applications, Convex Hull Different Paradigms and Quickhull, Dual Transformation and Applications, Lower Bounds on Algeb…"
352,Add to list
353,Quick View
354,YouTube
355,37 hours worth of material
356,On-Demand
357,Free Online Course
358,NPTEL
359,;
360,IIT Madras
361,"Basic Algebraic Geometry : Varieties, Morphisms, Local Rings, Function Fields and Nonsingularity"
362,"This course is an introduction to Algebraic Geometry, whose aim is to study the geometry underlying the set of common zeros of a collection of polynomial equations. It sets up the language of varieties and of morphisms between them and studies their topo…"
363,Add to list
364,Quick View
365,YouTube
366,37 hours worth of material
367,On-Demand
368,Free Online Course
369,Schoolyourself
370,Introduction to Geometry
371,8 reviews
372,"Measure angles, prove geometric theorems, and discover how to calculate areas and volumes in this interactive course!"
373,Add to list
374,Quick View
375,edX
376,"4-6 hours a week, 14 weeks long"
377,Self paced
378,Free Online Course (Audit)
379,NPTEL
380,;
381,IISc Bangalore
382,Introduction to Algebraic Geometry and Commutative Algebra
383,"Algebraic geometry played a central role in 19th century math. The deepest results of Abel, Riemann, Weierstrass, and the most important works of Klein and Poincar/’e were part of this subject. In the middle of the 20th century algebraic geometry had bee…"
384,Add to list
385,Quick View
386,YouTube
387,36 hours worth of material
388,On-Demand
389,Free Online Course
390,MooMooMath and Science
391,"Circles Lesson 3 ""Circumference and Arc Length"""
392,Syllabus: Formula for circumference of a circle .  Definition of circumference.  Formula for circumference involving radius explained.  Sample problem-find the circumference of a circle.  Arc length formula explained.  Sample problem-finding the arc leng…
393,Add to list
394,YouTube
395,Less than 1 hour of material
396,On-Demand
397,Free Online Course
398,MooMooMath and Science
399,"Circles Lesson 5 "" Arc Length"""
400,"Syllabus: A pie is cut into 6 equal pieces. Arc length =5,4 cm What is the diameter of the pie?.  If you walk a circular track 4 times and the radius of the track is 40 meters what is total distance.         .  How many degrees does the minute hand move?…"
401,Add to list
402,YouTube
403,Less than 1 hour of material
404,On-Demand
405,Free Online Course
406,Friedrich–Alexander University Erlangen–Nürnberg
407,Geometrical Anatomy of Theoretical Physics
408,Syllabus: Introduction/Logic of propositions and predicates- 01 - Frederic Schuller. Axioms of set Theory - Lec 02 - Frederic Schuller. Classification of sets - Lec 03 - Frederic Schuller. Topological spaces - construction and purpose - Lec 04 - Frederic…
409,Add to list
410,YouTube
411,47 hours worth of material
412,On-Demand
413,Free Online Course
414,The Organic Chemistry Tutor
415,Geometry Video Playlist
416,"Syllabus: Geometry Introduction - Basic Overview - Review For SAT, ACT, EOC, Midterm Final Exam. Geometry Introduction, Basic Overview - Review For SAT, ACT, EOC, Midterm / Final Exam - Membership. Introduction to Geometry. Lines, Rays, Line Segments, Po…"
417,Add to list
418,YouTube
419,39 hours worth of material
420,On-Demand
421,Free Online Course
422,MooMooMath and Science
423,Geometry-Proving triangles are similar AA . SAS . SSS
424,Syllabus: Introduction similar triangles.  Angle Angle Postulate.  Side Angle Side Postulate.  Side Side Side Postulate.  Sample Problem.  Explain why the triangles are similar and find each length..
425,Add to list
426,YouTube
427,Less than 1 hour of material
428,On-Demand
429,Free Online Course
430,Neha Agrawal Mathematically Inclined
431,VECTORS & THREE DIMENSIONAL GEOMETRY Class XII 12th CBSE/ISC 2019
432,Syllabus: DIRECTION COSINES AND  DIRECTION RATIOS OF A VECTOR/LINE. SCALAR TRIPLE PRODUCT OF VECTORS -GEOMETRICAL INTERPRETATION AND PROPERTIES. EQUATIONS OF A STRAIGHT LINE IN SPACE / THREE DIMENSIONAL GEOMETRY CLASS XII 12th MATHS. COPLANARITY OF 2 LIN…
433,Add to list
434,YouTube
435,2-3 hours worth of material
436,On-Demand
437,Free Online Course
438,Professor Dave Explains
439,Geometry
440,"Syllabus: Introduction to Geometry: Ancient Greece and the Pythagoreans. Basic Euclidean Geometry: Points, Lines, and Planes. Types of Angles and Angle Relationships. Types of Triangles in Euclidean Geometry. Proving Triangle Congruence and Similarity. S…"
441,Add to list
442,YouTube
443,1-2 hours worth of material
444,On-Demand
445,Free Online Course
446,Maths Explained
447,Geometry Revision
448,Syllabus: Revision by topic: Geometry/Shape (part 1) | GCSE (9-1) Higher Exam revision (edexcel). Revision by topic: Geometry/Shape (part 2) | GCSE (9-1) Higher Exam revision (edexcel). Circles inside right-angle triangles - trigonometry/geometry problem…
449,Add to list
450,YouTube
451,4-5 hours worth of material
452,On-Demand
453,Free Online Course
454,Load more
455,Load the next 15 courses of 55
456,Home
457,Browse by subject
458,Computer Science
459,Psychology
460,Cybersecurity
461,Health
462,Law
463,Accounting
464,Web Development
465,Browse by provider
466,Coursera
467,edX
468,FutureLearn
469,Udacity
470,Swayam
471,Udemy
472,LinkedIn Learning
473,Browse by university
474,Harvard
475,Stanford
476,Georgia Tech
477,University of Michigan
478,Purdue University
479,Duke University
480,IIT Madras
481,Browse by institution
482,Google
483,Microsoft
484,IBM
485,Amazon
486,Linux Foundation
487,British Council
488,Salesforce
489,Rankings
490,Best Online Courses of All Time
491,Best Online Courses of the Year
492,Most Popular Courses of All Time
493,Most Popular Courses of the Year
494,250 Top FREE Coursera Courses of All Time
495,100 Top FREE edX Courses of All Time
496,250 Top Udemy Courses of All Time
497,The Report
498,by Class Central
499,RSS Feed
500,"The ""New Normal"" that Wasn't"
501,DDoS Attack on Class Central
502,500+ Online Degrees in India
503,Harvard's CS50 Free Certificate Guide
504,How Open University Works
505,Free Certificates & Courses
506,700+ Free Google Certificates
507,Free LinkedIn Learning Certificates
508,1600+ Free Coursera Courses
509,Ivy League Online Courses
510,175+ Free Writing Online Courses
511,About Class Central
512,"Class Central aggregates courses from many providers to help you find the best courses on almost any subject, wherever they exist."
513,Facebook
514,Twitter
515,LinkedIn
516,YouTube
517,Class Central © 2011-2023
518,Privacy Policy
519,About Us
520,Join Us
521,Help Center
522,Contact Us
523,Share
524,Facebook
525,Twitter
526,Email
527,Copy link
528,Never Stop Learning.
529,"Get personalized course recommendations, track subjects and courses with reminders, and more."
530,Sign up for free
