,link scrapped text
0,700+ Free Certificates from Google!
1,View
2,Close
3,Class Central
4,Courses
5,Class Central
6,Rankings
7,Collections
8,Subjects
9,View all
10,Computer Science
11,Health & Medicine
12,Mathematics
13,Business
14,Humanities
15,Engineering
16,Science
17,Education & Teaching
18,Social Sciences
19,Art & Design
20,Data Science
21,Programming
22,Personal Development
23,Information Security (InfoSec)
24,View all Subjects
25,Universities
26,The Report
27,Courses from
28,1000+ universities
29,Rankings
30,Best Courses
31,Best of All Time
32,Best of the Year 2022
33,Best of the Year 2021
34,Most Popular Courses
35,Most Popular of All Time
36,Most Popular of the Year 2022
37,Most Popular of the Year 2021
38,Collections
39,Monthly Course Reports
40,Starting this Month
41,New Online Courses
42,Most Popular
43,Computer Science
44,Artificial Intelligence
45,Algorithms and Data Structures
46,Internet of Things
47,Information Technology
48,Computer Networking
49,Machine Learning
50,DevOps
51,Deep Learning
52,Cryptography
53,Quantum Computing
54,Human-Computer Interaction (HCI)
55,Distributed Systems
56,Blockchain Development
57,Operating Systems
58,Computer Graphics
59,View all Computer Science
60,Health & Medicine
61,Nutrition & Wellness
62,Disease & Disorders
63,Public Health
64,Health Care
65,Nursing
66,Anatomy
67,Veterinary Science
68,Continuing Medical Education (CME)
69,View all Health & Medicine
70,Mathematics
71,Statistics & Probability
72,Foundations of Mathematics
73,Calculus
74,Discrete Mathematics
75,Trigonometry
76,Geometry
77,Algebra
78,Precalculus
79,Number Theory
80,Combinatorics
81,Mathematical logic
82,Linear Programming
83,View all Mathematics
84,Business
85,Management & Leadership
86,Finance
87,Entrepreneurship
88,Marketing
89,Strategic Management
90,Industry Specific
91,Business Intelligence
92,Accounting
93,Human Resources
94,Project Management
95,Sales
96,Design Thinking
97,Business Software
98,Risk Management
99,Corporate Social Responsibility
100,Customer Service
101,Nonprofit Management
102,Innovation
103,Operations Management
104,View all Business
105,Humanities
106,History
107,Literature
108,Language Learning
109,Grammar & Writing
110,Philosophy
111,Religion
112,ESL
113,Culture
114,Sports
115,Journalism
116,Ethics
117,Linguistics
118,Food
119,Library Science
120,Reading
121,Crisis Management
122,View all Humanities
123,Engineering
124,Electrical Engineering
125,Mechanical Engineering
126,Civil Engineering
127,Robotics
128,Nanotechnology
129,GIS
130,Textiles
131,Manufacturing
132,BIM
133,CAD
134,Chemical Engineering
135,Energy Systems
136,Aerospace Engineering
137,View all Engineering
138,Science
139,Chemistry
140,Physics
141,Environmental Science
142,Astronomy
143,Biology
144,Agriculture
145,Materials Science
146,Earth Science
147,Applied Science
148,Forensic Science
149,View all Science
150,Education & Teaching
151,K12
152,Higher Education
153,STEM
154,Teacher Professional Development
155,Course Development
156,Online Education
157,Test Prep
158,Pedagogy
159,View all Education & Teaching
160,Social Sciences
161,Sociology
162,Economics
163,Psychology
164,Anthropology
165,Political Science
166,Law
167,Urban Planning
168,Human Rights
169,Sustainability
170,Governance
171,Archaeology
172,Social Work
173,View all Social Sciences
174,Art & Design
175,Music
176,Digital Media
177,Visual Arts
178,Design & Creativity
179,View all Art & Design
180,Data Science
181,Bioinformatics
182,Big Data
183,Data Mining
184,Data Analysis
185,Data Visualization
186,Jupyter Notebooks
187,View all Data Science
188,Programming
189,Mobile Development
190,Web Development
191,Databases
192,Game Development
193,Programming Languages
194,Software Development
195,Cloud Computing
196,View all Programming
197,Personal Development
198,Communication Skills
199,Career Development
200,Self Improvement
201,Presentation Skills
202,Resilience
203,View all Personal Development
204,Information Security (InfoSec)
205,Cybersecurity
206,Network Security
207,Ethical Hacking
208,Digital Forensics
209,Reverse Engineering
210,Penetration Testing
211,Malware Analysis
212,DevSecOps
213,OSINT (Open Source Intelligence)
214,Threat Intelligence
215,Information Security Certifications
216,Red Team
217,Blue Team
218,View all Information Security (InfoSec)
219,The Report
220,2022 Year in Review: The “New Normal” that Wasn’t
221,"The pandemic ushered in a “new normal” in online learning, but it culminated in layoffs and stock drops."
222,Dhawal Shah
223,"Jan 02, 2023"
224,Latest
225,"Review of Goldman Sachs 10,000 Women Courses"
226,10 Best Japanese Courses to Take in 2023
227,7 Best Erlang Courses to Take in 2023
228,Harvard CS50 Guide: How to Pick the Right Course (with Free Certificate)
229,10 Best CSS Animation Courses to Take in 2023
230,Visit
231,The Report
232,"DDoS Attack on Class Central: Mitigation, SEO Impact, and Costs"
233,Trending
234,Most common
235,excel
236,c
237,javascript
238,Popular subjects
239,Digital Skills
240,209 courses
241,Programming
242,"24,443 courses"
243,Information Technology (IT) Certifications
244,504 courses
245,Popular courses
246,The Science of Happiness
247,"University of California, Berkeley"
248,Introduction to Financial Accounting
249,University of Pennsylvania
250,Cryptography I
251,Stanford University
252,Organize and share your learning with Class Central Lists.
253,View our
254,Lists Showcase
255,Sign up
256,Log in
257,or
258,Sign up
259,Log in
260,Sign up
261,Subjects
262,Health & Medicine
263,Free Online
264,Health & Medicine Courses
265,"Learn Health & Medicine, earn certificates with free online courses from Harvard, Stanford, MIT and other top universities around the world. Read reviews to decide if a class is right for you."
266,Follow
267,307.1k
268,Share
269,"3,778 courses"
270,Related Subjects
271,Biology Courses
272,Nutrition & Wellness Courses
273,Fitness Courses
274,Self Improvement Courses
275,Public Health Courses
276,Health Care Courses
277,Disease & Disorders Courses
278,Genomics Courses
279,Showing
280,"3,778 courses"
281,Filter
282,Sort by Relevancy
283,Relevancy
284,Highest rated
285,Lowest rated
286,Most recently added
287,Filter by
288,Clear All
289,Filters
290,With certificate
291,(3031)
292,Free course
293,(3083)
294,With free certificate
295,(1211)
296,University course only
297,(2469)
298,Level
299,Beginner
300,(1154)
301,Intermediate
302,(336)
303,Advanced
304,(74)
305,Duration
306,1-5 hours
307,(725)
308,5-10 hours
309,(355)
310,10+ hours
311,(1231)
312,Language
313,English
314,(3297)
315,Albanian
316,(3)
317,Arabic
318,(16)
319,Bengali
320,(1)
321,Chinese
322,(34)
323,Dutch
324,(7)
325,Farsi
326,(2)
327,French
328,(79)
329,Fulah
330,(1)
331,German
332,(8)
333,Gujarati
334,(1)
335,Hausa
336,(1)
337,Hindi
338,(15)
339,Hungarian
340,(1)
341,Igbo
342,(1)
343,Indonesian
344,(6)
345,Italian
346,(8)
347,Japanese
348,(6)
349,Kazakh
350,(12)
351,Latvian
352,(1)
353,Nepali
354,(1)
355,Oriya
356,(1)
357,Oromo
358,(1)
359,Portuguese
360,(17)
361,Russian
362,(13)
363,Serbian
364,(2)
365,Shan
366,(1)
367,Shona
368,(2)
369,Sinhala
370,(3)
371,Somali
372,(4)
373,Spanish
374,(174)
375,Swahili
376,(4)
377,Tamil
378,(4)
379,Tetum
380,(3)
381,Thai
382,(21)
383,Turkish
384,(9)
385,Ukrainian
386,(8)
387,Vietnamese
388,(5)
389,Yoruba
390,(1)
391,Zulu
392,(1)
393,See all
394,"Show 3,778 courses"
395,Clear Filters
396,University of Cape Town
397,Understanding Clinical Research: Behind the Statistics
398,735 reviews
399,"If you’ve ever skipped over`the results section of a medical paper because terms like “confidence interval” or “p-value” go over your head, then you’re in the right place."
400,Add to list
401,Quick View
402,Coursera
403,"27 hours worth of material, 6 weeks long"
404,"20th Feb, 2023"
405,Free Online Course (Audit)
406,Best of All Time
407,Understanding Medical Research: Your Facebook Friend is Wrong
408,364 reviews
409,How can you tell if the bold headlines seen on social media are truly touting the next big thing or if the article isn't worth the paper it's printed on?
410,Add to list
411,Quick View
412,Coursera
413,"17 hours worth of material, 7 weeks long"
414,"27th Feb, 2023"
415,Free Online Course (Audit)
416,Best of All Time
417,"Nutrition, Exercise and Sports"
418,1097 reviews
419,"Learn about Nutrition, Exercise and Sports and understand how nutrition can support exercise and sports performance."
420,Add to list
421,Quick View
422,edX
423,"4-8 hours a week, 6 weeks long"
424,Self paced
425,Free Online Course (Audit)
426,Best of All Time
427,Nutrition and Health: Micronutrients and Malnutrition
428,205 reviews
429,"Learn from the top professors of Wageningen University &amp; Research about malnutrition and micronutrients and how they impact your health. This online course is offered as a MOOC, and is part of the Professional Certificate Pogramme: Nutrition and Heal…"
430,Add to list
431,Quick View
432,edX
433,"6-8 hours a week, 7 weeks long"
434,Self paced
435,Free Online Course (Audit)
436,"Nutrition, Heart Disease and Diabetes"
437,403 reviews
438,"Discover the latest insights on the importance of nutrition and lifestyle in the development and treatment of cardiovascular diseases and diabetes mellitus in the online open course Nutrition, Heart disease and Diabetes.
You will learn about current prog…"
439,Add to list
440,Quick View
441,edX
442,"6-8 hours a week, 5 weeks long"
443,Self paced
444,Free Online Course (Audit)
445,Nutrition and Health: Macronutrients and Overnutrition
446,312 reviews
447,"Learn from the top professors of Wageningen University &amp; Research about macronutrients and overnutrition and how they impact humans. This online course is offered as a MOOC, and is part of the Professional Certificate Pogramme: Nutrition and Health."
448,Add to list
449,Quick View
450,edX
451,"6-8 hours a week, 9 weeks long"
452,Self paced
453,Free Online Course (Audit)
454,Nutrition and Cancer
455,291 reviews
456,Cancer has overtaken cardiovascular disease (CVD) as the leading cause of death in many parts of the world. It causes one in eight deaths worldwide. Global trends show that the majority of all cancer deaths occur in the low- and middle-income countries.…
457,Add to list
458,Quick View
459,edX
460,"6-8 hours a week, 5 weeks long"
461,Self paced
462,Free Online Course (Audit)
463,End of Life Care: Challenges and Innovation
464,145 reviews
465,Explore dying and palliative care practice around the world and evaluate new trends and ideas surrounding end of life care issues.
466,Add to list
467,Quick View
468,FutureLearn
469,"4 hours a week, 3 weeks long"
470,Self paced
471,Free Online Course (Audit)
472,Best of All Time
473,Discover Dentistry
474,166 reviews
475,An entertaining and illuminating course for everyone to explore the impact dentistry has on our lives.
476,Add to list
477,Quick View
478,FutureLearn
479,"3 hours a week, 6 weeks long"
480,Self paced
481,Free Online Course (Audit)
482,Best of All Time
483,Monash University
484,Maintaining a Mindful Life
485,212 reviews
486,"Learn how to apply mindfulness techniques, so you can improve your communication, relationships and emotional health."
487,Add to list
488,Quick View
489,FutureLearn
490,"3 hours a week, 4 weeks long"
491,Self paced
492,Free Online Course (Audit)
493,Best of All Time
494,Monash University
495,Mindfulness for Wellbeing and Peak Performance
496,211 reviews
497,Learn mindfulness techniques to reduce stress and improve your wellbeing and work/study performance in this online course.
498,Add to list
499,Quick View
500,FutureLearn
501,"3 hours a week, 6 weeks long"
502,Self paced
503,Free Online Course (Audit)
504,Best of All Time
505,Understanding Dementia
506,12213 reviews
507,"This is a course about dementia looking at a broad range of topics including, basic brain anatomy, pathology, dementia research, risk factors, symptoms, diagnosis, medical management, living with dementia, progression and staging, palliation, behaviours…"
508,Add to list
509,Quick View
510,Independent
511,"3 hours a week, 7 weeks long"
512,"7th Feb, 2023"
513,Free Certificate
514,Best of All Time
515,Understanding Traumatic Brain Injury (TBI)
516,1043 reviews
517,"Understanding Traumatic Brain Injury (TBI) is a Massive Open Online Course (MOOC), offering university-quality education about TBI covering the spectrum from mild concussion through to severe injury."
518,Add to list
519,Quick View
520,Independent
521,"2 hours a week, 5 weeks long"
522,"27th Mar, 2023"
523,Free Online Course
524,Understanding Multiple Sclerosis (MS)
525,943 reviews
526,This course aims to improve understanding and awareness of Multiple Sclerosis (MS). Members of the public will increase their knowledge of MS-related issues and those in the MS Community will be empowered to create and contribute to personalised MS manag…
527,Add to list
528,Quick View
529,Independent
530,"2 hours a week, 6 weeks long"
531,"13th Mar, 2023"
532,Free Online Course
533,Best of All Time
534,Preventing Dementia
535,6792 reviews
536,"Preventing Dementia is a Massive Open Online Course (MOOC), offering university-quality education about the latest research in dementia risk and protective factors."
537,Add to list
538,Quick View
539,Independent
540,"2 hours a week, 4 weeks long"
541,"16th May, 2023"
542,Free Online Course
543,Best of All Time
544,Load more
545,Load the next 15 courses of 3763
546,Home
547,Browse by subject
548,Computer Science
549,Psychology
550,Cybersecurity
551,Health
552,Law
553,Accounting
554,Web Development
555,Browse by provider
556,Coursera
557,edX
558,FutureLearn
559,Udacity
560,Swayam
561,Udemy
562,LinkedIn Learning
563,Browse by university
564,Harvard
565,Stanford
566,Georgia Tech
567,University of Michigan
568,Purdue University
569,Duke University
570,IIT Madras
571,Browse by institution
572,Google
573,Microsoft
574,IBM
575,Amazon
576,Linux Foundation
577,British Council
578,Salesforce
579,Rankings
580,Best Online Courses of All Time
581,Best Online Courses of the Year
582,Most Popular Courses of All Time
583,Most Popular Courses of the Year
584,250 Top FREE Coursera Courses of All Time
585,100 Top FREE edX Courses of All Time
586,250 Top Udemy Courses of All Time
587,The Report
588,by Class Central
589,RSS Feed
590,"The ""New Normal"" that Wasn't"
591,DDoS Attack on Class Central
592,500+ Online Degrees in India
593,Harvard's CS50 Free Certificate Guide
594,How Open University Works
595,Free Certificates & Courses
596,700+ Free Google Certificates
597,Free LinkedIn Learning Certificates
598,1600+ Free Coursera Courses
599,Ivy League Online Courses
600,175+ Free Writing Online Courses
601,About Class Central
602,"Class Central aggregates courses from many providers to help you find the best courses on almost any subject, wherever they exist."
603,Facebook
604,Twitter
605,LinkedIn
606,YouTube
607,Class Central © 2011-2023
608,Privacy Policy
609,About Us
610,Join Us
611,Help Center
612,Contact Us
613,Share
614,Facebook
615,Twitter
616,Email
617,Copy link
618,Never Stop Learning.
619,"Get personalized course recommendations, track subjects and courses with reminders, and more."
620,Sign up for free
