,link scrapped text
0,700+ Free Certificates from Google!
1,View
2,Close
3,Class Central
4,Courses
5,Class Central
6,Rankings
7,Collections
8,Subjects
9,View all
10,Computer Science
11,Health & Medicine
12,Mathematics
13,Business
14,Humanities
15,Engineering
16,Science
17,Education & Teaching
18,Social Sciences
19,Art & Design
20,Data Science
21,Programming
22,Personal Development
23,Information Security (InfoSec)
24,View all Subjects
25,Universities
26,The Report
27,Courses from
28,1000+ universities
29,Rankings
30,Best Courses
31,Best of All Time
32,Best of the Year 2022
33,Best of the Year 2021
34,Most Popular Courses
35,Most Popular of All Time
36,Most Popular of the Year 2022
37,Most Popular of the Year 2021
38,Collections
39,Monthly Course Reports
40,Starting this Month
41,New Online Courses
42,Most Popular
43,Computer Science
44,Artificial Intelligence
45,Algorithms and Data Structures
46,Internet of Things
47,Information Technology
48,Computer Networking
49,Machine Learning
50,DevOps
51,Deep Learning
52,Cryptography
53,Quantum Computing
54,Human-Computer Interaction (HCI)
55,Distributed Systems
56,Blockchain Development
57,Operating Systems
58,Computer Graphics
59,View all Computer Science
60,Health & Medicine
61,Nutrition & Wellness
62,Disease & Disorders
63,Public Health
64,Health Care
65,Nursing
66,Anatomy
67,Veterinary Science
68,Continuing Medical Education (CME)
69,View all Health & Medicine
70,Mathematics
71,Statistics & Probability
72,Foundations of Mathematics
73,Calculus
74,Discrete Mathematics
75,Trigonometry
76,Geometry
77,Algebra
78,Precalculus
79,Number Theory
80,Combinatorics
81,Mathematical logic
82,Linear Programming
83,View all Mathematics
84,Business
85,Management & Leadership
86,Finance
87,Entrepreneurship
88,Marketing
89,Strategic Management
90,Industry Specific
91,Business Intelligence
92,Accounting
93,Human Resources
94,Project Management
95,Sales
96,Design Thinking
97,Business Software
98,Risk Management
99,Corporate Social Responsibility
100,Customer Service
101,Nonprofit Management
102,Innovation
103,Operations Management
104,View all Business
105,Humanities
106,History
107,Literature
108,Language Learning
109,Grammar & Writing
110,Philosophy
111,Religion
112,ESL
113,Culture
114,Sports
115,Journalism
116,Ethics
117,Linguistics
118,Food
119,Library Science
120,Reading
121,Crisis Management
122,View all Humanities
123,Engineering
124,Electrical Engineering
125,Mechanical Engineering
126,Civil Engineering
127,Robotics
128,Nanotechnology
129,GIS
130,Textiles
131,Manufacturing
132,BIM
133,CAD
134,Chemical Engineering
135,Energy Systems
136,Aerospace Engineering
137,View all Engineering
138,Science
139,Chemistry
140,Physics
141,Environmental Science
142,Astronomy
143,Biology
144,Agriculture
145,Materials Science
146,Earth Science
147,Applied Science
148,Forensic Science
149,View all Science
150,Education & Teaching
151,K12
152,Higher Education
153,STEM
154,Teacher Professional Development
155,Course Development
156,Online Education
157,Test Prep
158,Pedagogy
159,View all Education & Teaching
160,Social Sciences
161,Sociology
162,Economics
163,Psychology
164,Anthropology
165,Political Science
166,Law
167,Urban Planning
168,Human Rights
169,Sustainability
170,Governance
171,Archaeology
172,Social Work
173,View all Social Sciences
174,Art & Design
175,Music
176,Digital Media
177,Visual Arts
178,Design & Creativity
179,View all Art & Design
180,Data Science
181,Bioinformatics
182,Big Data
183,Data Mining
184,Data Analysis
185,Data Visualization
186,Jupyter Notebooks
187,View all Data Science
188,Programming
189,Mobile Development
190,Web Development
191,Databases
192,Game Development
193,Programming Languages
194,Software Development
195,Cloud Computing
196,View all Programming
197,Personal Development
198,Communication Skills
199,Career Development
200,Self Improvement
201,Presentation Skills
202,Resilience
203,View all Personal Development
204,Information Security (InfoSec)
205,Cybersecurity
206,Network Security
207,Ethical Hacking
208,Digital Forensics
209,Reverse Engineering
210,Penetration Testing
211,Malware Analysis
212,DevSecOps
213,OSINT (Open Source Intelligence)
214,Threat Intelligence
215,Information Security Certifications
216,Red Team
217,Blue Team
218,View all Information Security (InfoSec)
219,The Report
220,2022 Year in Review: The “New Normal” that Wasn’t
221,"The pandemic ushered in a “new normal” in online learning, but it culminated in layoffs and stock drops."
222,Dhawal Shah
223,"Jan 02, 2023"
224,Latest
225,"Review of Goldman Sachs 10,000 Women Courses"
226,10 Best Japanese Courses to Take in 2023
227,7 Best Erlang Courses to Take in 2023
228,Harvard CS50 Guide: How to Pick the Right Course (with Free Certificate)
229,10 Best CSS Animation Courses to Take in 2023
230,Visit
231,The Report
232,"DDoS Attack on Class Central: Mitigation, SEO Impact, and Costs"
233,Trending
234,Most common
235,python
236,digital marketing
237,project management
238,Popular subjects
239,Digital Skills
240,209 courses
241,Programming
242,"24,443 courses"
243,Information Technology (IT) Certifications
244,504 courses
245,Popular courses
246,The Science of Happiness
247,"University of California, Berkeley"
248,Introduction to Financial Accounting
249,University of Pennsylvania
250,Cryptography I
251,Stanford University
252,Organize and share your learning with Class Central Lists.
253,View our
254,Lists Showcase
255,Sign up
256,Log in
257,or
258,Sign up
259,Log in
260,Sign up
261,Subjects
262,Health & Medicine
263,Health Care
264,Free Online
265,Health Care Courses
266,"Learn Health Care, earn certificates with free online courses from Harvard, Stanford, MIT, University of Pennsylvania and other top universities around the world. Read reviews to decide if a class is right for you."
267,Follow
268,173.6k
269,Share
270,828 courses
271,Related Subjects
272,Pharmacology Courses
273,Healthcare Informatics Courses
274,Nursing Courses
275,Nutrition & Wellness Courses
276,Public Health Courses
277,Mental Health Courses
278,First Aid Courses
279,Yoga Courses
280,Showing
281,828 courses
282,Filter
283,Sort by Relevancy
284,Relevancy
285,Highest rated
286,Lowest rated
287,Most recently added
288,Filter by
289,Clear All
290,Filters
291,With certificate
292,(606)
293,Free course
294,(729)
295,With free certificate
296,(42)
297,University course only
298,(616)
299,Level
300,Beginner
301,(263)
302,Intermediate
303,(147)
304,Advanced
305,(36)
306,Duration
307,1-5 hours
308,(121)
309,5-10 hours
310,(91)
311,10+ hours
312,(470)
313,Language
314,English
315,(711)
316,Arabic
317,(6)
318,Chinese
319,(15)
320,Dutch
321,(1)
322,French
323,(17)
324,German
325,(5)
326,Indonesian
327,(1)
328,Japanese
329,(2)
330,Portuguese
331,(1)
332,Russian
333,(3)
334,Spanish
335,(57)
336,Tamil
337,(1)
338,Thai
339,(6)
340,Turkish
341,(1)
342,Vietnamese
343,(1)
344,See all
345,Show 828 courses
346,Clear Filters
347,University of Cape Town
348,Understanding Clinical Research: Behind the Statistics
349,735 reviews
350,"If you’ve ever skipped over`the results section of a medical paper because terms like “confidence interval” or “p-value” go over your head, then you’re in the right place."
351,Add to list
352,Quick View
353,Coursera
354,"27 hours worth of material, 6 weeks long"
355,"20th Feb, 2023"
356,Free Online Course (Audit)
357,Best of All Time
358,Discover Dentistry
359,166 reviews
360,An entertaining and illuminating course for everyone to explore the impact dentistry has on our lives.
361,Add to list
362,Quick View
363,FutureLearn
364,"3 hours a week, 6 weeks long"
365,Self paced
366,Free Online Course (Audit)
367,Best of All Time
368,University of Cape Town
369,Medicine and the Arts: Humanising Healthcare
370,102 reviews
371,"Explore the field of medical humanities - the intersection of the arts, humanities and healthcare - with this free online course."
372,Add to list
373,Quick View
374,FutureLearn
375,"3 hours a week, 6 weeks long"
376,Self paced
377,Free Online Course (Audit)
378,Best of All Time
379,Improving Healthcare Through Clinical Research
380,69 reviews
381,"On this free online course, find out how medical treatments are discovered, tested and evaluated to improve healthcare for all."
382,Add to list
383,Quick View
384,FutureLearn
385,"4 hours a week, 4 weeks long"
386,Self paced
387,Free Online Course (Audit)
388,Best of All Time
389,Professor Dave Explains
390,Pharmacology
391,57 reviews
392,Learn the basics of Pharmacology to understand drugs on a molecular level.
393,Add to list
394,Quick View
395,YouTube
396,1-2 hours worth of material
397,On-Demand
398,Free Online Course
399,Harvard Medical School
400,;
401,Harvard
402,Best Practices for Biomedical Research Data Management (HE)
403,63 reviews
404,"With the increasing focus on research data, this course has been developed to address present and future researchers’ data management learning needs."
405,Add to list
406,Quick View
407,Canvas Network
408,7 hours a week
409,On-Demand
410,Free Online Course
411,Best of All Time
412,Health Across the Gender Spectrum
413,5 reviews
414,"This course offers an intimate, story-based introduction to the experiences of six transgender children and their families. Through illustrated stories and short teaching videos, learners will gain a better understanding of gender identity and the gender…"
415,Add to list
416,Quick View
417,Coursera
418,"8-9 hours worth of material, 3 weeks long"
419,"20th Feb, 2023"
420,Free Online Course (Audit)
421,Introduction to Radiology
422,17 reviews
423,"Radiographic techniques are explored in this course: Conventional Radiography, Computed Tomography (CT), Ultrasound, and Magnetic Resonance Imaging (MRI)."
424,Add to list
425,Quick View
426,YouTube
427,2-3 hours worth of material
428,On-Demand
429,Free Online Course
430,Introduction to Healthcare
431,634 ratings at Coursera
432,"This course explores the fundamentals of the U.S. healthcare system. It will introduce the principal institutions and participants in healthcare systems, explain what they do, and discuss the interactions between them. The course will cover physician pra…"
433,Add to list
434,Quick View
435,Coursera
436,"12 hours worth of material, 7 weeks long"
437,"20th Feb, 2023"
438,Free Online Course (Audit)
439,Health After Cancer: Cancer Survivorship for Primary Care
440,56 ratings at Coursera
441,"This course presents basic principles of cancer survivorship to primary-care physicians. Developed by a team of experts in caring for cancer survivors, and narrated by a primary-care physician, this course provides practical tips and tools that can be ea…"
442,Add to list
443,Quick View
444,Coursera
445,"2-3 hours worth of material, 1 week long"
446,"20th Feb, 2023"
447,Free Online Course (Audit)
448,Essentials of Palliative Care
449,45 ratings at Coursera
450,"Palliative care can help ease suffering and improve wellbeing in people living with serious illnesses such as cancer. Palliative Care Always is an online, case-based course for health care practitioners who work in cancer care."
451,Add to list
452,Quick View
453,Coursera
454,"11 hours worth of material, 4 weeks long"
455,"20th Feb, 2023"
456,Free Online Course (Audit)
457,Symptom Management in Palliative Care
458,15 ratings at Coursera
459,"This course should be taken after the Essentials of Palliative Care course and continues building your primary palliative care skills – communication, psychosocial support and goals of care. You will learn how to screen, assess, and manage both physical…"
460,Add to list
461,Quick View
462,Coursera
463,"10 hours worth of material, 4 weeks long"
464,"20th Feb, 2023"
465,Free Online Course (Audit)
466,Supporting Families and Caregivers
467,15 ratings at Coursera
468,"This course takes a deep dive into the challenges families and friends of a patient with serious illness face and how you can care for and support them as a provider, social worker or family friend."
469,Add to list
470,Quick View
471,Coursera
472,"11 hours worth of material, 5 weeks long"
473,"20th Feb, 2023"
474,Free Online Course (Audit)
475,Transitions in Care from Survivorship to Hospice
476,12 ratings at Coursera
477,"This course should be taken after the Symptom Management course and continues building your primary palliative care skills – communication, psychosocial support, goals of care and symptom management. You will explore transitions in care such as survivors…"
478,Add to list
479,Quick View
480,Coursera
481,"10 hours worth of material, 4 weeks long"
482,"20th Feb, 2023"
483,Free Online Course (Audit)
484,Health Technology Assessment: Choosing Which Treatments Get Funded
485,32 reviews
486,"Before new drugs or treatments are adopted, their effectiveness and cost must be assessed. Find out how in this online course."
487,Add to list
488,Quick View
489,FutureLearn
490,"3 hours a week, 4 weeks long"
491,Self paced
492,Free Online Course (Audit)
493,Load more
494,Load the next 15 courses of 813
495,Home
496,Browse by subject
497,Computer Science
498,Psychology
499,Cybersecurity
500,Health
501,Law
502,Accounting
503,Web Development
504,Browse by provider
505,Coursera
506,edX
507,FutureLearn
508,Udacity
509,Swayam
510,Udemy
511,LinkedIn Learning
512,Browse by university
513,Harvard
514,Stanford
515,Georgia Tech
516,University of Michigan
517,Purdue University
518,Duke University
519,IIT Madras
520,Browse by institution
521,Google
522,Microsoft
523,IBM
524,Amazon
525,Linux Foundation
526,British Council
527,Salesforce
528,Rankings
529,Best Online Courses of All Time
530,Best Online Courses of the Year
531,Most Popular Courses of All Time
532,Most Popular Courses of the Year
533,250 Top FREE Coursera Courses of All Time
534,100 Top FREE edX Courses of All Time
535,250 Top Udemy Courses of All Time
536,The Report
537,by Class Central
538,RSS Feed
539,"The ""New Normal"" that Wasn't"
540,DDoS Attack on Class Central
541,500+ Online Degrees in India
542,Harvard's CS50 Free Certificate Guide
543,How Open University Works
544,Free Certificates & Courses
545,700+ Free Google Certificates
546,Free LinkedIn Learning Certificates
547,1600+ Free Coursera Courses
548,Ivy League Online Courses
549,175+ Free Writing Online Courses
550,About Class Central
551,"Class Central aggregates courses from many providers to help you find the best courses on almost any subject, wherever they exist."
552,Facebook
553,Twitter
554,LinkedIn
555,YouTube
556,Class Central © 2011-2023
557,Privacy Policy
558,About Us
559,Join Us
560,Help Center
561,Contact Us
562,Share
563,Facebook
564,Twitter
565,Email
566,Copy link
567,Never Stop Learning.
568,"Get personalized course recommendations, track subjects and courses with reminders, and more."
569,Sign up for free
