,link scrapped text
0,700+ Free Certificates from Google!
1,View
2,Close
3,Class Central
4,Courses
5,Class Central
6,Rankings
7,Collections
8,Subjects
9,View all
10,Computer Science
11,Health & Medicine
12,Mathematics
13,Business
14,Humanities
15,Engineering
16,Science
17,Education & Teaching
18,Social Sciences
19,Art & Design
20,Data Science
21,Programming
22,Personal Development
23,Information Security (InfoSec)
24,View all Subjects
25,Universities
26,The Report
27,Courses from
28,1000+ universities
29,Rankings
30,Best Courses
31,Best of All Time
32,Best of the Year 2022
33,Best of the Year 2021
34,Most Popular Courses
35,Most Popular of All Time
36,Most Popular of the Year 2022
37,Most Popular of the Year 2021
38,Collections
39,Monthly Course Reports
40,Starting this Month
41,New Online Courses
42,Most Popular
43,Computer Science
44,Artificial Intelligence
45,Algorithms and Data Structures
46,Internet of Things
47,Information Technology
48,Computer Networking
49,Machine Learning
50,DevOps
51,Deep Learning
52,Cryptography
53,Quantum Computing
54,Human-Computer Interaction (HCI)
55,Distributed Systems
56,Blockchain Development
57,Operating Systems
58,Computer Graphics
59,View all Computer Science
60,Health & Medicine
61,Nutrition & Wellness
62,Disease & Disorders
63,Public Health
64,Health Care
65,Nursing
66,Anatomy
67,Veterinary Science
68,Continuing Medical Education (CME)
69,View all Health & Medicine
70,Mathematics
71,Statistics & Probability
72,Foundations of Mathematics
73,Calculus
74,Discrete Mathematics
75,Trigonometry
76,Geometry
77,Algebra
78,Precalculus
79,Number Theory
80,Combinatorics
81,Mathematical logic
82,Linear Programming
83,View all Mathematics
84,Business
85,Management & Leadership
86,Finance
87,Entrepreneurship
88,Marketing
89,Strategic Management
90,Industry Specific
91,Business Intelligence
92,Accounting
93,Human Resources
94,Project Management
95,Sales
96,Design Thinking
97,Business Software
98,Risk Management
99,Corporate Social Responsibility
100,Customer Service
101,Nonprofit Management
102,Innovation
103,Operations Management
104,View all Business
105,Humanities
106,History
107,Literature
108,Language Learning
109,Grammar & Writing
110,Philosophy
111,Religion
112,ESL
113,Culture
114,Sports
115,Journalism
116,Ethics
117,Linguistics
118,Food
119,Library Science
120,Reading
121,Crisis Management
122,View all Humanities
123,Engineering
124,Electrical Engineering
125,Mechanical Engineering
126,Civil Engineering
127,Robotics
128,Nanotechnology
129,GIS
130,Textiles
131,Manufacturing
132,BIM
133,CAD
134,Chemical Engineering
135,Energy Systems
136,Aerospace Engineering
137,View all Engineering
138,Science
139,Chemistry
140,Physics
141,Environmental Science
142,Astronomy
143,Biology
144,Agriculture
145,Materials Science
146,Earth Science
147,Applied Science
148,Forensic Science
149,View all Science
150,Education & Teaching
151,K12
152,Higher Education
153,STEM
154,Teacher Professional Development
155,Course Development
156,Online Education
157,Test Prep
158,Pedagogy
159,View all Education & Teaching
160,Social Sciences
161,Sociology
162,Economics
163,Psychology
164,Anthropology
165,Political Science
166,Law
167,Urban Planning
168,Human Rights
169,Sustainability
170,Governance
171,Archaeology
172,Social Work
173,View all Social Sciences
174,Art & Design
175,Music
176,Digital Media
177,Visual Arts
178,Design & Creativity
179,View all Art & Design
180,Data Science
181,Bioinformatics
182,Big Data
183,Data Mining
184,Data Analysis
185,Data Visualization
186,Jupyter Notebooks
187,View all Data Science
188,Programming
189,Mobile Development
190,Web Development
191,Databases
192,Game Development
193,Programming Languages
194,Software Development
195,Cloud Computing
196,View all Programming
197,Personal Development
198,Communication Skills
199,Career Development
200,Self Improvement
201,Presentation Skills
202,Resilience
203,View all Personal Development
204,Information Security (InfoSec)
205,Cybersecurity
206,Network Security
207,Ethical Hacking
208,Digital Forensics
209,Reverse Engineering
210,Penetration Testing
211,Malware Analysis
212,DevSecOps
213,OSINT (Open Source Intelligence)
214,Threat Intelligence
215,Information Security Certifications
216,Red Team
217,Blue Team
218,View all Information Security (InfoSec)
219,The Report
220,2022 Year in Review: The “New Normal” that Wasn’t
221,"The pandemic ushered in a “new normal” in online learning, but it culminated in layoffs and stock drops."
222,Dhawal Shah
223,"Jan 02, 2023"
224,Latest
225,"Review of Goldman Sachs 10,000 Women Courses"
226,10 Best Japanese Courses to Take in 2023
227,7 Best Erlang Courses to Take in 2023
228,Harvard CS50 Guide: How to Pick the Right Course (with Free Certificate)
229,10 Best CSS Animation Courses to Take in 2023
230,Visit
231,The Report
232,"DDoS Attack on Class Central: Mitigation, SEO Impact, and Costs"
233,Trending
234,Most common
235,project management
236,French
237,cyber security
238,Popular subjects
239,Digital Skills
240,209 courses
241,Programming
242,"24,443 courses"
243,Information Technology (IT) Certifications
244,504 courses
245,Popular courses
246,The Science of Happiness
247,"University of California, Berkeley"
248,Introduction to Financial Accounting
249,University of Pennsylvania
250,Cryptography I
251,Stanford University
252,Organize and share your learning with Class Central Lists.
253,View our
254,Lists Showcase
255,Sign up
256,Log in
257,or
258,Sign up
259,Log in
260,Sign up
261,Subjects
262,Humanities
263,Free Online
264,Humanities Courses
265,"Learn Humanities, earn certificates with free online courses from Harvard, Stanford and other top universities around the world. Read reviews to decide if a class is right for you."
266,Follow
267,295.7k
268,Share
269,"5,051 courses"
270,Related Subjects
271,Religion Courses
272,Philosophy Courses
273,Visual Arts Courses
274,Grammar & Writing Courses
275,Literature Courses
276,History Courses
277,Critical Thinking Courses
278,Law Courses
279,Showing
280,"5,051 courses"
281,Filter
282,Sort by Relevancy
283,Relevancy
284,Highest rated
285,Lowest rated
286,Most recently added
287,Filter by
288,Clear All
289,Filters
290,With certificate
291,(2766)
292,Free course
293,(3367)
294,With free certificate
295,(210)
296,University course only
297,(2029)
298,Level
299,Beginner
300,(1768)
301,Intermediate
302,(395)
303,Advanced
304,(55)
305,Duration
306,1-5 hours
307,(1623)
308,5-10 hours
309,(542)
310,10+ hours
311,(1840)
312,Language
313,English
314,(4249)
315,Amharic
316,(5)
317,Arabic
318,(26)
319,Bengali
320,(12)
321,Chinese
322,(62)
323,Dutch
324,(1)
325,French
326,(108)
327,German
328,(16)
329,Gujarati
330,(4)
331,Hebrew
332,(2)
333,Hindi
334,(100)
335,Indonesian
336,(2)
337,Italian
338,(43)
339,Japanese
340,(30)
341,Korean
342,(5)
343,Māori
344,(1)
345,Portuguese
346,(25)
347,Punjabi
348,(2)
349,Russian
350,(56)
351,Spanish
352,(235)
353,Swedish
354,(1)
355,Tamil
356,(6)
357,Telugu
358,(1)
359,Thai
360,(25)
361,Tibetan
362,(1)
363,Turkish
364,(24)
365,Urdu
366,(8)
367,Welsh
368,(1)
369,See all
370,"Show 5,051 courses"
371,Clear Filters
372,How to Succeed at: Writing Applications
373,427 reviews
374,"This free three week course will help you produce a perfect CV, application and online profile when applying for a job or course."
375,Add to list
376,Quick View
377,FutureLearn
378,"3 hours a week, 3 weeks long"
379,"20th Feb, 2023"
380,Free Online Course (Audit)
381,Modern & Contemporary American Poetry (“ModPo”)
382,190 reviews
383,"During the 10 weeks of the course, you will be guided through poems, video discussions of each poem, and community discussions of each poem. And (unique among open online courses) we offer weekly, interactive live webcasts."
384,Add to list
385,Quick View
386,Coursera
387,"93 hours worth of material, 10 weeks long"
388,Self paced
389,Free Online Course (Audit)
390,Best of All Time
391,HOPE: Human Odyssey to Political Existentialism
392,275 reviews
393,"What sets us apart, and brings us together, as humans? How can we live up to our humanity? Join us as we explore not only ""life, liberty, and the pursuit of happiness"" but ""death, freedom, and the pursuit of meaning."""
394,Add to list
395,Quick View
396,edX
397,"3-5 hours a week, 10 weeks long"
398,Self paced
399,Free Online Course (Audit)
400,Basic Spanish 1: Getting Started
401,397 reviews
402,"Learn Spanish and explore Spanish culture in this introductory language course, designed for English speakers."
403,Add to list
404,Quick View
405,edX
406,"4-5 hours a week, 7 weeks long"
407,Self paced
408,Free Online Course (Audit)
409,Best of All Time
410,Nutrition and Health: Food Safety
411,165 reviews
412,"Learn about bacteria, pesticides and health hazards present in food. This online course is offered as a MOOC which means that you can study at your own pace, at your own time and anywhere you want."
413,Add to list
414,Quick View
415,edX
416,"6-8 hours a week, 8 weeks long"
417,Self paced
418,Free Online Course (Audit)
419,Literature of the English Country House
420,208 reviews
421,Take a journey through the literature of English country houses from the time of Thomas More to Oscar Wilde.
422,Add to list
423,Quick View
424,FutureLearn
425,8 weeks long
426,Self paced
427,Free Online Course (Audit)
428,Best of All Time
429,A Life of Happiness and Fulfillment
430,508 reviews
431,"This course draws content from a variety of fields, including psychology, neuroscience, and behavioral decision theory to offer a tested and practical recipe for leading a life of happiness and fulfillment."
432,Add to list
433,Quick View
434,Coursera
435,"28 hours worth of material, 6 weeks long"
436,"6th Feb, 2023"
437,Free Online Course (Audit)
438,Best of All Time
439,English in Early Childhood: Language Learning and Development
440,1421 reviews
441,Discover how very young children learn English as an additional language and how you can help them progress.
442,Add to list
443,Quick View
444,FutureLearn
445,"2 hours a week, 6 weeks long"
446,Self paced
447,Free Online Course (Audit)
448,Best of All Time
449,Exploring English: Shakespeare
450,503 reviews
451,Improve your English language skills by looking at the life and works of William Shakespeare and his enduring popularity.
452,Add to list
453,Quick View
454,FutureLearn
455,"2 hours a week, 6 weeks long"
456,Self paced
457,Free Online Course (Audit)
458,Teaching English: How to Plan a Great Lesson
459,375 reviews
460,Develop your English language teaching skills and learn how to plan and deliver effective English lessons with this online course.
461,Add to list
462,Quick View
463,FutureLearn
464,"2 hours a week, 4 weeks long"
465,Self paced
466,Free Online Course (Audit)
467,Exploring English: Language and Culture
468,840 reviews
469,This course for learners of English looks at British culture and examines English in use to help you improve your language skills.
470,Add to list
471,Quick View
472,FutureLearn
473,"2 hours a week, 6 weeks long"
474,Self paced
475,Free Online Course (Audit)
476,Best of All Time
477,University of Groningen
478,Introduction to Dutch
479,287 reviews
480,"Learn to speak, write and understand basic Dutch, with this free, three-week, introductory foreign language course."
481,Add to list
482,Quick View
483,FutureLearn
484,"3 hours a week, 3 weeks long"
485,"13th Feb, 2023"
486,Free Online Course (Audit)
487,Best of All Time
488,Cardiff University
489,Working with Translation: Theory and Practice
490,132 reviews
491,"Explore what it means to communicate in multiple languages in a variety of contexts, and discover your inner translator."
492,Add to list
493,Quick View
494,FutureLearn
495,"4 hours a week, 4 weeks long"
496,Self paced
497,Free Online Course (Audit)
498,Best of All Time
499,Learn Hindi through English
500,"In this course, you will learn simple Hindi words, family relationships, WH questions in Hindi, vegetables, fruits, numbers, tenses, useful phrases and short sentences in Hindi and more. Using more than 120 videos to learn Hindi by Agurchand Babu Subrama…"
501,Add to list
502,Quick View
503,YouTube
504,13 hours worth of material
505,On-Demand
506,Free Online Course
507,First Step Korean
508,122 reviews
509,"This is an elementary-level Korean language course, and covers 4 skills: reading, writing, listening and speaking."
510,Add to list
511,Quick View
512,Coursera
513,"18 hours worth of material, 5 weeks long"
514,"27th Feb, 2023"
515,Free Online Course (Audit)
516,Best of All Time
517,Load more
518,Load the next 15 courses of 5036
519,Home
520,Browse by subject
521,Computer Science
522,Psychology
523,Cybersecurity
524,Health
525,Law
526,Accounting
527,Web Development
528,Browse by provider
529,Coursera
530,edX
531,FutureLearn
532,Udacity
533,Swayam
534,Udemy
535,LinkedIn Learning
536,Browse by university
537,Harvard
538,Stanford
539,Georgia Tech
540,University of Michigan
541,Purdue University
542,Duke University
543,IIT Madras
544,Browse by institution
545,Google
546,Microsoft
547,IBM
548,Amazon
549,Linux Foundation
550,British Council
551,Salesforce
552,Rankings
553,Best Online Courses of All Time
554,Best Online Courses of the Year
555,Most Popular Courses of All Time
556,Most Popular Courses of the Year
557,250 Top FREE Coursera Courses of All Time
558,100 Top FREE edX Courses of All Time
559,250 Top Udemy Courses of All Time
560,The Report
561,by Class Central
562,RSS Feed
563,"The ""New Normal"" that Wasn't"
564,DDoS Attack on Class Central
565,500+ Online Degrees in India
566,Harvard's CS50 Free Certificate Guide
567,How Open University Works
568,Free Certificates & Courses
569,700+ Free Google Certificates
570,Free LinkedIn Learning Certificates
571,1600+ Free Coursera Courses
572,Ivy League Online Courses
573,175+ Free Writing Online Courses
574,About Class Central
575,"Class Central aggregates courses from many providers to help you find the best courses on almost any subject, wherever they exist."
576,Facebook
577,Twitter
578,LinkedIn
579,YouTube
580,Class Central © 2011-2023
581,Privacy Policy
582,About Us
583,Join Us
584,Help Center
585,Contact Us
586,Share
587,Facebook
588,Twitter
589,Email
590,Copy link
591,Never Stop Learning.
592,"Get personalized course recommendations, track subjects and courses with reminders, and more."
593,Sign up for free
