,link scrapped text
0,700+ Free Certificates from Google!
1,View
2,Close
3,Class Central
4,Courses
5,Class Central
6,Rankings
7,Collections
8,Subjects
9,View all
10,Computer Science
11,Health & Medicine
12,Mathematics
13,Business
14,Humanities
15,Engineering
16,Science
17,Education & Teaching
18,Social Sciences
19,Art & Design
20,Data Science
21,Programming
22,Personal Development
23,Information Security (InfoSec)
24,View all Subjects
25,Universities
26,The Report
27,Courses from
28,1000+ universities
29,Rankings
30,Best Courses
31,Best of All Time
32,Best of the Year 2022
33,Best of the Year 2021
34,Most Popular Courses
35,Most Popular of All Time
36,Most Popular of the Year 2022
37,Most Popular of the Year 2021
38,Collections
39,Monthly Course Reports
40,Starting this Month
41,New Online Courses
42,Most Popular
43,Computer Science
44,Artificial Intelligence
45,Algorithms and Data Structures
46,Internet of Things
47,Information Technology
48,Computer Networking
49,Machine Learning
50,DevOps
51,Deep Learning
52,Cryptography
53,Quantum Computing
54,Human-Computer Interaction (HCI)
55,Distributed Systems
56,Blockchain Development
57,Operating Systems
58,Computer Graphics
59,View all Computer Science
60,Health & Medicine
61,Nutrition & Wellness
62,Disease & Disorders
63,Public Health
64,Health Care
65,Nursing
66,Anatomy
67,Veterinary Science
68,Continuing Medical Education (CME)
69,View all Health & Medicine
70,Mathematics
71,Statistics & Probability
72,Foundations of Mathematics
73,Calculus
74,Discrete Mathematics
75,Trigonometry
76,Geometry
77,Algebra
78,Precalculus
79,Number Theory
80,Combinatorics
81,Mathematical logic
82,Linear Programming
83,View all Mathematics
84,Business
85,Management & Leadership
86,Finance
87,Entrepreneurship
88,Marketing
89,Strategic Management
90,Industry Specific
91,Business Intelligence
92,Accounting
93,Human Resources
94,Project Management
95,Sales
96,Design Thinking
97,Business Software
98,Risk Management
99,Corporate Social Responsibility
100,Customer Service
101,Nonprofit Management
102,Innovation
103,Operations Management
104,View all Business
105,Humanities
106,History
107,Literature
108,Language Learning
109,Grammar & Writing
110,Philosophy
111,Religion
112,ESL
113,Culture
114,Sports
115,Journalism
116,Ethics
117,Linguistics
118,Food
119,Library Science
120,Reading
121,Crisis Management
122,View all Humanities
123,Engineering
124,Electrical Engineering
125,Mechanical Engineering
126,Civil Engineering
127,Robotics
128,Nanotechnology
129,GIS
130,Textiles
131,Manufacturing
132,BIM
133,CAD
134,Chemical Engineering
135,Energy Systems
136,Aerospace Engineering
137,View all Engineering
138,Science
139,Chemistry
140,Physics
141,Environmental Science
142,Astronomy
143,Biology
144,Agriculture
145,Materials Science
146,Earth Science
147,Applied Science
148,Forensic Science
149,View all Science
150,Education & Teaching
151,K12
152,Higher Education
153,STEM
154,Teacher Professional Development
155,Course Development
156,Online Education
157,Test Prep
158,Pedagogy
159,View all Education & Teaching
160,Social Sciences
161,Sociology
162,Economics
163,Psychology
164,Anthropology
165,Political Science
166,Law
167,Urban Planning
168,Human Rights
169,Sustainability
170,Governance
171,Archaeology
172,Social Work
173,View all Social Sciences
174,Art & Design
175,Music
176,Digital Media
177,Visual Arts
178,Design & Creativity
179,View all Art & Design
180,Data Science
181,Bioinformatics
182,Big Data
183,Data Mining
184,Data Analysis
185,Data Visualization
186,Jupyter Notebooks
187,View all Data Science
188,Programming
189,Mobile Development
190,Web Development
191,Databases
192,Game Development
193,Programming Languages
194,Software Development
195,Cloud Computing
196,View all Programming
197,Personal Development
198,Communication Skills
199,Career Development
200,Self Improvement
201,Presentation Skills
202,Resilience
203,View all Personal Development
204,Information Security (InfoSec)
205,Cybersecurity
206,Network Security
207,Ethical Hacking
208,Digital Forensics
209,Reverse Engineering
210,Penetration Testing
211,Malware Analysis
212,DevSecOps
213,OSINT (Open Source Intelligence)
214,Threat Intelligence
215,Information Security Certifications
216,Red Team
217,Blue Team
218,View all Information Security (InfoSec)
219,The Report
220,2022 Year in Review: The “New Normal” that Wasn’t
221,"The pandemic ushered in a “new normal” in online learning, but it culminated in layoffs and stock drops."
222,Dhawal Shah
223,"Jan 02, 2023"
224,Latest
225,"Review of Goldman Sachs 10,000 Women Courses"
226,10 Best Japanese Courses to Take in 2023
227,7 Best Erlang Courses to Take in 2023
228,Harvard CS50 Guide: How to Pick the Right Course (with Free Certificate)
229,10 Best CSS Animation Courses to Take in 2023
230,Visit
231,The Report
232,"DDoS Attack on Class Central: Mitigation, SEO Impact, and Costs"
233,Trending
234,Most common
235,English
236,French
237,flutter
238,Popular subjects
239,Digital Skills
240,209 courses
241,Programming
242,"24,443 courses"
243,Information Technology (IT) Certifications
244,504 courses
245,Popular courses
246,The Science of Happiness
247,"University of California, Berkeley"
248,Introduction to Financial Accounting
249,University of Pennsylvania
250,Cryptography I
251,Stanford University
252,Organize and share your learning with Class Central Lists.
253,View our
254,Lists Showcase
255,Sign up
256,Log in
257,or
258,Sign up
259,Log in
260,Sign up
261,Subjects
262,Computer Science
263,Human-Computer Interaction (HCI)
264,Free Online
265,Human-Computer Interaction (HCI) Courses
266,"Learn Human-Computer Interaction (HCI), earn certificates with paid and free online courses from Stanford, UC San Diego, Georgia Tech, IIT Madras and other top universities around the world. Read reviews to decide if a class is right for you."
267,Follow
268,3.9k
269,Share
270,24 courses
271,Related Subjects
272,Psychology Courses
273,Graphic Design Courses
274,Design & Creativity Courses
275,Web Design Courses
276,Mobile Development Courses
277,Artificial Intelligence Courses
278,Linguistics Courses
279,Web Development Courses
280,Showing
281,24 courses
282,Filter
283,Sort by Relevancy
284,Relevancy
285,Highest rated
286,Lowest rated
287,Most recently added
288,Filter by
289,Clear All
290,Filters
291,With certificate
292,(13)
293,Free course
294,(20)
295,University course only
296,(20)
297,Level
298,Beginner
299,(5)
300,Intermediate
301,(1)
302,Duration
303,1-5 hours
304,(3)
305,5-10 hours
306,(0)
307,10+ hours
308,(11)
309,Language
310,English
311,(23)
312,Hindi
313,(1)
314,Show 24 courses
315,Clear Filters
316,Stanford CS547 - Human-Computer Interaction Seminar Series
317,1 review
318,Learn about the latest development in tech in the CS547 seminar series from Standford
319,Add to list
320,Quick View
321,YouTube
322,224 hours worth of material
323,On-Demand
324,Free Online Course
325,Stanford Seminar - Creating Interfaces with Rich Physical Properties Through Digital Fabricationity
326,Syllabus: Introduction.  Importance of Materials and Shape.  Key Questions 1. How to create interactive materials ?.  Key Questions 1. How to create interactive materials? In a simple lab setting! 2. What new user interfaces and interaction techniques do…
327,Add to list
328,YouTube
329,Less than 1 hour of material
330,On-Demand
331,Free Online Course
332,Stanford Seminar - Designing Assistive Technologies for Agency
333,Syllabus: Introduction.  Computer-Enabled Abilities Laboratory.  Computers as Intermediaries.  From Making Life Possible to Making Life Equiv.  Top Speed 3 (2011).  Focus: Racing Games.  Key Challenges.  The Racing Auditory Display (RAD).  The RAD's Soun…
334,Add to list
335,YouTube
336,Less than 1 hour of material
337,On-Demand
338,Free Online Course
339,Stanford Seminar - Using Data for Increased Realism with Haptic Modeling and Devices
340,Syllabus: Introduction.  HAPTOGRAPHY.  HAPTIC RECORDING DEVICE.  HAPTIC TEXTURE RECORDING PROCEDURE.  RECORDED DATA.  SOUND MODELING.  SYNTHESIZING A NEW SOUND OUTPUT.  OLD WAY: HAND TUNING MODELS.  NEW WAY: PREFERENCE-DRIVEN TUNING.  HAPTIC MODELS: FRIC…
341,Add to list
342,YouTube
343,Less than 1 hour of material
344,On-Demand
345,Free Online Course
346,Input and Interaction
347,707 ratings at Coursera
348,"In this course, you will learn relevant fundamentals of human motor performance, perception, and cognition that inform effective interaction design. You will use these models of how people work to design more effective input and interaction techniques. Y…"
349,Add to list
350,Quick View
351,Coursera
352,"9-10 hours worth of material, 3 weeks long"
353,"13th Feb, 2023"
354,Free Online Course (Audit)
355,Human-Computer Interaction I: Fundamentals & Design Principles
356,12 reviews
357,"Learn the principles of Human-Computer Interaction to create intuitive, usable interfaces, with established design principles like feedback cycles, direct manipulation, affordances, signifiers, and more."
358,Add to list
359,Quick View
360,edX
361,"5-6 hours a week, 6 weeks long"
362,Self paced
363,Free Online Course (Audit)
364,"Human-Computer Interaction II: Cognition, Context & Culture"
365,3 reviews
366,"Get into the user’s mind and understand the role of mental models and representations, then investigate how to design interfaces that integrate with and influence the world around us."
367,Add to list
368,Quick View
369,edX
370,"5-6 hours a week, 6 weeks long"
371,Self paced
372,Free Online Course (Audit)
373,"Human-Computer Interaction IV: Evaluation, Agile Methods & Beyond"
374,2 reviews
375,"Complete your understand of the design life cycle by learning to take interface ideas, prototype them quickly, and evaluate them with real users. Finally, tie principles and methods together and learn the next steps you could take in HCI."
376,Add to list
377,Quick View
378,edX
379,"5-6 hours a week, 6 weeks long"
380,Self paced
381,Free Online Course (Audit)
382,"Human-Computer Interaction III: Ethics, Needfinding & Prototyping"
383,1 review
384,"Build on your knowledge of HCI’s core principles by learning to design interfaces in the real world. Begin with the ethics of human subjects research, then learn critical methods for requirements gathering and brainstorming design alternatives."
385,Add to list
386,Quick View
387,edX
388,"5-6 hours a week, 6 weeks long"
389,Self paced
390,Free Online Course (Audit)
391,Human-Computer Interaction
392,"This course is an introductory course on human-computer interaction, covering the principles, techniques, and open areas of development in HCI."
393,Add to list
394,Quick View
395,Udacity
396,16 weeks long
397,On-Demand
398,Free Online Course
399,Amsterdam University of Applied Sciences
400,Prototyping Interaction
401,2 reviews
402,"Prototyping means making your ideas tangible. With prototypes you can communicate, test and iterate on your design. In this course you’ll learn the different methods of prototyping by sketching, building and testing."
403,Add to list
404,Quick View
405,iversity
406,"5-7 hours a week, 6 weeks long"
407,On-Demand
408,Free Online Course
409,IIT Guwahati
410,;
411,NPTEL
412,User-centric Computing for Human-Computer Interaction
413,"Human-computer interaction is an emerging field of study at present, due to the proliferation of large number of consumer electronic products. The key issue in this field is to make the products usable to lay-persons. In order to do that, we need to take…"
414,Add to list
415,Quick View
416,Swayam
417,8 weeks long
418,"22nd Jan, 2023"
419,Free Online Course
420,Microcredential
421,Human-Computer Interaction
422,"Learn the fundamentals of Human Computer Interaction in this four-course certificate.

This course begins with an introduction to the field of Human-Computer Interaction as a whole and where it sits in the context of related and similar fields like Human…"
423,Add to list
424,Quick View
425,edX
426,"5-6 hours a week, 24 weeks long"
427,$396.00
428,4 courses
429,Microcredential
430,Post Graduate Certificate in UX Design and HCI
431,Adopt usability principles for enhanced user engagement and adoption for designers.
432,Add to list
433,Quick View
434,Coursera
435,"7 hours a week, 24 weeks long"
436,Paid Course
437,5 Minutes Engineering
438,Human Computer Interaction (HCI)
439,Syllabus: Introduction To Human Computer Interaction (HCI) Explained in Hindi.Human Computer Interaction (HCI) A Multi-Disciplinary Subject Explained in Hindi l Compiler Design.Human Input-Output Channels Part-1 Explained With Examples in Hindi l Human C…
440,Add to list
441,YouTube
442,3-4 hours worth of material
443,On-Demand
444,Free Online Course
445,Load more
446,Load the next 9 courses
447,Home
448,Browse by subject
449,Computer Science
450,Psychology
451,Cybersecurity
452,Health
453,Law
454,Accounting
455,Web Development
456,Browse by provider
457,Coursera
458,edX
459,FutureLearn
460,Udacity
461,Swayam
462,Udemy
463,LinkedIn Learning
464,Browse by university
465,Harvard
466,Stanford
467,Georgia Tech
468,University of Michigan
469,Purdue University
470,Duke University
471,IIT Madras
472,Browse by institution
473,Google
474,Microsoft
475,IBM
476,Amazon
477,Linux Foundation
478,British Council
479,Salesforce
480,Rankings
481,Best Online Courses of All Time
482,Best Online Courses of the Year
483,Most Popular Courses of All Time
484,Most Popular Courses of the Year
485,250 Top FREE Coursera Courses of All Time
486,100 Top FREE edX Courses of All Time
487,250 Top Udemy Courses of All Time
488,The Report
489,by Class Central
490,RSS Feed
491,"The ""New Normal"" that Wasn't"
492,DDoS Attack on Class Central
493,500+ Online Degrees in India
494,Harvard's CS50 Free Certificate Guide
495,How Open University Works
496,Free Certificates & Courses
497,700+ Free Google Certificates
498,Free LinkedIn Learning Certificates
499,1600+ Free Coursera Courses
500,Ivy League Online Courses
501,175+ Free Writing Online Courses
502,About Class Central
503,"Class Central aggregates courses from many providers to help you find the best courses on almost any subject, wherever they exist."
504,Facebook
505,Twitter
506,LinkedIn
507,YouTube
508,Class Central © 2011-2023
509,Privacy Policy
510,About Us
511,Join Us
512,Help Center
513,Contact Us
514,Share
515,Facebook
516,Twitter
517,Email
518,Copy link
519,Never Stop Learning.
520,"Get personalized course recommendations, track subjects and courses with reminders, and more."
521,Sign up for free
