,link scrapped text
0,700+ Free Certificates from Google!
1,View
2,Close
3,Class Central
4,Courses
5,Class Central
6,Rankings
7,Collections
8,Subjects
9,View all
10,Computer Science
11,Health & Medicine
12,Mathematics
13,Business
14,Humanities
15,Engineering
16,Science
17,Education & Teaching
18,Social Sciences
19,Art & Design
20,Data Science
21,Programming
22,Personal Development
23,Information Security (InfoSec)
24,View all Subjects
25,Universities
26,The Report
27,Courses from
28,1000+ universities
29,Rankings
30,Best Courses
31,Best of All Time
32,Best of the Year 2022
33,Best of the Year 2021
34,Most Popular Courses
35,Most Popular of All Time
36,Most Popular of the Year 2022
37,Most Popular of the Year 2021
38,Collections
39,Monthly Course Reports
40,Starting this Month
41,New Online Courses
42,Most Popular
43,Computer Science
44,Artificial Intelligence
45,Algorithms and Data Structures
46,Internet of Things
47,Information Technology
48,Computer Networking
49,Machine Learning
50,DevOps
51,Deep Learning
52,Cryptography
53,Quantum Computing
54,Human-Computer Interaction (HCI)
55,Distributed Systems
56,Blockchain Development
57,Operating Systems
58,Computer Graphics
59,View all Computer Science
60,Health & Medicine
61,Nutrition & Wellness
62,Disease & Disorders
63,Public Health
64,Health Care
65,Nursing
66,Anatomy
67,Veterinary Science
68,Continuing Medical Education (CME)
69,View all Health & Medicine
70,Mathematics
71,Statistics & Probability
72,Foundations of Mathematics
73,Calculus
74,Discrete Mathematics
75,Trigonometry
76,Geometry
77,Algebra
78,Precalculus
79,Number Theory
80,Combinatorics
81,Mathematical logic
82,Linear Programming
83,View all Mathematics
84,Business
85,Management & Leadership
86,Finance
87,Entrepreneurship
88,Marketing
89,Strategic Management
90,Industry Specific
91,Business Intelligence
92,Accounting
93,Human Resources
94,Project Management
95,Sales
96,Design Thinking
97,Business Software
98,Risk Management
99,Corporate Social Responsibility
100,Customer Service
101,Nonprofit Management
102,Innovation
103,Operations Management
104,View all Business
105,Humanities
106,History
107,Literature
108,Language Learning
109,Grammar & Writing
110,Philosophy
111,Religion
112,ESL
113,Culture
114,Sports
115,Journalism
116,Ethics
117,Linguistics
118,Food
119,Library Science
120,Reading
121,Crisis Management
122,View all Humanities
123,Engineering
124,Electrical Engineering
125,Mechanical Engineering
126,Civil Engineering
127,Robotics
128,Nanotechnology
129,GIS
130,Textiles
131,Manufacturing
132,BIM
133,CAD
134,Chemical Engineering
135,Energy Systems
136,Aerospace Engineering
137,View all Engineering
138,Science
139,Chemistry
140,Physics
141,Environmental Science
142,Astronomy
143,Biology
144,Agriculture
145,Materials Science
146,Earth Science
147,Applied Science
148,Forensic Science
149,View all Science
150,Education & Teaching
151,K12
152,Higher Education
153,STEM
154,Teacher Professional Development
155,Course Development
156,Online Education
157,Test Prep
158,Pedagogy
159,View all Education & Teaching
160,Social Sciences
161,Sociology
162,Economics
163,Psychology
164,Anthropology
165,Political Science
166,Law
167,Urban Planning
168,Human Rights
169,Sustainability
170,Governance
171,Archaeology
172,Social Work
173,View all Social Sciences
174,Art & Design
175,Music
176,Digital Media
177,Visual Arts
178,Design & Creativity
179,View all Art & Design
180,Data Science
181,Bioinformatics
182,Big Data
183,Data Mining
184,Data Analysis
185,Data Visualization
186,Jupyter Notebooks
187,View all Data Science
188,Programming
189,Mobile Development
190,Web Development
191,Databases
192,Game Development
193,Programming Languages
194,Software Development
195,Cloud Computing
196,View all Programming
197,Personal Development
198,Communication Skills
199,Career Development
200,Self Improvement
201,Presentation Skills
202,Resilience
203,View all Personal Development
204,Information Security (InfoSec)
205,Cybersecurity
206,Network Security
207,Ethical Hacking
208,Digital Forensics
209,Reverse Engineering
210,Penetration Testing
211,Malware Analysis
212,DevSecOps
213,OSINT (Open Source Intelligence)
214,Threat Intelligence
215,Information Security Certifications
216,Red Team
217,Blue Team
218,View all Information Security (InfoSec)
219,The Report
220,2022 Year in Review: The “New Normal” that Wasn’t
221,"The pandemic ushered in a “new normal” in online learning, but it culminated in layoffs and stock drops."
222,Dhawal Shah
223,"Jan 02, 2023"
224,Latest
225,"Review of Goldman Sachs 10,000 Women Courses"
226,10 Best Japanese Courses to Take in 2023
227,7 Best Erlang Courses to Take in 2023
228,Harvard CS50 Guide: How to Pick the Right Course (with Free Certificate)
229,10 Best CSS Animation Courses to Take in 2023
230,Visit
231,The Report
232,"DDoS Attack on Class Central: Mitigation, SEO Impact, and Costs"
233,Trending
234,Most common
235,data science
236,finance
237,web development
238,Popular subjects
239,Digital Skills
240,209 courses
241,Programming
242,"24,443 courses"
243,Information Technology (IT) Certifications
244,504 courses
245,Popular courses
246,The Science of Happiness
247,"University of California, Berkeley"
248,Introduction to Financial Accounting
249,University of Pennsylvania
250,Cryptography I
251,Stanford University
252,Organize and share your learning with Class Central Lists.
253,View our
254,Lists Showcase
255,Sign up
256,Log in
257,or
258,Sign up
259,Log in
260,Sign up
261,Subjects
262,Computer Science
263,Information Technology
264,Free Online
265,Information Technology Courses
266,"Learn Information Technology, earn certificates with free online courses from Stanford, MIT, University of Pennsylvania, Johns Hopkins and other top universities around the world. Read reviews to decide if a class is right for you."
267,Follow
268,289.9k
269,Share
270,"2,426 courses"
271,Related Subjects
272,Information Technology (IT) Certifications Courses
273,Computer Networking Courses
274,Network Security Courses
275,CompTIA IT Certifications Courses
276,Windows Systems Administration Courses
277,Linux Courses
278,Microsoft Certification Courses
279,Virtualization Courses
280,Showing
281,"2,426 courses"
282,Filter
283,Sort by Relevancy
284,Relevancy
285,Highest rated
286,Lowest rated
287,Most recently added
288,Filter by
289,Clear All
290,Filters
291,With certificate
292,(1846)
293,Free course
294,(797)
295,With free certificate
296,(19)
297,University course only
298,(182)
299,Level
300,Beginner
301,(826)
302,Intermediate
303,(418)
304,Advanced
305,(32)
306,Duration
307,1-5 hours
308,(1236)
309,5-10 hours
310,(271)
311,10+ hours
312,(630)
313,Language
314,English
315,(2200)
316,Arabic
317,(26)
318,Bengali
319,(1)
320,Chinese
321,(1)
322,Dutch
323,(4)
324,French
325,(31)
326,German
327,(15)
328,Hindi
329,(7)
330,Indonesian
331,(3)
332,Italian
333,(7)
334,Japanese
335,(7)
336,Polish
337,(1)
338,Portuguese
339,(35)
340,Russian
341,(17)
342,Spanish
343,(53)
344,Thai
345,(5)
346,Turkish
347,(10)
348,Ukrainian
349,(1)
350,Ukranian
351,(2)
352,See all
353,"Show 2,426 courses"
354,Clear Filters
355,"Information Systems Auditing, Controls and Assurance"
356,484 reviews
357,"In the course you will explore risks of information systems, and how to mitigate the risks by proper IS Controls. You will also get familiar with the IS Audit procedures and how they are applied during the IS development throughout the Systems Developmen…"
358,Add to list
359,Quick View
360,Coursera
361,"8-9 hours worth of material, 4 weeks long"
362,"27th Feb, 2023"
363,Free Online Course (Audit)
364,Best of All Time
365,Taipei Medical University
366,AI and Big Data in Global Health Improvement
367,44 reviews
368,"In this course, you’ll explore the benefits and challenges of sharing healthcare data globally. With support from industry experts, you’ll consider topics like the future of medical development, improving care, healthcare accessibility, and more. You’ll…"
369,Add to list
370,Quick View
371,FutureLearn
372,"1 hour a week, 4 weeks long"
373,Self paced
374,Free Online Course (Audit)
375,Best of All Time
376,CompTIA A+ Training Course Certification
377,58 reviews
378,Syllabus: CompTIA A+ 220-1001 Training Course | CompTIA A+ Certification | Lesson 01 of 10.CompTIA A+ 220-1001 Training Course | System Unit Hardware | Lesson 02 of 10.CompTIA A+ 220-1001 Training Course | Basic PC Operations | Lesson 03 of 10.CompTIA A+…
379,Add to list
380,Cybrary
381,1-2 hours worth of material
382,On-Demand
383,Free Online Course
384,Introduction to Linux
385,37 reviews
386,Never learned Linux? Want a refresh? Develop a good working knowledge of Linux using both the graphical interface and command line across the major Linux distribution families.
387,Add to list
388,Quick View
389,edX
390,"5-7 hours a week, 14 weeks long"
391,Self paced
392,Free Online Course (Audit)
393,Best of All Time
394,AI in Healthcare Capstone
395,115 ratings at Coursera
396,This capstone project takes you on a guided tour exploring all the concepts we have covered in the different classes up till now. We have organized this experience around the journey of a patient who develops some respiratory symptoms and given the conce…
397,Add to list
398,Quick View
399,Coursera
400,"11 hours worth of material, 5 weeks long"
401,"20th Feb, 2023"
402,Free Online Course (Audit)
403,Stanford Webinar - Using Electronic Health Records for Better Care
404,2 reviews
405,"Stanford Assistant Professor Nigam Shah will show you methods that transform unstructured patient notes into a de-identified, temporally ordered, patient-feature matrix. Four use-cases will be examined, which use the resulting de-identified data matrix t…"
406,Add to list
407,Quick View
408,YouTube
409,Less than 1 hour of material
410,On-Demand
411,Free Online Course
412,The Unix Workbench
413,1306 ratings at Coursera
414,"Unix forms a foundation that is often very helpful for accomplishing other goals you might have for you and your computer, whether that goal is running a business, writing a book, curing disease, or creating the next great app. The means to these goals a…"
415,Add to list
416,Quick View
417,Coursera
418,"19 hours worth of material, 4 weeks long"
419,"20th Feb, 2023"
420,Free Online Course (Audit)
421,Leading Change in Health Informatics
422,243 ratings at Coursera
423,"As health informaticists, we need to be very clear in our understanding of the current state (as
-is), the future state (to-be) and any unintended consequences that can result from our interventions. Prior to introducing large scale change, we need to as…"
424,Add to list
425,Quick View
426,Coursera
427,"15 hours worth of material, 4 weeks long"
428,"20th Feb, 2023"
429,Free Online Course (Audit)
430,Technical Support Fundamentals
431,11 reviews
432,"This course is the first of a series that aims to prepare you for a role as an entry-level IT Support Specialist. In this course, you’ll be introduced to the world of Information Technology, or IT. You’ll learn about the different facets of Information T…"
433,Add to list
434,Quick View
435,Coursera
436,"22 hours worth of material, 6 weeks long"
437,"13th Feb, 2023"
438,Free Online Course (Audit)
439,"HI-FIVE: Health Informatics For Innovation, Value & Enrichment (Administrative/IT Perspective)"
440,126 ratings at Coursera
441,"HI-FIVE (Health Informatics For Innovation, Value & Enrichment) Training is an approximately 10-hour online course designed by Columbia University in 2016, with sponsorship from the Office of the National Coordinator for Health Information Technology (ON…"
442,Add to list
443,Quick View
444,Coursera
445,"14 hours worth of material, 4 weeks long"
446,"20th Feb, 2023"
447,Free Online Course (Audit)
448,"HI-FIVE: Health Informatics For Innovation, Value & Enrichment (Clinical Perspective)"
449,152 ratings at Coursera
450,"HI-FIVE (Health Informatics For Innovation, Value & Enrichment) Training is a 12-hour online course designed by Columbia University in 2016, with sponsorship from the Office of the National Coordinator for Health Information Technology (ONC).  The traini…"
451,Add to list
452,Quick View
453,Coursera
454,"42 hours worth of material, 4 weeks long"
455,"20th Feb, 2023"
456,Free Online Course (Audit)
457,The Critical Role of IT Support Staff in Healthcare
458,436 ratings at Coursera
459,"This is a very exciting time to be exploring a career in Health IT Support! In this introductory course, you’ll learn about various roles in IT support that are common in healthcare. IT support staff play critical roles in many different healthcare venue…"
460,Add to list
461,Quick View
462,Coursera
463,"2-3 hours worth of material, 2 weeks long"
464,"20th Feb, 2023"
465,Free Online Course (Audit)
466,Health Information Technology Fundamentals
467,245 ratings at Coursera
468,"In this course you will receive an overview of the health IT ecosystem and the types of technologies IT support staff interact with the most. You will be introduced to the role of electronic health records (EHRs), clinical decision support, telemedicine,…"
469,Add to list
470,Quick View
471,Coursera
472,"6-7 hours worth of material, 4 weeks long"
473,"20th Feb, 2023"
474,Free Online Course (Audit)
475,"Healthcare Data Security, Privacy, and Compliance"
476,213 ratings at Coursera
477,"In the final course of the Healthcare IT Support program, we will focus on the types of healthcare data that you need to be aware, complexities of security and privacy within healthcare, and issues related to compliance and reporting. As a health IT supp…"
478,Add to list
479,Quick View
480,Coursera
481,"5-6 hours worth of material, 4 weeks long"
482,"20th Feb, 2023"
483,Free Online Course (Audit)
484,The Data Science of Health Informatics
485,177 ratings at Coursera
486,"By the end of this course, students will recognize the different types of health and healthcare data, will articulate a coherent and complete question, will interpret queries designed for secondary use of EHR data, and will interpret the results of those…"
487,Add to list
488,Quick View
489,Coursera
490,"10 hours worth of material, 4 weeks long"
491,"13th Feb, 2023"
492,Free Online Course (Audit)
493,Load more
494,Load the next 15 courses of 2411
495,Home
496,Browse by subject
497,Computer Science
498,Psychology
499,Cybersecurity
500,Health
501,Law
502,Accounting
503,Web Development
504,Browse by provider
505,Coursera
506,edX
507,FutureLearn
508,Udacity
509,Swayam
510,Udemy
511,LinkedIn Learning
512,Browse by university
513,Harvard
514,Stanford
515,Georgia Tech
516,University of Michigan
517,Purdue University
518,Duke University
519,IIT Madras
520,Browse by institution
521,Google
522,Microsoft
523,IBM
524,Amazon
525,Linux Foundation
526,British Council
527,Salesforce
528,Rankings
529,Best Online Courses of All Time
530,Best Online Courses of the Year
531,Most Popular Courses of All Time
532,Most Popular Courses of the Year
533,250 Top FREE Coursera Courses of All Time
534,100 Top FREE edX Courses of All Time
535,250 Top Udemy Courses of All Time
536,The Report
537,by Class Central
538,RSS Feed
539,"The ""New Normal"" that Wasn't"
540,DDoS Attack on Class Central
541,500+ Online Degrees in India
542,Harvard's CS50 Free Certificate Guide
543,How Open University Works
544,Free Certificates & Courses
545,700+ Free Google Certificates
546,Free LinkedIn Learning Certificates
547,1600+ Free Coursera Courses
548,Ivy League Online Courses
549,175+ Free Writing Online Courses
550,About Class Central
551,"Class Central aggregates courses from many providers to help you find the best courses on almost any subject, wherever they exist."
552,Facebook
553,Twitter
554,LinkedIn
555,YouTube
556,Class Central © 2011-2023
557,Privacy Policy
558,About Us
559,Join Us
560,Help Center
561,Contact Us
562,Share
563,Facebook
564,Twitter
565,Email
566,Copy link
567,Never Stop Learning.
568,"Get personalized course recommendations, track subjects and courses with reminders, and more."
569,Sign up for free
