,link scrapped text
0,700+ Free Certificates from Google!
1,View
2,Close
3,Class Central
4,Courses
5,Class Central
6,Rankings
7,Collections
8,Subjects
9,View all
10,Computer Science
11,Health & Medicine
12,Mathematics
13,Business
14,Humanities
15,Engineering
16,Science
17,Education & Teaching
18,Social Sciences
19,Art & Design
20,Data Science
21,Programming
22,Personal Development
23,Information Security (InfoSec)
24,View all Subjects
25,Universities
26,The Report
27,Courses from
28,1000+ universities
29,Rankings
30,Best Courses
31,Best of All Time
32,Best of the Year 2022
33,Best of the Year 2021
34,Most Popular Courses
35,Most Popular of All Time
36,Most Popular of the Year 2022
37,Most Popular of the Year 2021
38,Collections
39,Monthly Course Reports
40,Starting this Month
41,New Online Courses
42,Most Popular
43,Computer Science
44,Artificial Intelligence
45,Algorithms and Data Structures
46,Internet of Things
47,Information Technology
48,Computer Networking
49,Machine Learning
50,DevOps
51,Deep Learning
52,Cryptography
53,Quantum Computing
54,Human-Computer Interaction (HCI)
55,Distributed Systems
56,Blockchain Development
57,Operating Systems
58,Computer Graphics
59,View all Computer Science
60,Health & Medicine
61,Nutrition & Wellness
62,Disease & Disorders
63,Public Health
64,Health Care
65,Nursing
66,Anatomy
67,Veterinary Science
68,Continuing Medical Education (CME)
69,View all Health & Medicine
70,Mathematics
71,Statistics & Probability
72,Foundations of Mathematics
73,Calculus
74,Discrete Mathematics
75,Trigonometry
76,Geometry
77,Algebra
78,Precalculus
79,Number Theory
80,Combinatorics
81,Mathematical logic
82,Linear Programming
83,View all Mathematics
84,Business
85,Management & Leadership
86,Finance
87,Entrepreneurship
88,Marketing
89,Strategic Management
90,Industry Specific
91,Business Intelligence
92,Accounting
93,Human Resources
94,Project Management
95,Sales
96,Design Thinking
97,Business Software
98,Risk Management
99,Corporate Social Responsibility
100,Customer Service
101,Nonprofit Management
102,Innovation
103,Operations Management
104,View all Business
105,Humanities
106,History
107,Literature
108,Language Learning
109,Grammar & Writing
110,Philosophy
111,Religion
112,ESL
113,Culture
114,Sports
115,Journalism
116,Ethics
117,Linguistics
118,Food
119,Library Science
120,Reading
121,Crisis Management
122,View all Humanities
123,Engineering
124,Electrical Engineering
125,Mechanical Engineering
126,Civil Engineering
127,Robotics
128,Nanotechnology
129,GIS
130,Textiles
131,Manufacturing
132,BIM
133,CAD
134,Chemical Engineering
135,Energy Systems
136,Aerospace Engineering
137,View all Engineering
138,Science
139,Chemistry
140,Physics
141,Environmental Science
142,Astronomy
143,Biology
144,Agriculture
145,Materials Science
146,Earth Science
147,Applied Science
148,Forensic Science
149,View all Science
150,Education & Teaching
151,K12
152,Higher Education
153,STEM
154,Teacher Professional Development
155,Course Development
156,Online Education
157,Test Prep
158,Pedagogy
159,View all Education & Teaching
160,Social Sciences
161,Sociology
162,Economics
163,Psychology
164,Anthropology
165,Political Science
166,Law
167,Urban Planning
168,Human Rights
169,Sustainability
170,Governance
171,Archaeology
172,Social Work
173,View all Social Sciences
174,Art & Design
175,Music
176,Digital Media
177,Visual Arts
178,Design & Creativity
179,View all Art & Design
180,Data Science
181,Bioinformatics
182,Big Data
183,Data Mining
184,Data Analysis
185,Data Visualization
186,Jupyter Notebooks
187,View all Data Science
188,Programming
189,Mobile Development
190,Web Development
191,Databases
192,Game Development
193,Programming Languages
194,Software Development
195,Cloud Computing
196,View all Programming
197,Personal Development
198,Communication Skills
199,Career Development
200,Self Improvement
201,Presentation Skills
202,Resilience
203,View all Personal Development
204,Information Security (InfoSec)
205,Cybersecurity
206,Network Security
207,Ethical Hacking
208,Digital Forensics
209,Reverse Engineering
210,Penetration Testing
211,Malware Analysis
212,DevSecOps
213,OSINT (Open Source Intelligence)
214,Threat Intelligence
215,Information Security Certifications
216,Red Team
217,Blue Team
218,View all Information Security (InfoSec)
219,The Report
220,2022 Year in Review: The “New Normal” that Wasn’t
221,"The pandemic ushered in a “new normal” in online learning, but it culminated in layoffs and stock drops."
222,Dhawal Shah
223,"Jan 02, 2023"
224,Latest
225,"Review of Goldman Sachs 10,000 Women Courses"
226,10 Best Japanese Courses to Take in 2023
227,7 Best Erlang Courses to Take in 2023
228,Harvard CS50 Guide: How to Pick the Right Course (with Free Certificate)
229,10 Best CSS Animation Courses to Take in 2023
230,Visit
231,The Report
232,"DDoS Attack on Class Central: Mitigation, SEO Impact, and Costs"
233,Trending
234,Most common
235,computer science
236,harvard
237,French
238,Popular subjects
239,Digital Skills
240,209 courses
241,Programming
242,"24,443 courses"
243,Information Technology (IT) Certifications
244,504 courses
245,Popular courses
246,The Science of Happiness
247,"University of California, Berkeley"
248,Introduction to Financial Accounting
249,University of Pennsylvania
250,Cryptography I
251,Stanford University
252,Organize and share your learning with Class Central Lists.
253,View our
254,Lists Showcase
255,Sign up
256,Log in
257,or
258,Sign up
259,Log in
260,Sign up
261,Subjects
262,Information Security (InfoSec)
263,Free Online
264,Information Security (InfoSec) Courses
265,"Learn Information Security (InfoSec), earn certificates with free online courses from Stanford, MIT, Johns Hopkins, UC Irvine and other top universities around the world. Read reviews to decide if a class is right for you."
266,Follow
267,2.1k
268,Share
269,"2,230 courses"
270,Related Subjects
271,Cybersecurity Courses
272,Network Security Courses
273,Ethical Hacking Courses
274,Digital Forensics Courses
275,CISSP Certification Courses
276,Reverse Engineering Courses
277,Penetration Testing Courses
278,Bug Bounty Courses
279,Showing
280,"2,230 courses"
281,Filter
282,Sort by Relevancy
283,Relevancy
284,Highest rated
285,Lowest rated
286,Most recently added
287,Filter by
288,Clear All
289,Filters
290,With certificate
291,(1718)
292,Free course
293,(751)
294,With free certificate
295,(16)
296,University course only
297,(216)
298,Level
299,Beginner
300,(890)
301,Intermediate
302,(531)
303,Advanced
304,(60)
305,Duration
306,1-5 hours
307,(1052)
308,5-10 hours
309,(242)
310,10+ hours
311,(519)
312,Language
313,English
314,(1978)
315,Arabic
316,(30)
317,Bengali
318,(2)
319,French
320,(11)
321,German
322,(7)
323,Hindi
324,(15)
325,Indonesian
326,(2)
327,Italian
328,(3)
329,Japanese
330,(8)
331,Portuguese
332,(27)
333,Russian
334,(9)
335,Spanish
336,(91)
337,Tamil
338,(2)
339,Telugu
340,(2)
341,Thai
342,(1)
343,Turkish
344,(40)
345,Ukranian
346,(1)
347,Urdu
348,(1)
349,See all
350,"Show 2,230 courses"
351,Clear Filters
352,Tel Aviv University
353,Unlocking Information Security I: From Cryptography to Buffer Overflows
354,302 reviews
355,Learn how systems are hacked and defended.
356,Add to list
357,Quick View
358,edX
359,"4-6 hours a week, 5 weeks long"
360,Self paced
361,Free Online Course (Audit)
362,Best of All Time
363,Cyber Security
364,420 reviews
365,"Any Post Graduate Level Student, Working Professionals and those who are interested in Cyber Security are eligible to attend the course. For those who wish to further specialize in Cyber Security and would like to become certified Professionals, it is an…"
366,Add to list
367,Quick View
368,Swayam
369,15 weeks long
370,"17th Jan, 2023"
371,Free Online Course
372,Best of All Time
373,"Uttarakhand Open University, Haldwani"
374,;
375,IGNOU
376,Introduction to Cyber Security
377,384 reviews
378,This foundation program is geared towards generating and enhancing awareness about cyber security challenges and the concepts of cyber security and cyber ethics among the stake holders to help them become responsible cyber citizens and participate safely…
379,Add to list
380,Quick View
381,Swayam
382,12 weeks long
383,"14th Aug, 2022"
384,Free Online Course
385,Best of All Time
386,Tel Aviv University
387,Unlocking Information Security II: An Internet Perspective
388,51 reviews
389,Continue learning how systems are hacked and defended.
390,Add to list
391,Quick View
392,edX
393,"4-6 hours a week, 7 weeks long"
394,Self paced
395,Free Online Course (Audit)
396,Stanford Seminar - Engineering Cyber Resiliency: A Pragmatic Approach
397,14 reviews
398,"This talk explores attempts to provide cyber resiliency in systems that are used in critical applications. It argues that CAD tools are needed at design time to choose between alternative resiliency mechanisms, and that resiliency mechanisms are needed t…"
399,Add to list
400,Quick View
401,YouTube
402,1-2 hours worth of material
403,On-Demand
404,Free Online Course
405,CS 253 Web Security
406,11 reviews
407,This course is a comprehensive overview of web security. The goal is to build an understanding of the most common web attacks and their countermeasures.
408,Add to list
409,Quick View
410,YouTube
411,25 hours worth of material
412,On-Demand
413,Free Online Course
414,"Stanford Webinar - Hash, Hack, Code: Emerging Trends in Cyber Security"
415,6 reviews
416,Join Professor Dan Boneh as he shares new approaches to these emerging trends and dives deeper into how you can protect networks and prevent harmful viruses and threats.
417,Add to list
418,Quick View
419,YouTube
420,Less than 1 hour of material
421,On-Demand
422,Free Online Course
423,Introduction to Cyber Security
424,22 reviews
425,"Our lives depend on online services. Gain essential cyber security knowledge and skills, to help protect your digital life."
426,Add to list
427,Quick View
428,FutureLearn
429,"3 hours a week, 8 weeks long"
430,Self paced
431,Free Online Course (Audit)
432,Rochester Institute of Technology
433,Cybersecurity Fundamentals
434,25 reviews
435,"Learn cybersecurity fundamentals, including how to detect threats, protect systems and networks, and anticipate potential cyber attacks."
436,Add to list
437,Quick View
438,edX
439,"10-12 hours a week, 8 weeks long"
440,"21st Mar, 2023"
441,Free Online Course (Audit)
442,Best of All Time
443,Computer Systems Security (Fall 2014)
444,5 reviews
445,"Lectures cover threat models, attacks that compromise security, and techniques for achieving security, based on recent research papers."
446,Add to list
447,Quick View
448,MIT OpenCourseWare
449,30 hours worth of material
450,On-Demand
451,Free Online Course
452,Software Security
453,23 reviews
454,"This course we will explore the foundations of software security. We will consider important software vulnerabilities and attacks that exploit them -- such as buffer overflows, SQL injection, and session hijacking -- and we will consider defenses that pr…"
455,Add to list
456,Quick View
457,Coursera
458,"18 hours worth of material, 6 weeks long"
459,"27th Feb, 2023"
460,Free Online Course (Audit)
461,Cybersecurity and Its Ten Domains
462,9 reviews
463,"This course is designed to introduce students, working professionals and the community to the exciting field of cybersecurity. Throughout the MOOC, participants will engage in community discourse and online interaction. Participants will gain knowledge a…"
464,Add to list
465,Quick View
466,Coursera
467,"24 hours worth of material, 7 weeks long"
468,"20th Feb, 2023"
469,Free Online Course (Audit)
470,HackerSploit
471,Bug Bounty Hunting
472,14 reviews
473,"Bug-Bounty is a process where hacking companies, or hackers, act as 'middle-men' to detect bugs in software and address cyber vulnerabilities that organisations are facing.

Get an hand-on approach on hunting bugs."
474,Add to list
475,Quick View
476,YouTube
477,4-5 hours worth of material
478,On-Demand
479,Free Online Course
480,Introduction to DevSecOps
481,"DevSecOps has gained considerable momentum in recent years. It integrates software development (Dev), information security (Sec), and IT operations (Ops) so that businesses increase the value delivered by software. This course provides an overview of Dev…"
482,Add to list
483,Quick View
484,Coursera
485,"21 hours worth of material, 4 weeks long"
486,"13th Feb, 2023"
487,Free Online Course (Audit)
488,KU Leuven University
489,Web Security Fundamentals
490,22 reviews
491,"Essential knowledge for every web developer, discover important principles of modern web security, and learn about current security best practices."
492,Add to list
493,Quick View
494,edX
495,"4-6 hours a week, 5 weeks long"
496,Self paced
497,Free Online Course (Audit)
498,Best of All Time
499,Load more
500,Load the next 15 courses of 2215
501,Home
502,Browse by subject
503,Computer Science
504,Psychology
505,Cybersecurity
506,Health
507,Law
508,Accounting
509,Web Development
510,Browse by provider
511,Coursera
512,edX
513,FutureLearn
514,Udacity
515,Swayam
516,Udemy
517,LinkedIn Learning
518,Browse by university
519,Harvard
520,Stanford
521,Georgia Tech
522,University of Michigan
523,Purdue University
524,Duke University
525,IIT Madras
526,Browse by institution
527,Google
528,Microsoft
529,IBM
530,Amazon
531,Linux Foundation
532,British Council
533,Salesforce
534,Rankings
535,Best Online Courses of All Time
536,Best Online Courses of the Year
537,Most Popular Courses of All Time
538,Most Popular Courses of the Year
539,250 Top FREE Coursera Courses of All Time
540,100 Top FREE edX Courses of All Time
541,250 Top Udemy Courses of All Time
542,The Report
543,by Class Central
544,RSS Feed
545,"The ""New Normal"" that Wasn't"
546,DDoS Attack on Class Central
547,500+ Online Degrees in India
548,Harvard's CS50 Free Certificate Guide
549,How Open University Works
550,Free Certificates & Courses
551,700+ Free Google Certificates
552,Free LinkedIn Learning Certificates
553,1600+ Free Coursera Courses
554,Ivy League Online Courses
555,175+ Free Writing Online Courses
556,About Class Central
557,"Class Central aggregates courses from many providers to help you find the best courses on almost any subject, wherever they exist."
558,Facebook
559,Twitter
560,LinkedIn
561,YouTube
562,Class Central © 2011-2023
563,Privacy Policy
564,About Us
565,Join Us
566,Help Center
567,Contact Us
568,Share
569,Facebook
570,Twitter
571,Email
572,Copy link
573,Never Stop Learning.
574,"Get personalized course recommendations, track subjects and courses with reminders, and more."
575,Sign up for free
