,link scrapped text
0,700+ Free Certificates from Google!
1,View
2,Close
3,Class Central
4,Courses
5,Class Central
6,Rankings
7,Collections
8,Subjects
9,View all
10,Computer Science
11,Health & Medicine
12,Mathematics
13,Business
14,Humanities
15,Engineering
16,Science
17,Education & Teaching
18,Social Sciences
19,Art & Design
20,Data Science
21,Programming
22,Personal Development
23,Information Security (InfoSec)
24,View all Subjects
25,Universities
26,The Report
27,Courses from
28,1000+ universities
29,Rankings
30,Best Courses
31,Best of All Time
32,Best of the Year 2022
33,Best of the Year 2021
34,Most Popular Courses
35,Most Popular of All Time
36,Most Popular of the Year 2022
37,Most Popular of the Year 2021
38,Collections
39,Monthly Course Reports
40,Starting this Month
41,New Online Courses
42,Most Popular
43,Computer Science
44,Artificial Intelligence
45,Algorithms and Data Structures
46,Internet of Things
47,Information Technology
48,Computer Networking
49,Machine Learning
50,DevOps
51,Deep Learning
52,Cryptography
53,Quantum Computing
54,Human-Computer Interaction (HCI)
55,Distributed Systems
56,Blockchain Development
57,Operating Systems
58,Computer Graphics
59,View all Computer Science
60,Health & Medicine
61,Nutrition & Wellness
62,Disease & Disorders
63,Public Health
64,Health Care
65,Nursing
66,Anatomy
67,Veterinary Science
68,Continuing Medical Education (CME)
69,View all Health & Medicine
70,Mathematics
71,Statistics & Probability
72,Foundations of Mathematics
73,Calculus
74,Discrete Mathematics
75,Trigonometry
76,Geometry
77,Algebra
78,Precalculus
79,Number Theory
80,Combinatorics
81,Mathematical logic
82,Linear Programming
83,View all Mathematics
84,Business
85,Management & Leadership
86,Finance
87,Entrepreneurship
88,Marketing
89,Strategic Management
90,Industry Specific
91,Business Intelligence
92,Accounting
93,Human Resources
94,Project Management
95,Sales
96,Design Thinking
97,Business Software
98,Risk Management
99,Corporate Social Responsibility
100,Customer Service
101,Nonprofit Management
102,Innovation
103,Operations Management
104,View all Business
105,Humanities
106,History
107,Literature
108,Language Learning
109,Grammar & Writing
110,Philosophy
111,Religion
112,ESL
113,Culture
114,Sports
115,Journalism
116,Ethics
117,Linguistics
118,Food
119,Library Science
120,Reading
121,Crisis Management
122,View all Humanities
123,Engineering
124,Electrical Engineering
125,Mechanical Engineering
126,Civil Engineering
127,Robotics
128,Nanotechnology
129,GIS
130,Textiles
131,Manufacturing
132,BIM
133,CAD
134,Chemical Engineering
135,Energy Systems
136,Aerospace Engineering
137,View all Engineering
138,Science
139,Chemistry
140,Physics
141,Environmental Science
142,Astronomy
143,Biology
144,Agriculture
145,Materials Science
146,Earth Science
147,Applied Science
148,Forensic Science
149,View all Science
150,Education & Teaching
151,K12
152,Higher Education
153,STEM
154,Teacher Professional Development
155,Course Development
156,Online Education
157,Test Prep
158,Pedagogy
159,View all Education & Teaching
160,Social Sciences
161,Sociology
162,Economics
163,Psychology
164,Anthropology
165,Political Science
166,Law
167,Urban Planning
168,Human Rights
169,Sustainability
170,Governance
171,Archaeology
172,Social Work
173,View all Social Sciences
174,Art & Design
175,Music
176,Digital Media
177,Visual Arts
178,Design & Creativity
179,View all Art & Design
180,Data Science
181,Bioinformatics
182,Big Data
183,Data Mining
184,Data Analysis
185,Data Visualization
186,Jupyter Notebooks
187,View all Data Science
188,Programming
189,Mobile Development
190,Web Development
191,Databases
192,Game Development
193,Programming Languages
194,Software Development
195,Cloud Computing
196,View all Programming
197,Personal Development
198,Communication Skills
199,Career Development
200,Self Improvement
201,Presentation Skills
202,Resilience
203,View all Personal Development
204,Information Security (InfoSec)
205,Cybersecurity
206,Network Security
207,Ethical Hacking
208,Digital Forensics
209,Reverse Engineering
210,Penetration Testing
211,Malware Analysis
212,DevSecOps
213,OSINT (Open Source Intelligence)
214,Threat Intelligence
215,Information Security Certifications
216,Red Team
217,Blue Team
218,View all Information Security (InfoSec)
219,The Report
220,2022 Year in Review: The “New Normal” that Wasn’t
221,"The pandemic ushered in a “new normal” in online learning, but it culminated in layoffs and stock drops."
222,Dhawal Shah
223,"Jan 02, 2023"
224,Latest
225,"Review of Goldman Sachs 10,000 Women Courses"
226,10 Best Japanese Courses to Take in 2023
227,7 Best Erlang Courses to Take in 2023
228,Harvard CS50 Guide: How to Pick the Right Course (with Free Certificate)
229,10 Best CSS Animation Courses to Take in 2023
230,Visit
231,The Report
232,"DDoS Attack on Class Central: Mitigation, SEO Impact, and Costs"
233,Trending
234,Most common
235,c
236,graphic design
237,html
238,Popular subjects
239,Digital Skills
240,209 courses
241,Programming
242,"24,443 courses"
243,Information Technology (IT) Certifications
244,504 courses
245,Popular courses
246,The Science of Happiness
247,"University of California, Berkeley"
248,Introduction to Financial Accounting
249,University of Pennsylvania
250,Cryptography I
251,Stanford University
252,Organize and share your learning with Class Central Lists.
253,View our
254,Lists Showcase
255,Sign up
256,Log in
257,or
258,Sign up
259,Log in
260,Sign up
261,Subjects
262,Computer Science
263,Internet of Things
264,Free Online
265,Internet of Things Courses
266,"Learn Internet of Things, earn certificates with free online courses from Harvard, Stanford, University of Michigan, Johns Hopkins and other top universities around the world. Read reviews to decide if a class is right for you."
267,Follow
268,266.9k
269,Share
270,522 courses
271,Related Subjects
272,Raspberry Pi Courses
273,Arduino Courses
274,Embedded Systems Courses
275,BeagleBone Courses
276,Python Courses
277,Electrical Engineering Courses
278,Robotics Courses
279,Microcontrollers Courses
280,Showing
281,522 courses
282,Filter
283,Sort by Relevancy
284,Relevancy
285,Highest rated
286,Lowest rated
287,Most recently added
288,Filter by
289,Clear All
290,Filters
291,With certificate
292,(413)
293,Free course
294,(300)
295,With free certificate
296,(96)
297,University course only
298,(119)
299,Level
300,Beginner
301,(191)
302,Intermediate
303,(74)
304,Advanced
305,(4)
306,Duration
307,1-5 hours
308,(217)
309,5-10 hours
310,(46)
311,10+ hours
312,(164)
313,Language
314,English
315,(375)
316,Arabic
317,(3)
318,Chinese
319,(13)
320,French
321,(12)
322,German
323,(13)
324,Indonesian
325,(10)
326,Italian
327,(8)
328,Japanese
329,(20)
330,Korean
331,(14)
332,Portuguese
333,(2)
334,Russian
335,(2)
336,Spanish
337,(35)
338,Thai
339,(2)
340,Turkish
341,(13)
342,See all
343,Show 522 courses
344,Clear Filters
345,Stanford Seminar - Secure Data Science on the Internet of Things
346,4 reviews
347,Learn about why it is important to secure the Internet Of Things(IoT) and its importance to Data Science
348,Add to list
349,Quick View
350,YouTube
351,Less than 1 hour of material
352,On-Demand
353,Free Online Course
354,Interfacing with the Arduino
355,7 reviews
356,"Arduino senses the environment by receiving inputs from add-on devices such as sensors, and can control the world around it by adjusting lights, motors, and other actuators. In this class you will learn how and when to use the different types of sensors…"
357,Add to list
358,Quick View
359,Coursera
360,"11 hours worth of material, 4 weeks long"
361,"20th Feb, 2023"
362,Free Online Course (Audit)
363,Stanford Seminar - Software-centric Visible Light Communication for the Internet of Things
364,"Syllabus: Introduction.  Handle difficult problems down to physical layer, media + access control synchronization.  Internet of Toys.  Radio Spectrum & Internet of Things.  Visible Light Communication.  Communication enables localization.  Illumination a…"
365,Add to list
366,YouTube
367,1-2 hours worth of material
368,On-Demand
369,Free Online Course
370,Stanford Webinar: IOT - From Smart Sensors to Smart Networks
371,Syllabus: Introduction.  From Smart Sensors to Smart Networks: How MEMS sensors enable the Internet of Things.  Outline.  Role of sensors in loT.  Sensors you use.  Timing Circuit.  MEMS Gyroscope Chip.  Atomic Force Microscopy - Sensing on the nanoscale…
372,Add to list
373,YouTube
374,1-2 hours worth of material
375,On-Demand
376,Free Online Course
377,Internet of Things: How did we get here?
378,6 reviews
379,It is hard to imagine life without your Smartphone – you have come to rely on it so much – for your work; to stay in touch with family and friends; to capture and share those special moments; to find your way around in a new neighborhood. Did you ever wo…
380,Add to list
381,Quick View
382,Coursera
383,"21 hours worth of material, 2 weeks long"
384,"13th Feb, 2023"
385,Free Online Course (Audit)
386,Internet of Things: Setting Up Your DragonBoard™ Development Platform
387,5 reviews
388,Do you want to develop skills to prototype mobile-enabled products using state-of-the-art technologies? In this course you will build a hardware and software development environment to guide your journey through the Internet of Things specialization cour…
389,Add to list
390,Quick View
391,Coursera
392,"18 hours worth of material, 10 weeks long"
393,"13th Feb, 2023"
394,Free Online Course (Audit)
395,Industrial Internet of Things (IIoT)
396,68 ratings at Coursera
397,"In this course, learners will be introduced to the concept of the Industrial Internet of Things, or IIoT, learn how it is applied in manufacturing, and what businesses should consider as they decide to implement this technology. Considerations include in…"
398,Add to list
399,Quick View
400,Coursera
401,"11 hours worth of material, 4 weeks long"
402,"13th Feb, 2023"
403,Free Online Course (Audit)
404,Programming for the Internet of Things Project
405,863 ratings at Coursera
406,"In this Capstone course, you will design a microcontroller-based embedded system. As an option, you can also build and test a system. The focus of your project will be to design the system so that it can be built on a low-cost budget for a real-world app…"
407,Add to list
408,Quick View
409,Coursera
410,"6-7 hours worth of material, 4 weeks long"
411,"20th Feb, 2023"
412,Free Online Course (Audit)
413,Beginning Custom Projects with Raspberry Pi
414,"In this course you will use a Raspberry Pi 4 to build a complete network-connected project with sensors and motors and access it from your smartphone. We'll explore all the parts which make this work, so you can use this experience as a foundation for yo…"
415,Add to list
416,Quick View
417,Coursera
418,"14 hours worth of material, 4 weeks long"
419,"20th Feb, 2023"
420,Free Online Course (Audit)
421,Designing Hardware for Raspberry Pi Projects
422,"This is course 4 of this specialization (although it can be taken out of order) and focuses on applying experience and knowledge gained in the first three courses to build physical electronics hardware. Specifically, this course focuses on four areas: ci…"
423,Add to list
424,Quick View
425,Coursera
426,"10 hours worth of material, 4 weeks long"
427,"20th Feb, 2023"
428,Free Online Course (Audit)
429,Using Sensors With Your Raspberry Pi
430,"This course on integrating sensors with your Raspberry Pi is course 3 of a Coursera Specialization and can be taken separately or as part of the specialization. Although some material and explanations from the prior two courses are used, this course larg…"
431,Add to list
432,Quick View
433,Coursera
434,"8-9 hours worth of material, 4 weeks long"
435,"20th Feb, 2023"
436,Free Online Course (Audit)
437,Communications and High-Speed Signals with Raspberry Pi
438,"Course two of this specialization is all about hardware physical layer and communication between elements of your project, how to troubleshoot high-speed signals when they don't work, and how to design your projects so they do work. 

We start with a rev…"
439,Add to list
440,Quick View
441,Coursera
442,"13 hours worth of material, 4 weeks long"
443,"20th Feb, 2023"
444,Free Online Course (Audit)
445,Deploying TinyML
446,"Learn to program in TensorFlow Lite for microcontrollers so that you can write the code, and deploy your model to your very own tiny microcontroller. Before you know it, you’ll be implementing an entire TinyML application."
447,Add to list
448,Quick View
449,edX
450,"2-4 hours a week, 5 weeks long"
451,Self paced
452,Free Online Course (Audit)
453,Internet of Things: Sensing and Actuation From Devices
454,153 ratings at Coursera
455,Have you wondered how information from physical devices in the real world gets communicated to Smartphone processors?  Do you want to make informed design decisions about sampling frequencies and bit-width requirements for various kinds of sensors? Do yo…
456,Add to list
457,Quick View
458,Coursera
459,"16 hours worth of material, 6 weeks long"
460,"13th Feb, 2023"
461,Free Online Course (Audit)
462,Internet of Things V2: Setting up and Using Cloud Services
463,33 ratings at Coursera
464,"Have you wondered what exactly AWS is and why is it important?  Do you want to make informed design decisions about which services to use? Do you want to gain expertise to leverage the cloud for your own projects?
In this course, you will learn to interf…"
465,Add to list
466,Quick View
467,Coursera
468,"10 hours worth of material, 3 weeks long"
469,"13th Feb, 2023"
470,Free Online Course (Audit)
471,Load more
472,Load the next 15 courses of 507
473,Home
474,Browse by subject
475,Computer Science
476,Psychology
477,Cybersecurity
478,Health
479,Law
480,Accounting
481,Web Development
482,Browse by provider
483,Coursera
484,edX
485,FutureLearn
486,Udacity
487,Swayam
488,Udemy
489,LinkedIn Learning
490,Browse by university
491,Harvard
492,Stanford
493,Georgia Tech
494,University of Michigan
495,Purdue University
496,Duke University
497,IIT Madras
498,Browse by institution
499,Google
500,Microsoft
501,IBM
502,Amazon
503,Linux Foundation
504,British Council
505,Salesforce
506,Rankings
507,Best Online Courses of All Time
508,Best Online Courses of the Year
509,Most Popular Courses of All Time
510,Most Popular Courses of the Year
511,250 Top FREE Coursera Courses of All Time
512,100 Top FREE edX Courses of All Time
513,250 Top Udemy Courses of All Time
514,The Report
515,by Class Central
516,RSS Feed
517,"The ""New Normal"" that Wasn't"
518,DDoS Attack on Class Central
519,500+ Online Degrees in India
520,Harvard's CS50 Free Certificate Guide
521,How Open University Works
522,Free Certificates & Courses
523,700+ Free Google Certificates
524,Free LinkedIn Learning Certificates
525,1600+ Free Coursera Courses
526,Ivy League Online Courses
527,175+ Free Writing Online Courses
528,About Class Central
529,"Class Central aggregates courses from many providers to help you find the best courses on almost any subject, wherever they exist."
530,Facebook
531,Twitter
532,LinkedIn
533,YouTube
534,Class Central © 2011-2023
535,Privacy Policy
536,About Us
537,Join Us
538,Help Center
539,Contact Us
540,Share
541,Facebook
542,Twitter
543,Email
544,Copy link
545,Never Stop Learning.
546,"Get personalized course recommendations, track subjects and courses with reminders, and more."
547,Sign up for free
