,link scrapped text
0,700+ Free Certificates from Google!
1,View
2,Close
3,Class Central
4,Courses
5,Class Central
6,Rankings
7,Collections
8,Subjects
9,View all
10,Computer Science
11,Health & Medicine
12,Mathematics
13,Business
14,Humanities
15,Engineering
16,Science
17,Education & Teaching
18,Social Sciences
19,Art & Design
20,Data Science
21,Programming
22,Personal Development
23,Information Security (InfoSec)
24,View all Subjects
25,Universities
26,The Report
27,Courses from
28,1000+ universities
29,Rankings
30,Best Courses
31,Best of All Time
32,Best of the Year 2022
33,Best of the Year 2021
34,Most Popular Courses
35,Most Popular of All Time
36,Most Popular of the Year 2022
37,Most Popular of the Year 2021
38,Collections
39,Monthly Course Reports
40,Starting this Month
41,New Online Courses
42,Most Popular
43,Computer Science
44,Artificial Intelligence
45,Algorithms and Data Structures
46,Internet of Things
47,Information Technology
48,Computer Networking
49,Machine Learning
50,DevOps
51,Deep Learning
52,Cryptography
53,Quantum Computing
54,Human-Computer Interaction (HCI)
55,Distributed Systems
56,Blockchain Development
57,Operating Systems
58,Computer Graphics
59,View all Computer Science
60,Health & Medicine
61,Nutrition & Wellness
62,Disease & Disorders
63,Public Health
64,Health Care
65,Nursing
66,Anatomy
67,Veterinary Science
68,Continuing Medical Education (CME)
69,View all Health & Medicine
70,Mathematics
71,Statistics & Probability
72,Foundations of Mathematics
73,Calculus
74,Discrete Mathematics
75,Trigonometry
76,Geometry
77,Algebra
78,Precalculus
79,Number Theory
80,Combinatorics
81,Mathematical logic
82,Linear Programming
83,View all Mathematics
84,Business
85,Management & Leadership
86,Finance
87,Entrepreneurship
88,Marketing
89,Strategic Management
90,Industry Specific
91,Business Intelligence
92,Accounting
93,Human Resources
94,Project Management
95,Sales
96,Design Thinking
97,Business Software
98,Risk Management
99,Corporate Social Responsibility
100,Customer Service
101,Nonprofit Management
102,Innovation
103,Operations Management
104,View all Business
105,Humanities
106,History
107,Literature
108,Language Learning
109,Grammar & Writing
110,Philosophy
111,Religion
112,ESL
113,Culture
114,Sports
115,Journalism
116,Ethics
117,Linguistics
118,Food
119,Library Science
120,Reading
121,Crisis Management
122,View all Humanities
123,Engineering
124,Electrical Engineering
125,Mechanical Engineering
126,Civil Engineering
127,Robotics
128,Nanotechnology
129,GIS
130,Textiles
131,Manufacturing
132,BIM
133,CAD
134,Chemical Engineering
135,Energy Systems
136,Aerospace Engineering
137,View all Engineering
138,Science
139,Chemistry
140,Physics
141,Environmental Science
142,Astronomy
143,Biology
144,Agriculture
145,Materials Science
146,Earth Science
147,Applied Science
148,Forensic Science
149,View all Science
150,Education & Teaching
151,K12
152,Higher Education
153,STEM
154,Teacher Professional Development
155,Course Development
156,Online Education
157,Test Prep
158,Pedagogy
159,View all Education & Teaching
160,Social Sciences
161,Sociology
162,Economics
163,Psychology
164,Anthropology
165,Political Science
166,Law
167,Urban Planning
168,Human Rights
169,Sustainability
170,Governance
171,Archaeology
172,Social Work
173,View all Social Sciences
174,Art & Design
175,Music
176,Digital Media
177,Visual Arts
178,Design & Creativity
179,View all Art & Design
180,Data Science
181,Bioinformatics
182,Big Data
183,Data Mining
184,Data Analysis
185,Data Visualization
186,Jupyter Notebooks
187,View all Data Science
188,Programming
189,Mobile Development
190,Web Development
191,Databases
192,Game Development
193,Programming Languages
194,Software Development
195,Cloud Computing
196,View all Programming
197,Personal Development
198,Communication Skills
199,Career Development
200,Self Improvement
201,Presentation Skills
202,Resilience
203,View all Personal Development
204,Information Security (InfoSec)
205,Cybersecurity
206,Network Security
207,Ethical Hacking
208,Digital Forensics
209,Reverse Engineering
210,Penetration Testing
211,Malware Analysis
212,DevSecOps
213,OSINT (Open Source Intelligence)
214,Threat Intelligence
215,Information Security Certifications
216,Red Team
217,Blue Team
218,View all Information Security (InfoSec)
219,The Report
220,2022 Year in Review: The “New Normal” that Wasn’t
221,"The pandemic ushered in a “new normal” in online learning, but it culminated in layoffs and stock drops."
222,Dhawal Shah
223,"Jan 02, 2023"
224,Latest
225,"Review of Goldman Sachs 10,000 Women Courses"
226,10 Best Japanese Courses to Take in 2023
227,7 Best Erlang Courses to Take in 2023
228,Harvard CS50 Guide: How to Pick the Right Course (with Free Certificate)
229,10 Best CSS Animation Courses to Take in 2023
230,Visit
231,The Report
232,"DDoS Attack on Class Central: Mitigation, SEO Impact, and Costs"
233,Trending
234,Most common
235,English
236,data science
237,finance
238,Popular subjects
239,Digital Skills
240,209 courses
241,Programming
242,"24,443 courses"
243,Information Technology (IT) Certifications
244,504 courses
245,Popular courses
246,The Science of Happiness
247,"University of California, Berkeley"
248,Introduction to Financial Accounting
249,University of Pennsylvania
250,Cryptography I
251,Stanford University
252,Organize and share your learning with Class Central Lists.
253,View our
254,Lists Showcase
255,Sign up
256,Log in
257,or
258,Sign up
259,Log in
260,Sign up
261,Subjects
262,Mathematics
263,Linear Programming
264,Free Online
265,Linear Programming Courses
266,"Learn Linear Programming, earn certificates with paid and free online courses from The Open University, CU Boulder, École Polytechnique Fédérale de Lausanne, CEC and other top universities around the world. Read reviews to decide if a class is right for you."
267,Follow
268,147
269,Share
270,7 courses
271,Showing
272,7 courses
273,Filter
274,Sort by Relevancy
275,Relevancy
276,Highest rated
277,Lowest rated
278,Most recently added
279,Filter by
280,Clear All
281,Filters
282,With certificate
283,(6)
284,Free course
285,(6)
286,With free certificate
287,(1)
288,University course only
289,(5)
290,Level
291,Beginner
292,(2)
293,Intermediate
294,(1)
295,Duration
296,1-5 hours
297,(2)
298,5-10 hours
299,(2)
300,10+ hours
301,(2)
302,Language
303,English
304,(7)
305,Show 7 courses
306,Clear Filters
307,Great Learning
308,Linear Programming for Data Science | Data Science Tutorial | Great Learning
309,This video explains Linear Progression for Data Science with a variety of demonstrations & examples to help you learn this topic effectively and efficiently.
310,Add to list
311,Quick View
312,YouTube
313,2-3 hours worth of material
314,On-Demand
315,Free Online Course
316,Linear programming – the basic ideas
317,"This free course examines the formulation and solution of small linear programming problems. Section 1 deals with the formulation of linear programming models, describing how mathematical models of..."
318,Add to list
319,OpenLearn
320,16 hours worth of material
321,On-Demand
322,Free Certificate
323,Optimization: principles and algorithms - Linear optimization
324,"Introduction to linear optimization, duality and the simplex algorithm."
325,Add to list
326,Quick View
327,edX
328,"6-8 hours a week, 5 weeks long"
329,Self paced
330,Free Online Course (Audit)
331,CEC
332,;
333,"Mahathma Gandhi College, Iritty"
334,Linear Programming
335,The course &ldquo;Linear Programming&rdquo; starts with a general introduction to Operations Research and an introduction to Linear Programming Problems (LPP) in particular. The mathematical preliminaries and related theorems related to LPP are discusse…
336,Add to list
337,Quick View
338,Swayam
339,15 weeks long
340,"22nd Jan, 2023"
341,Free Online Course
342,Linear and Integer Programming
343,9 reviews
344,This course will cover the very basic ideas in optimization. Topics include the basic theory and algorithms behind linear and integer linear programming along with some of the important applications. We will also explore the theory of convex polyhedra us…
345,Add to list
346,Quick View
347,Coursera
348,5-7 hours a week
349,"20th Oct, 2014"
350,Free Online Course (Audit)
351,Linear and Discrete Optimization
352,4 reviews
353,The course is an introduction to linear and discrete optimization - an important part of computational mathematics with a wide range of applications in many areas of everyday life.
354,Add to list
355,Quick View
356,Coursera
357,3-6 hours a week
358,"17th Mar, 2014"
359,Free Online Course (Audit)
360,Linear Programming for Data Science and Machine Learning
361,40 ratings at Udemy
362,"Learn linear programming by Sketching curves, Plotting Graphs and their application in data science and machine learning"
363,Add to list
364,Quick View
365,Udemy
366,5 hours worth of material
367,On-Demand
368,Paid Course
369,Home
370,Browse by subject
371,Computer Science
372,Psychology
373,Cybersecurity
374,Health
375,Law
376,Accounting
377,Web Development
378,Browse by provider
379,Coursera
380,edX
381,FutureLearn
382,Udacity
383,Swayam
384,Udemy
385,LinkedIn Learning
386,Browse by university
387,Harvard
388,Stanford
389,Georgia Tech
390,University of Michigan
391,Purdue University
392,Duke University
393,IIT Madras
394,Browse by institution
395,Google
396,Microsoft
397,IBM
398,Amazon
399,Linux Foundation
400,British Council
401,Salesforce
402,Rankings
403,Best Online Courses of All Time
404,Best Online Courses of the Year
405,Most Popular Courses of All Time
406,Most Popular Courses of the Year
407,250 Top FREE Coursera Courses of All Time
408,100 Top FREE edX Courses of All Time
409,250 Top Udemy Courses of All Time
410,The Report
411,by Class Central
412,RSS Feed
413,"The ""New Normal"" that Wasn't"
414,DDoS Attack on Class Central
415,500+ Online Degrees in India
416,Harvard's CS50 Free Certificate Guide
417,How Open University Works
418,Free Certificates & Courses
419,700+ Free Google Certificates
420,Free LinkedIn Learning Certificates
421,1600+ Free Coursera Courses
422,Ivy League Online Courses
423,175+ Free Writing Online Courses
424,About Class Central
425,"Class Central aggregates courses from many providers to help you find the best courses on almost any subject, wherever they exist."
426,Facebook
427,Twitter
428,LinkedIn
429,YouTube
430,Class Central © 2011-2023
431,Privacy Policy
432,About Us
433,Join Us
434,Help Center
435,Contact Us
436,Share
437,Facebook
438,Twitter
439,Email
440,Copy link
441,Never Stop Learning.
442,"Get personalized course recommendations, track subjects and courses with reminders, and more."
443,Sign up for free
