,link scrapped text
0,700+ Free Certificates from Google!
1,View
2,Close
3,Class Central
4,Courses
5,Class Central
6,Rankings
7,Collections
8,Subjects
9,View all
10,Computer Science
11,Health & Medicine
12,Mathematics
13,Business
14,Humanities
15,Engineering
16,Science
17,Education & Teaching
18,Social Sciences
19,Art & Design
20,Data Science
21,Programming
22,Personal Development
23,Information Security (InfoSec)
24,View all Subjects
25,Universities
26,The Report
27,Courses from
28,1000+ universities
29,Rankings
30,Best Courses
31,Best of All Time
32,Best of the Year 2022
33,Best of the Year 2021
34,Most Popular Courses
35,Most Popular of All Time
36,Most Popular of the Year 2022
37,Most Popular of the Year 2021
38,Collections
39,Monthly Course Reports
40,Starting this Month
41,New Online Courses
42,Most Popular
43,Computer Science
44,Artificial Intelligence
45,Algorithms and Data Structures
46,Internet of Things
47,Information Technology
48,Computer Networking
49,Machine Learning
50,DevOps
51,Deep Learning
52,Cryptography
53,Quantum Computing
54,Human-Computer Interaction (HCI)
55,Distributed Systems
56,Blockchain Development
57,Operating Systems
58,Computer Graphics
59,View all Computer Science
60,Health & Medicine
61,Nutrition & Wellness
62,Disease & Disorders
63,Public Health
64,Health Care
65,Nursing
66,Anatomy
67,Veterinary Science
68,Continuing Medical Education (CME)
69,View all Health & Medicine
70,Mathematics
71,Statistics & Probability
72,Foundations of Mathematics
73,Calculus
74,Discrete Mathematics
75,Trigonometry
76,Geometry
77,Algebra
78,Precalculus
79,Number Theory
80,Combinatorics
81,Mathematical logic
82,Linear Programming
83,View all Mathematics
84,Business
85,Management & Leadership
86,Finance
87,Entrepreneurship
88,Marketing
89,Strategic Management
90,Industry Specific
91,Business Intelligence
92,Accounting
93,Human Resources
94,Project Management
95,Sales
96,Design Thinking
97,Business Software
98,Risk Management
99,Corporate Social Responsibility
100,Customer Service
101,Nonprofit Management
102,Innovation
103,Operations Management
104,View all Business
105,Humanities
106,History
107,Literature
108,Language Learning
109,Grammar & Writing
110,Philosophy
111,Religion
112,ESL
113,Culture
114,Sports
115,Journalism
116,Ethics
117,Linguistics
118,Food
119,Library Science
120,Reading
121,Crisis Management
122,View all Humanities
123,Engineering
124,Electrical Engineering
125,Mechanical Engineering
126,Civil Engineering
127,Robotics
128,Nanotechnology
129,GIS
130,Textiles
131,Manufacturing
132,BIM
133,CAD
134,Chemical Engineering
135,Energy Systems
136,Aerospace Engineering
137,View all Engineering
138,Science
139,Chemistry
140,Physics
141,Environmental Science
142,Astronomy
143,Biology
144,Agriculture
145,Materials Science
146,Earth Science
147,Applied Science
148,Forensic Science
149,View all Science
150,Education & Teaching
151,K12
152,Higher Education
153,STEM
154,Teacher Professional Development
155,Course Development
156,Online Education
157,Test Prep
158,Pedagogy
159,View all Education & Teaching
160,Social Sciences
161,Sociology
162,Economics
163,Psychology
164,Anthropology
165,Political Science
166,Law
167,Urban Planning
168,Human Rights
169,Sustainability
170,Governance
171,Archaeology
172,Social Work
173,View all Social Sciences
174,Art & Design
175,Music
176,Digital Media
177,Visual Arts
178,Design & Creativity
179,View all Art & Design
180,Data Science
181,Bioinformatics
182,Big Data
183,Data Mining
184,Data Analysis
185,Data Visualization
186,Jupyter Notebooks
187,View all Data Science
188,Programming
189,Mobile Development
190,Web Development
191,Databases
192,Game Development
193,Programming Languages
194,Software Development
195,Cloud Computing
196,View all Programming
197,Personal Development
198,Communication Skills
199,Career Development
200,Self Improvement
201,Presentation Skills
202,Resilience
203,View all Personal Development
204,Information Security (InfoSec)
205,Cybersecurity
206,Network Security
207,Ethical Hacking
208,Digital Forensics
209,Reverse Engineering
210,Penetration Testing
211,Malware Analysis
212,DevSecOps
213,OSINT (Open Source Intelligence)
214,Threat Intelligence
215,Information Security Certifications
216,Red Team
217,Blue Team
218,View all Information Security (InfoSec)
219,The Report
220,2022 Year in Review: The “New Normal” that Wasn’t
221,"The pandemic ushered in a “new normal” in online learning, but it culminated in layoffs and stock drops."
222,Dhawal Shah
223,"Jan 02, 2023"
224,Latest
225,"Review of Goldman Sachs 10,000 Women Courses"
226,10 Best Japanese Courses to Take in 2023
227,7 Best Erlang Courses to Take in 2023
228,Harvard CS50 Guide: How to Pick the Right Course (with Free Certificate)
229,10 Best CSS Animation Courses to Take in 2023
230,Visit
231,The Report
232,"DDoS Attack on Class Central: Mitigation, SEO Impact, and Costs"
233,Trending
234,Most common
235,psychology
236,sql
237,French
238,Popular subjects
239,Digital Skills
240,209 courses
241,Programming
242,"24,443 courses"
243,Information Technology (IT) Certifications
244,504 courses
245,Popular courses
246,The Science of Happiness
247,"University of California, Berkeley"
248,Introduction to Financial Accounting
249,University of Pennsylvania
250,Cryptography I
251,Stanford University
252,Organize and share your learning with Class Central Lists.
253,View our
254,Lists Showcase
255,Sign up
256,Log in
257,or
258,Sign up
259,Log in
260,Sign up
261,Subjects
262,Computer Science
263,Machine Learning
264,Free Online
265,Machine Learning Courses
266,"Learn Machine Learning, earn certificates with free online courses from Harvard, Stanford, MIT, University of Pennsylvania and other top universities around the world. Read reviews to decide if a class is right for you."
267,Follow
268,201.1k
269,Share
270,"1,489 courses"
271,Related Subjects
272,Deep Learning Courses
273,Artificial Intelligence Courses
274,Python Courses
275,Neural Networks Courses
276,TensorFlow Courses
277,Recommender Systems Courses
278,Natural Language Processing (NLP) Courses
279,Computer Vision Courses
280,Best Courses Guides
281,Class Central's Top Machine Learning Courses
282,We've picked the best online courses to learn Machine Learning from the Class Central catalog.
283,"Eight courses are free or free-to-audit, while two are paid."
284,Read the Guide
285,Machine Learning Foundations: A Case Study Approach
286,40 reviews
287,Machine Learning for All
288,1 review
289,Machine Learning with Python
290,2 reviews
291,Georgia Institute of Technology
292,;
293,Brown University
294,Machine Learning
295,6 reviews
296,Machine Learning Crash Course with TensorFlow APIs
297,1 review
298,Machine Learning A-Z™: Python & R in Data Science [2023]
299,Introduction to Machine Learning in Production
300,Python for Data Science and Machine Learning Bootcamp
301,Goldsmiths University of London
302,Machine Learning for Musicians and Artists
303,90 reviews
304,Show all 9 courses
305,All Machine Learning Courses
306,Showing
307,"1,489 courses"
308,Filter
309,Sort by Relevancy
310,Relevancy
311,Highest rated
312,Lowest rated
313,Most recently added
314,Filter by
315,Clear All
316,Filters
317,With certificate
318,(1109)
319,Free course
320,(716)
321,With free certificate
322,(44)
323,University course only
324,(222)
325,Level
326,Beginner
327,(441)
328,Intermediate
329,(400)
330,Advanced
331,(48)
332,Duration
333,1-5 hours
334,(553)
335,5-10 hours
336,(128)
337,10+ hours
338,(566)
339,Language
340,English
341,(1272)
342,Arabic
343,(5)
344,Chinese
345,(6)
346,French
347,(25)
348,German
349,(16)
350,Hindi
351,(12)
352,Indonesian
353,(1)
354,Italian
355,(2)
356,Japanese
357,(22)
358,Korean
359,(11)
360,Polish
361,(1)
362,Portuguese
363,(20)
364,Russian
365,(17)
366,Spanish
367,(65)
368,Tamil
369,(1)
370,Thai
371,(2)
372,Turkish
373,(6)
374,Vietnamese
375,(2)
376,See all
377,"Show 1,486 courses"
378,Clear Filters
379,Machine Learning
380,380 reviews
381,"Machine learning is the science of getting computers to act without being explicitly programmed. This course provides a broad introduction to machine learning, datamining, and statistical pattern recognition."
382,Add to list
383,Quick View
384,Coursera
385,"61 hours a week, 11 weeks long"
386,"28th Sep, 2020"
387,Free Online Course (Audit)
388,Goldsmiths University of London
389,Machine Learning for Musicians and Artists
390,90 reviews
391,"Have you ever wanted to build a new musical instrument that responded to your gestures by making sound? Or create live visuals to accompany a dancer? Or create an interactive art installation that reacts to the movements or actions of an audience? If so,…"
392,Add to list
393,Quick View
394,Kadenze
395,7 weeks long
396,On-Demand
397,Free Online Course
398,Best of All Time
399,Machine Learning Foundations: A Case Study Approach
400,40 reviews
401,"In this course, you will get hands-on experience with machine learning from a series of practical case-studies.  At the end of the first course you will have studied how to predict house prices based on house-level features, analyze sentiment from user r…"
402,Add to list
403,Quick View
404,Coursera
405,"18 hours worth of material, 6 weeks long"
406,"6th Feb, 2023"
407,Free Online Course (Audit)
408,Best of All Time
409,Introduction to Machine Learning Course
410,20 reviews
411,"This class will teach you the end-to-end process of investigating data through a machine learning lens. Learn online, with Udacity."
412,Add to list
413,Quick View
414,Udacity
415,10 weeks long
416,On-Demand
417,Free Online Course
418,Machine Learning with Python: from Linear Models to Deep Learning
419,25 reviews
420,"An in-depth introduction to the field of machine learning, from linear models to deep learning and reinforcement learning, through hands-on Python projects. -- Part of the MITx MicroMasters program in Statistics and Data Science."
421,Add to list
422,Quick View
423,edX
424,"10-14 hours a week, 15 weeks long"
425,Self paced
426,Free Online Course (Audit)
427,Practical Machine Learning
428,27 reviews
429,One of the most common tasks performed by data scientists and data analysts are prediction and machine learning. This course will cover the basic components of building and applying prediction functions with an emphasis on practical applications. The cou…
430,Add to list
431,Quick View
432,Coursera
433,"8-9 hours worth of material, 4 weeks long"
434,"6th Feb, 2023"
435,Free Online Course (Audit)
436,University of Alberta
437,;
438,Alberta Machine Intelligence Institute
439,Prediction and Control with Function Approximation
440,19 reviews
441,"In this course, you will learn how to solve problems with large, high-dimensional, and potentially infinite state spaces. You will see that estimating value functions can be cast as a supervised learning problem---function approximation---allowing you to…"
442,Add to list
443,Quick View
444,Coursera
445,"22 hours worth of material, 4 weeks long"
446,"13th Feb, 2023"
447,Free Online Course (Audit)
448,Stanford Seminar - Can the brain do back-propagation?
449,Syllabus: Introduction.  Online stochastic gradient descent.  Four reasons why the brain cannot do backprop.  Sources of supervision that allow backprop learning without a separate supervision signal.  The wake-sleep algorithm (Hinton et. al. 1995).  New…
450,Add to list
451,YouTube
452,1-2 hours worth of material
453,On-Demand
454,Free Online Course
455,"Stanford Seminar - Enabling NLP, Machine Learning, & Few-Shot Learning using Associative Processing"
456,"This presentation details a fully programmable, associative, content-based, compute in-memory architecture that changes the concept of computing from serial data processing--where data is moved back and forth between the processor and memory--to massive…"
457,Add to list
458,Quick View
459,YouTube
460,Less than 1 hour of material
461,On-Demand
462,Free Online Course
463,Stanford CS234: Reinforcement Learning | Winter 2019
464,Syllabus: Stanford CS234: Reinforcement Learning | Winter 2019 | Lecture 1 - Introduction - Emma Brunskill. Stanford CS234: Reinforcement Learning | Winter 2019 | Lecture 2 - Given a Model of the World. Stanford CS234: Reinforcement Learning | Winter 201…
465,Add to list
466,YouTube
467,19 hours worth of material
468,On-Demand
469,Free Online Course
470,"Stanford Seminar - SMILE: Synchronized, Multi-sensory Integrated Learning Environment"
471,Syllabus: Introduction.  Observations.  Adoption Depends on Behaviors and Habits.  Some Implicit Criteria for Success.  Corollaries to the OHIO Principle.  An Hour in the Life of an OHIO Device Designed for a Five-year Mission.  Application-Specific Time…
472,Add to list
473,YouTube
474,1-2 hours worth of material
475,On-Demand
476,Free Online Course
477,Stanford CS229: Machine Learning Full Course taught by Andrew Ng | Autumn 2018
478,"Syllabus: Stanford CS229: Machine Learning Course, Lecture 1 - Andrew Ng (Autumn 2018). Stanford CS229: Machine Learning - Linear Regression and Gradient Descent |  Lecture 2 (Autumn 2018). Locally Weighted & Logistic Regression | Stanford CS229: Machine…"
479,Add to list
480,YouTube
481,27 hours worth of material
482,On-Demand
483,Free Online Course
484,Stanford Seminar - Distributed Perception and Learning Between Robots and the Cloud
485,Syllabus: Introduction.  Robot sensory data + compute models are becoming increasingly complex.  How Can Network Connectivity Help Robots?.  Key Challenges of Cloud Robotics.  1. Distributed Inference: The Robot-Cloud Offloading Problem.  2. Distributed…
486,Add to list
487,YouTube
488,Less than 1 hour of material
489,On-Demand
490,Free Online Course
491,Stanford CS330: Deep Multi-Task and Meta Learning
492,"Syllabus: Stanford CS330: Multi-Task and Meta-Learning, 2019 | Lecture 1 - Introduction & Overview. Stanford CS330: Multi-Task and Meta-Learning, 2019 | Lecture 2 - Multi-Task & Meta-Learning Basics. Stanford CS330: Multi-Task and Meta-Learning, 2019 | L…"
493,Add to list
494,YouTube
495,18 hours worth of material
496,On-Demand
497,Free Online Course
498,Stanford CS224W - Machine Learning with graphs- Fall 2019
499,Syllabus: Lecture 1  Introduction; Structure of Graphs. Lecture 2  Properties of Networks And Random Graph Models. Lecture 3  Motifs and Structural Roles in Networks. Lecture 4  Community Structure in Networks. Lecture 5  Spectral Clustering. Lecture 6…
500,Add to list
501,YouTube
502,28 hours worth of material
503,On-Demand
504,Free Online Course
505,Load more
506,Load the next 15 courses of 1471
507,Home
508,Browse by subject
509,Computer Science
510,Psychology
511,Cybersecurity
512,Health
513,Law
514,Accounting
515,Web Development
516,Browse by provider
517,Coursera
518,edX
519,FutureLearn
520,Udacity
521,Swayam
522,Udemy
523,LinkedIn Learning
524,Browse by university
525,Harvard
526,Stanford
527,Georgia Tech
528,University of Michigan
529,Purdue University
530,Duke University
531,IIT Madras
532,Browse by institution
533,Google
534,Microsoft
535,IBM
536,Amazon
537,Linux Foundation
538,British Council
539,Salesforce
540,Rankings
541,Best Online Courses of All Time
542,Best Online Courses of the Year
543,Most Popular Courses of All Time
544,Most Popular Courses of the Year
545,250 Top FREE Coursera Courses of All Time
546,100 Top FREE edX Courses of All Time
547,250 Top Udemy Courses of All Time
548,The Report
549,by Class Central
550,RSS Feed
551,"The ""New Normal"" that Wasn't"
552,DDoS Attack on Class Central
553,500+ Online Degrees in India
554,Harvard's CS50 Free Certificate Guide
555,How Open University Works
556,Free Certificates & Courses
557,700+ Free Google Certificates
558,Free LinkedIn Learning Certificates
559,1600+ Free Coursera Courses
560,Ivy League Online Courses
561,175+ Free Writing Online Courses
562,About Class Central
563,"Class Central aggregates courses from many providers to help you find the best courses on almost any subject, wherever they exist."
564,Facebook
565,Twitter
566,LinkedIn
567,YouTube
568,Class Central © 2011-2023
569,Privacy Policy
570,About Us
571,Join Us
572,Help Center
573,Contact Us
574,Share
575,Facebook
576,Twitter
577,Email
578,Copy link
579,Never Stop Learning.
580,"Get personalized course recommendations, track subjects and courses with reminders, and more."
581,Sign up for free
