,link scrapped text
0,700+ Free Certificates from Google!
1,View
2,Close
3,Class Central
4,Courses
5,Class Central
6,Rankings
7,Collections
8,Subjects
9,View all
10,Computer Science
11,Health & Medicine
12,Mathematics
13,Business
14,Humanities
15,Engineering
16,Science
17,Education & Teaching
18,Social Sciences
19,Art & Design
20,Data Science
21,Programming
22,Personal Development
23,Information Security (InfoSec)
24,View all Subjects
25,Universities
26,The Report
27,Courses from
28,1000+ universities
29,Rankings
30,Best Courses
31,Best of All Time
32,Best of the Year 2022
33,Best of the Year 2021
34,Most Popular Courses
35,Most Popular of All Time
36,Most Popular of the Year 2022
37,Most Popular of the Year 2021
38,Collections
39,Monthly Course Reports
40,Starting this Month
41,New Online Courses
42,Most Popular
43,Computer Science
44,Artificial Intelligence
45,Algorithms and Data Structures
46,Internet of Things
47,Information Technology
48,Computer Networking
49,Machine Learning
50,DevOps
51,Deep Learning
52,Cryptography
53,Quantum Computing
54,Human-Computer Interaction (HCI)
55,Distributed Systems
56,Blockchain Development
57,Operating Systems
58,Computer Graphics
59,View all Computer Science
60,Health & Medicine
61,Nutrition & Wellness
62,Disease & Disorders
63,Public Health
64,Health Care
65,Nursing
66,Anatomy
67,Veterinary Science
68,Continuing Medical Education (CME)
69,View all Health & Medicine
70,Mathematics
71,Statistics & Probability
72,Foundations of Mathematics
73,Calculus
74,Discrete Mathematics
75,Trigonometry
76,Geometry
77,Algebra
78,Precalculus
79,Number Theory
80,Combinatorics
81,Mathematical logic
82,Linear Programming
83,View all Mathematics
84,Business
85,Management & Leadership
86,Finance
87,Entrepreneurship
88,Marketing
89,Strategic Management
90,Industry Specific
91,Business Intelligence
92,Accounting
93,Human Resources
94,Project Management
95,Sales
96,Design Thinking
97,Business Software
98,Risk Management
99,Corporate Social Responsibility
100,Customer Service
101,Nonprofit Management
102,Innovation
103,Operations Management
104,View all Business
105,Humanities
106,History
107,Literature
108,Language Learning
109,Grammar & Writing
110,Philosophy
111,Religion
112,ESL
113,Culture
114,Sports
115,Journalism
116,Ethics
117,Linguistics
118,Food
119,Library Science
120,Reading
121,Crisis Management
122,View all Humanities
123,Engineering
124,Electrical Engineering
125,Mechanical Engineering
126,Civil Engineering
127,Robotics
128,Nanotechnology
129,GIS
130,Textiles
131,Manufacturing
132,BIM
133,CAD
134,Chemical Engineering
135,Energy Systems
136,Aerospace Engineering
137,View all Engineering
138,Science
139,Chemistry
140,Physics
141,Environmental Science
142,Astronomy
143,Biology
144,Agriculture
145,Materials Science
146,Earth Science
147,Applied Science
148,Forensic Science
149,View all Science
150,Education & Teaching
151,K12
152,Higher Education
153,STEM
154,Teacher Professional Development
155,Course Development
156,Online Education
157,Test Prep
158,Pedagogy
159,View all Education & Teaching
160,Social Sciences
161,Sociology
162,Economics
163,Psychology
164,Anthropology
165,Political Science
166,Law
167,Urban Planning
168,Human Rights
169,Sustainability
170,Governance
171,Archaeology
172,Social Work
173,View all Social Sciences
174,Art & Design
175,Music
176,Digital Media
177,Visual Arts
178,Design & Creativity
179,View all Art & Design
180,Data Science
181,Bioinformatics
182,Big Data
183,Data Mining
184,Data Analysis
185,Data Visualization
186,Jupyter Notebooks
187,View all Data Science
188,Programming
189,Mobile Development
190,Web Development
191,Databases
192,Game Development
193,Programming Languages
194,Software Development
195,Cloud Computing
196,View all Programming
197,Personal Development
198,Communication Skills
199,Career Development
200,Self Improvement
201,Presentation Skills
202,Resilience
203,View all Personal Development
204,Information Security (InfoSec)
205,Cybersecurity
206,Network Security
207,Ethical Hacking
208,Digital Forensics
209,Reverse Engineering
210,Penetration Testing
211,Malware Analysis
212,DevSecOps
213,OSINT (Open Source Intelligence)
214,Threat Intelligence
215,Information Security Certifications
216,Red Team
217,Blue Team
218,View all Information Security (InfoSec)
219,The Report
220,2022 Year in Review: The “New Normal” that Wasn’t
221,"The pandemic ushered in a “new normal” in online learning, but it culminated in layoffs and stock drops."
222,Dhawal Shah
223,"Jan 02, 2023"
224,Latest
225,"Review of Goldman Sachs 10,000 Women Courses"
226,10 Best Japanese Courses to Take in 2023
227,7 Best Erlang Courses to Take in 2023
228,Harvard CS50 Guide: How to Pick the Right Course (with Free Certificate)
229,10 Best CSS Animation Courses to Take in 2023
230,Visit
231,The Report
232,"DDoS Attack on Class Central: Mitigation, SEO Impact, and Costs"
233,Trending
234,Most common
235,English
236,hacking
237,project management
238,Popular subjects
239,Digital Skills
240,209 courses
241,Programming
242,"24,443 courses"
243,Information Technology (IT) Certifications
244,504 courses
245,Popular courses
246,The Science of Happiness
247,"University of California, Berkeley"
248,Introduction to Financial Accounting
249,University of Pennsylvania
250,Cryptography I
251,Stanford University
252,Organize and share your learning with Class Central Lists.
253,View our
254,Lists Showcase
255,Sign up
256,Log in
257,or
258,Sign up
259,Log in
260,Sign up
261,Subjects
262,Mathematics
263,Mathematical logic
264,Free Online
265,Mathematical logic Courses
266,"Learn Mathematical logic, earn certificates with paid and free online courses from Stanford, IIT Kharagpur, University of Melbourne and other top universities around the world. Read reviews to decide if a class is right for you."
267,Follow
268,1.0k
269,Share
270,19 courses
271,Showing
272,19 courses
273,Filter
274,Sort by Relevancy
275,Relevancy
276,Highest rated
277,Lowest rated
278,Most recently added
279,Filter by
280,Clear All
281,Filters
282,With certificate
283,(11)
284,Free course
285,(15)
286,With free certificate
287,(1)
288,University course only
289,(10)
290,Level
291,Beginner
292,(7)
293,Intermediate
294,(2)
295,Duration
296,1-5 hours
297,(2)
298,5-10 hours
299,(3)
300,10+ hours
301,(11)
302,Language
303,English
304,(19)
305,Show 19 courses
306,Clear Filters
307,Introduction to Logic
308,20 reviews
309,This course is an introduction to Logic from a computational perspective. It shows how to encode information in the form of logical sentences; it shows how to reason with information in this form; and it provides an overview of logic technology and its a…
310,Add to list
311,Quick View
312,Coursera
313,"47 hours worth of material, 5 weeks long"
314,"27th Mar, 2023"
315,Free Online Course (Audit)
316,"Language, Proof and Logic"
317,2 reviews
318,"The ability to reason is fundamental to human beings. Whatever the discipline or discourse it is important to be able to distinguish correct reasoning from incorrect reasoning. The consequences of incorrect reasoning can be minor, like getting lost on th…"
319,Add to list
320,Quick View
321,edX
322,"5-10 hours a week, 15 weeks long"
323,Self paced
324,Free Online Course (Audit)
325,Semantics of First-Order Logic
326,"First-order logic is a restricted, formalized language which is particularly suited to the precise expression of ideas. The language has uses in many disciplines including computer science, mathematics, linguistics and artificial intelligence. 
We will d…"
327,Add to list
328,Quick View
329,edX
330,"5-10 hours a week, 4 weeks long"
331,Self paced
332,Free Online Course (Audit)
333,University of Amsterdam
334,Logic for Economists
335,249 ratings at Coursera
336,"This course provides a very brief introduction to basic mathematical concepts like propositional and predicate logic, set theory, the number system, and proof techniques.  At the end of the course, students will be able to
(1) detect the logical structur…"
337,Add to list
338,Quick View
339,Coursera
340,"7-8 hours worth of material, 2 weeks long"
341,"6th Feb, 2023"
342,Free Online Course (Audit)
343,York
344,Logic: The Language of Truth
345,47 ratings at FutureLearn
346,Learn how to use logic to evaluate arguments and discover more about philosophical concepts like truth-tables and logical form.
347,Add to list
348,Quick View
349,FutureLearn
350,"4 hours a week, 4 weeks long"
351,Self paced
352,Free Online Course (Audit)
353,Understanding Maths and Logic in Computer Science
354,29 ratings at FutureLearn
355,Improve your understanding and ability to teach maths and logic in computing while building elements of an escape room.
356,Add to list
357,Quick View
358,FutureLearn
359,"2 hours a week, 3 weeks long"
360,"6th Feb, 2023"
361,Free Online Course (Audit)
362,Introduction to Logic
363,1 review
364,This course is an introduction to Logic from a computational perspective. It shows how to encode information in the form of logical sentences; it shows how to reason with information in this form; and it provides an overview of logic technology and its a…
365,Add to list
366,Quick View
367,Stanford OpenEdx
368,10 hours worth of material
369,"25th Sep, 2017"
370,Free Online Course
371,Mathematical Logic
372,Syllabus: Math Logic: Statements or Propositions and Connectives. Math Logic: How to fill-up truth tables. Math Logic: Tautology and Contradiction.
373,Add to list
374,YouTube
375,Less than 1 hour of material
376,On-Demand
377,Free Online Course
378,MA111: Introduction to Mathematical Reasoning
379,"Syllabus: Course Introduction; Unit 1: Logic; Unit 2: Sets; Unit 3: Introduction to Number Theory; Unit 4: Rational Numbers; Unit 5: Mathematical Induction; Unit 6: Relations and Functions; Unit 7: Sets, Part II; Unit 8: Combinatorics; Course Feedback Su…"
380,Add to list
381,Saylor Academy
382,112 hours worth of material
383,On-Demand
384,Free Certificate
385,University of Melbourne
386,Logic: Language and Information 1
387,8 reviews
388,"This is an introduction to formal logic and how it is applied in computer science, electronic engineering, linguistics and philosophy. You will learn propositional logic—its language, interpretations and proofs, and apply it to solve problems in a wide r…"
389,Add to list
390,Quick View
391,Coursera
392,6-8 hours a week
393,"24th Feb, 2015"
394,Free Online Course (Audit)
395,Math 97: Introduction to Mathematical Reasoning
396,"Math 97: Introduction to Mathematical Reasoning has been evaluated and recommended for up to 4 semester hours and may be transferred to over 2,000 colleges and universities. This course allows for a self-paced study option, with short, engaging lessons t…"
397,Add to list
398,Quick View
399,Study.com
400,16 hours worth of material
401,On-Demand
402,Paid Course
403,Logic
404,"Stretch your analytic muscles with truth-tellers, liars, logical robots, and more!"
405,Add to list
406,Quick View
407,Brilliant
408,8-12 hours worth of material
409,On-Demand
410,Paid Course
411,Logic II
412,Exercise your rationality and learn the mathematical dialects of logic!
413,Add to list
414,Quick View
415,Brilliant
416,4 hours worth of material
417,On-Demand
418,Paid Course
419,Logic (2020)
420,"This course is retiring soon, check out our new course in Logic."
421,Add to list
422,Quick View
423,Brilliant
424,8-12 hours worth of material
425,On-Demand
426,Paid Course
427,University of Melbourne
428,Logic: Language and Information 2
429,1 review
430,"This is an introduction to predicate logic and how it is applied in computer science, electronic engineering, linguistics, mathematics and philosophy. Building on your knowledge of propositional logic, you will learn predicate logic—its language, interpr…"
431,Add to list
432,Quick View
433,Coursera
434,6-8 hours a week
435,"14th Apr, 2015"
436,Free Online Course (Audit)
437,Load more
438,Load the next 4 courses
439,Home
440,Browse by subject
441,Computer Science
442,Psychology
443,Cybersecurity
444,Health
445,Law
446,Accounting
447,Web Development
448,Browse by provider
449,Coursera
450,edX
451,FutureLearn
452,Udacity
453,Swayam
454,Udemy
455,LinkedIn Learning
456,Browse by university
457,Harvard
458,Stanford
459,Georgia Tech
460,University of Michigan
461,Purdue University
462,Duke University
463,IIT Madras
464,Browse by institution
465,Google
466,Microsoft
467,IBM
468,Amazon
469,Linux Foundation
470,British Council
471,Salesforce
472,Rankings
473,Best Online Courses of All Time
474,Best Online Courses of the Year
475,Most Popular Courses of All Time
476,Most Popular Courses of the Year
477,250 Top FREE Coursera Courses of All Time
478,100 Top FREE edX Courses of All Time
479,250 Top Udemy Courses of All Time
480,The Report
481,by Class Central
482,RSS Feed
483,"The ""New Normal"" that Wasn't"
484,DDoS Attack on Class Central
485,500+ Online Degrees in India
486,Harvard's CS50 Free Certificate Guide
487,How Open University Works
488,Free Certificates & Courses
489,700+ Free Google Certificates
490,Free LinkedIn Learning Certificates
491,1600+ Free Coursera Courses
492,Ivy League Online Courses
493,175+ Free Writing Online Courses
494,About Class Central
495,"Class Central aggregates courses from many providers to help you find the best courses on almost any subject, wherever they exist."
496,Facebook
497,Twitter
498,LinkedIn
499,YouTube
500,Class Central © 2011-2023
501,Privacy Policy
502,About Us
503,Join Us
504,Help Center
505,Contact Us
506,Share
507,Facebook
508,Twitter
509,Email
510,Copy link
511,Never Stop Learning.
512,"Get personalized course recommendations, track subjects and courses with reminders, and more."
513,Sign up for free
