,link scrapped text
0,700+ Free Certificates from Google!
1,View
2,Close
3,Class Central
4,Courses
5,Class Central
6,Rankings
7,Collections
8,Subjects
9,View all
10,Computer Science
11,Health & Medicine
12,Mathematics
13,Business
14,Humanities
15,Engineering
16,Science
17,Education & Teaching
18,Social Sciences
19,Art & Design
20,Data Science
21,Programming
22,Personal Development
23,Information Security (InfoSec)
24,View all Subjects
25,Universities
26,The Report
27,Courses from
28,1000+ universities
29,Rankings
30,Best Courses
31,Best of All Time
32,Best of the Year 2022
33,Best of the Year 2021
34,Most Popular Courses
35,Most Popular of All Time
36,Most Popular of the Year 2022
37,Most Popular of the Year 2021
38,Collections
39,Monthly Course Reports
40,Starting this Month
41,New Online Courses
42,Most Popular
43,Computer Science
44,Artificial Intelligence
45,Algorithms and Data Structures
46,Internet of Things
47,Information Technology
48,Computer Networking
49,Machine Learning
50,DevOps
51,Deep Learning
52,Cryptography
53,Quantum Computing
54,Human-Computer Interaction (HCI)
55,Distributed Systems
56,Blockchain Development
57,Operating Systems
58,Computer Graphics
59,View all Computer Science
60,Health & Medicine
61,Nutrition & Wellness
62,Disease & Disorders
63,Public Health
64,Health Care
65,Nursing
66,Anatomy
67,Veterinary Science
68,Continuing Medical Education (CME)
69,View all Health & Medicine
70,Mathematics
71,Statistics & Probability
72,Foundations of Mathematics
73,Calculus
74,Discrete Mathematics
75,Trigonometry
76,Geometry
77,Algebra
78,Precalculus
79,Number Theory
80,Combinatorics
81,Mathematical logic
82,Linear Programming
83,View all Mathematics
84,Business
85,Management & Leadership
86,Finance
87,Entrepreneurship
88,Marketing
89,Strategic Management
90,Industry Specific
91,Business Intelligence
92,Accounting
93,Human Resources
94,Project Management
95,Sales
96,Design Thinking
97,Business Software
98,Risk Management
99,Corporate Social Responsibility
100,Customer Service
101,Nonprofit Management
102,Innovation
103,Operations Management
104,View all Business
105,Humanities
106,History
107,Literature
108,Language Learning
109,Grammar & Writing
110,Philosophy
111,Religion
112,ESL
113,Culture
114,Sports
115,Journalism
116,Ethics
117,Linguistics
118,Food
119,Library Science
120,Reading
121,Crisis Management
122,View all Humanities
123,Engineering
124,Electrical Engineering
125,Mechanical Engineering
126,Civil Engineering
127,Robotics
128,Nanotechnology
129,GIS
130,Textiles
131,Manufacturing
132,BIM
133,CAD
134,Chemical Engineering
135,Energy Systems
136,Aerospace Engineering
137,View all Engineering
138,Science
139,Chemistry
140,Physics
141,Environmental Science
142,Astronomy
143,Biology
144,Agriculture
145,Materials Science
146,Earth Science
147,Applied Science
148,Forensic Science
149,View all Science
150,Education & Teaching
151,K12
152,Higher Education
153,STEM
154,Teacher Professional Development
155,Course Development
156,Online Education
157,Test Prep
158,Pedagogy
159,View all Education & Teaching
160,Social Sciences
161,Sociology
162,Economics
163,Psychology
164,Anthropology
165,Political Science
166,Law
167,Urban Planning
168,Human Rights
169,Sustainability
170,Governance
171,Archaeology
172,Social Work
173,View all Social Sciences
174,Art & Design
175,Music
176,Digital Media
177,Visual Arts
178,Design & Creativity
179,View all Art & Design
180,Data Science
181,Bioinformatics
182,Big Data
183,Data Mining
184,Data Analysis
185,Data Visualization
186,Jupyter Notebooks
187,View all Data Science
188,Programming
189,Mobile Development
190,Web Development
191,Databases
192,Game Development
193,Programming Languages
194,Software Development
195,Cloud Computing
196,View all Programming
197,Personal Development
198,Communication Skills
199,Career Development
200,Self Improvement
201,Presentation Skills
202,Resilience
203,View all Personal Development
204,Information Security (InfoSec)
205,Cybersecurity
206,Network Security
207,Ethical Hacking
208,Digital Forensics
209,Reverse Engineering
210,Penetration Testing
211,Malware Analysis
212,DevSecOps
213,OSINT (Open Source Intelligence)
214,Threat Intelligence
215,Information Security Certifications
216,Red Team
217,Blue Team
218,View all Information Security (InfoSec)
219,The Report
220,2022 Year in Review: The “New Normal” that Wasn’t
221,"The pandemic ushered in a “new normal” in online learning, but it culminated in layoffs and stock drops."
222,Dhawal Shah
223,"Jan 02, 2023"
224,Latest
225,"Review of Goldman Sachs 10,000 Women Courses"
226,10 Best Japanese Courses to Take in 2023
227,7 Best Erlang Courses to Take in 2023
228,Harvard CS50 Guide: How to Pick the Right Course (with Free Certificate)
229,10 Best CSS Animation Courses to Take in 2023
230,Visit
231,The Report
232,"DDoS Attack on Class Central: Mitigation, SEO Impact, and Costs"
233,Trending
234,Most common
235,English
236,marketing
237,web development
238,Popular subjects
239,Digital Skills
240,209 courses
241,Programming
242,"24,443 courses"
243,Information Technology (IT) Certifications
244,504 courses
245,Popular courses
246,The Science of Happiness
247,"University of California, Berkeley"
248,Introduction to Financial Accounting
249,University of Pennsylvania
250,Cryptography I
251,Stanford University
252,Organize and share your learning with Class Central Lists.
253,View our
254,Lists Showcase
255,Sign up
256,Log in
257,or
258,Sign up
259,Log in
260,Sign up
261,Subjects
262,Mathematics
263,Free Online
264,Mathematics Courses
265,"Learn Mathematics, earn certificates with free online courses from Harvard, Stanford, MIT, University of Pennsylvania and other top universities around the world. Read reviews to decide if a class is right for you."
266,Follow
267,219.9k
268,Share
269,"2,274 courses"
270,Related Subjects
271,Computer Science Courses
272,Statistics & Probability Courses
273,Physics Courses
274,Astronomy Courses
275,Test Prep Courses
276,Electrical Engineering Courses
277,Algebra Courses
278,Mechanical Engineering Courses
279,Showing
280,"2,274 courses"
281,Filter
282,Sort by Relevancy
283,Relevancy
284,Highest rated
285,Lowest rated
286,Most recently added
287,Filter by
288,Clear All
289,Filters
290,With certificate
291,(838)
292,Free course
293,(1933)
294,With free certificate
295,(44)
296,University course only
297,(787)
298,Level
299,Beginner
300,(406)
301,Intermediate
302,(181)
303,Advanced
304,(34)
305,Duration
306,1-5 hours
307,(592)
308,5-10 hours
309,(237)
310,10+ hours
311,(834)
312,Language
313,English
314,(1925)
315,Amharic
316,(16)
317,Arabic
318,(8)
319,Bengali
320,(1)
321,Chinese
322,(12)
323,Dutch
324,(1)
325,French
326,(30)
327,German
328,(16)
329,Hebrew
330,(1)
331,Hindi
332,(83)
333,Italian
334,(8)
335,Japanese
336,(6)
337,Korean
338,(1)
339,Portuguese
340,(4)
341,Russian
342,(49)
343,Spanish
344,(94)
345,Thai
346,(6)
347,Turkish
348,(13)
349,See all
350,"Show 2,274 courses"
351,Clear Filters
352,Fibonacci Numbers and the Golden Ratio
353,229 reviews
354,"In this course, we learn the origin of the Fibonacci numbers and the golden ratio, and derive a formula to compute any Fibonacci number from powers of the golden ratio."
355,Add to list
356,Quick View
357,Coursera
358,"9-10 hours worth of material, 3 weeks long"
359,"20th Feb, 2023"
360,Free Online Course (Audit)
361,Best of All Time
362,Vector Calculus for Engineers
363,228 reviews
364,"This course is about vector calculus, and covers material that all engineers should know."
365,Add to list
366,Quick View
367,Coursera
368,"29 hours worth of material, 5 weeks long"
369,"13th Feb, 2023"
370,Free Online Course (Audit)
371,Differential Equations for Engineers
372,287 reviews
373,This course is about differential equations and covers material that all engineers should know. Both basic theory and applications are taught.
374,Add to list
375,Quick View
376,Coursera
377,"27 hours worth of material, 6 weeks long"
378,"6th Feb, 2023"
379,Free Online Course (Audit)
380,Matrix Algebra for Engineers
381,637 reviews
382,"This course is all about matrices, and concisely covers the linear algebra that an engineer should know.   We define matrices and how to add and multiply them, and introduce some special types of matrices."
383,Add to list
384,Quick View
385,Coursera
386,"20 hours worth of material, 4 weeks long"
387,"6th Feb, 2023"
388,Free Online Course (Audit)
389,Best of All Time
390,"Doon University, Dehradun"
391,;
392,CEC
393,Mathematical Economics
394,201 reviews
395,"After completing this course, you will have learnt:
# How to build models by expressing words in symbols, numbers and equations
# New techniques to solve complex problems
# To measure the effect of change and discover techniques to improve your decision-…"
396,Add to list
397,Quick View
398,Swayam
399,15 weeks long
400,"15th Jan, 2023"
401,Free Online Course
402,Best of All Time
403,Santa Fe Institute
404,Introduction to Dynamical Systems and Chaos
405,122 reviews
406,"In this course you'll gain an introduction to the modern study of dynamical systems, the interdisciplinary field of applied mathematics that studies systems that change over time."
407,Add to list
408,Quick View
409,Complexity Explorer
410,"3-6 hours a week, 10 weeks long"
411,On-Demand
412,Free Online Course
413,Best of All Time
414,Estadística Aplicada a los Negocios
415,134 reviews
416,"Usa estadística descriptiva e inferencial en los negocios. Aprende a tomar decisiones con ayuda de estimadores, análisis regresional y más."
417,Add to list
418,Quick View
419,edX
420,"5-6 hours a week, 5 weeks long"
421,Self paced
422,Free Online Course (Audit)
423,Best of All Time
424,Bases Matemáticas: Números y terminología
425,97 reviews
426,"Se repasan los conceptos básicos de conjuntos, la terminología básica y las propiedades fundamentales de los números (reales y complejos)."
427,Add to list
428,Quick View
429,edX
430,"3-4 hours a week, 4 weeks long"
431,Self paced
432,Free Online Course (Audit)
433,Best of All Time
434,Introduction to Mathematical Thinking
435,53 reviews
436,A key feature of mathematical thinking is thinking outside-the-box – a valuable ability in today’s world. This course helps to develop that crucial way of thinking.
437,Add to list
438,Quick View
439,Coursera
440,"39 hours worth of material, 9 weeks long"
441,"27th Feb, 2023"
442,Free Online Course (Audit)
443,Best of All Time
444,Intro to Statistics
445,39 reviews
446,"Get ready to analyze, visualize, and interpret data! Thought-provoking examples and chances to combine statistics and programming will keep you engaged and challenged."
447,Add to list
448,Quick View
449,Udacity
450,8 weeks long
451,On-Demand
452,Free Online Course
453,Santa Fe Institute
454,Fractals and Scaling
455,56 reviews
456,"This course is intended for anyone who is interested in an overview of how ideas from fractals and scaling are used to study complex systems.  The course will make use of basic algebra, but potentially difficult topics will be reviewed, and help is avail…"
457,Add to list
458,Quick View
459,Complexity Explorer
460,"2-4 hours a week, 7 weeks long"
461,On-Demand
462,Free Online Course
463,Best of All Time
464,Numerical Methods for Engineers
465,35 reviews
466,"The course contains 74 short lecture videos and MATLAB demonstrations. After each lecture or demonstration, there are problems to solve or programs to write. The course is organized into six weeks, and at the end of each week there is an assessed quiz an…"
467,Add to list
468,Quick View
469,Coursera
470,"42 hours worth of material, 6 weeks long"
471,"13th Feb, 2023"
472,Free Online Course (Audit)
473,Statistical Learning
474,28 reviews
475,"Learn some of the main tools used in statistical modeling and data science. We cover both traditional as well as exciting new methods, and how to use them in R. Course material updated in 2021 for second edition of the course textbook."
476,Add to list
477,Quick View
478,edX
479,"3-5 hours a week, 11 weeks long"
480,Self paced
481,Free Online Course (Audit)
482,Probability - The Science of Uncertainty and Data
483,34 reviews
484,"Build foundational knowledge of data science with this introduction to probabilistic models, including random processes and the basic elements of statistical inference -- Part of the MITx MicroMasters program in Statistics and Data Science."
485,Add to list
486,Quick View
487,edX
488,"10-14 hours a week, 16 weeks long"
489,"15th May, 2023"
490,Free Online Course (Audit)
491,Best of All Time
492,University of Padova
493,"Precalculus: the Mathematics of Numbers, Functions and Equations"
494,46 reviews
495,Get an introduction to the essential mathematical knowledge and skills required to take a first course in calculus.
496,Add to list
497,Quick View
498,FutureLearn
499,"6 hours a week, 5 weeks long"
500,Self paced
501,Free Online Course (Audit)
502,Best of All Time
503,Load more
504,Load the next 15 courses of 2259
505,Home
506,Browse by subject
507,Computer Science
508,Psychology
509,Cybersecurity
510,Health
511,Law
512,Accounting
513,Web Development
514,Browse by provider
515,Coursera
516,edX
517,FutureLearn
518,Udacity
519,Swayam
520,Udemy
521,LinkedIn Learning
522,Browse by university
523,Harvard
524,Stanford
525,Georgia Tech
526,University of Michigan
527,Purdue University
528,Duke University
529,IIT Madras
530,Browse by institution
531,Google
532,Microsoft
533,IBM
534,Amazon
535,Linux Foundation
536,British Council
537,Salesforce
538,Rankings
539,Best Online Courses of All Time
540,Best Online Courses of the Year
541,Most Popular Courses of All Time
542,Most Popular Courses of the Year
543,250 Top FREE Coursera Courses of All Time
544,100 Top FREE edX Courses of All Time
545,250 Top Udemy Courses of All Time
546,The Report
547,by Class Central
548,RSS Feed
549,"The ""New Normal"" that Wasn't"
550,DDoS Attack on Class Central
551,500+ Online Degrees in India
552,Harvard's CS50 Free Certificate Guide
553,How Open University Works
554,Free Certificates & Courses
555,700+ Free Google Certificates
556,Free LinkedIn Learning Certificates
557,1600+ Free Coursera Courses
558,Ivy League Online Courses
559,175+ Free Writing Online Courses
560,About Class Central
561,"Class Central aggregates courses from many providers to help you find the best courses on almost any subject, wherever they exist."
562,Facebook
563,Twitter
564,LinkedIn
565,YouTube
566,Class Central © 2011-2023
567,Privacy Policy
568,About Us
569,Join Us
570,Help Center
571,Contact Us
572,Share
573,Facebook
574,Twitter
575,Email
576,Copy link
577,Never Stop Learning.
578,"Get personalized course recommendations, track subjects and courses with reminders, and more."
579,Sign up for free
