,link scrapped text
0,700+ Free Certificates from Google!
1,View
2,Close
3,The Report by Class Central
4,Your source for the latest news and trends in online education.
5,Stay up to date
6,Class Central
7,Class Central
8,classcentral.com
9,Browse Courses
10,Search
11,Write a Review
12,About Class Central
13,News
14,Analysis
15,Features
16,Guides
17,Student Voices
18,Rankings
19,The Best Online Courses of All-Time
20,Best Online Courses of 2022
21,Best Online Courses of 2021
22,Best Online Courses of 2020
23,Best Online Courses of 2019
24,Best Online Courses of 2018
25,Best Online Courses of 2017
26,Best Online Courses of 2016
27,Best Online Courses of 2015
28,Year in Review
29,MOOC Roundup 2021
30,MOOC Roundup 2020
31,MOOC Roundup 2019
32,MOOC Roundup 2018
33,MOOC Roundup 2017
34,MOOC Roundup 2016
35,MOOC Roundup 2015
36,Providers
37,Coursera
38,EdX
39,Udacity
40,Futurelearn
41,Disclosure:
42,"Class Central is learner-supported. When you buy through links on our site, we may earn an affiliate commission."
43,Course Report
44,The 100 Most Popular Free Online Courses (2022 Edition)
45,By combining course enrollments data and Class Central data we came up with a list of 100 most popular courses of 2021.
46,Suparn Patra
47,"Nov 29th, 2021"
48,Facebook
49,Twitter
50,Envelope
51,Url
52,3
53,It’s been ten years since a few Stanford professors
54,decided to offer their courses
55,"online for free. These later became known as MOOCs, for"
56,Massive Open Online Courses
57,", and 2012 became the ‘"
58,Year of the MOOC’
59,.
60,"Over the years, the online course offering has continued to grow, to the point that it can be hard to navigate at time. So in this article, I’ve leveraged Class Central’s database of over 50,000 courses as well as course enrollment numbers to build a list of the 100 most popular online courses of the year."
61,"If these courses don’t interest you, either browse Class Central’s extensive catalog of 50,000 online courses via our"
62,subjects page
63,", or have a look at our curated"
64,course collections
65,:
66,Massive List of Thousands of Free Certificates and Badges
67,1600+ Coursera Courses That Are Still Completely Free
68,450+ Free Ivy League Online Courses
69,The Best Online Courses of All Time
70,100 Top FREE edX Courses of All Time
71,250 Top Udemy Courses of All Time
72,"To see all our compilations, visit"
73,Class Central’s Collections
74,.
75,Methodology
76,"First, I went through Class Central’s database and made a list of all the courses that were offered for the first time ever in 2021. This was around 2900 courses."
77,"Then I wrote scrapers to collect enrollment numbers across four different providers: Coursera, edX, FutureLearn, and Swayam. They all show how many students are enrolled on their course pages."
78,"Combined, these providers have garnered over 6.8 million enrollments for courses launched in 2021. The 100 most popular courses account for over half of these enrollments."
79,Most Popular Free Online Courses
80,One fifth all the courses in the most popular list came from Google. The most popular course has over half a million enrollments.
81,"Two courses from popular MOOC instructor Barbara Oakley also made the list. These courses,"
82,Uncommon Sense Teaching
83,and
84,Learn Like a Pro
85,", are also part of Class Central’s"
86,Best of All Time compilation
87,.
88,Below are the most popular free online courses launched in 2021 (sorted by number of enrollments).
89,"Foundations: Data, Data, Everywhere"
90,Google via Coursera
91,"In this course, you’ll be introduced to the world of data analytics through hands-on curriculum developed by Google."
92,★★★★★ (
93,1 rating
94,)
95,Foundations of Project Management
96,Google via Coursera
97,This course is the first in a series of six to equip you with the skills you need to apply to introductory-level roles in project management.
98,Foundations of User Experience (UX) Design
99,Google via Coursera
100,Foundations of User Experience (UX) Design is the first of a series of seven courses that will equip you with the skills needed to apply to entry-level jobs in user experience design.
101,Ask Questions to Make Data-Driven Decisions
102,Google via Coursera
103,"The material will help you learn how to ask effective questions to make data-driven decisions, while connecting with stakeholders’ needs."
104,Prepare Data for Exploration
105,Google via Coursera
106,You’ll learn how to use tools like spreadsheets and SQL to extract and make use of the right data for your objectives and how to organize and protect your data.
107,Project Initiation: Starting a Successful Project
108,Google via Coursera
109,This course will show you how to set a project up for success in the first phase of the project life cycle: the project initiation phase.
110,Process Data from Dirty to Clean
111,Google via Coursera
112,"In this course, you’ll continue to build your understanding of data analytics and the concepts and tools that data analysts use in their work."
113,"Start the UX Design Process: Empathize, Define, and Ideate"
114,Google via Coursera
115,"In this course, you’ll complete the first phases of the design process for a project that you’ll be able to include in your portfolio."
116,Psychological First Aid: Supporting Children and Young People
117,Public Health England via FutureLearn
118,Get Psychological First Aid training to support children and young people’s mental health during emergencies and crisis situations
119,Analyze Data to Answer Questions
120,Google via Coursera
121,"In this course, you’ll explore the “analyze” phase of the data analysis process. You’ll take what you’ve learned to this point and apply it to your analysis to make sense of the data you’ve collected."
122,Excel for Everyone: Core Foundations
123,The University of British Columbia via edX
124,"Learn Excel fundamentals including data wrangling, spreadsheet management, and basic data analysis."
125,Data Analysis with R Programming
126,Google via Coursera
127,"You’ll discover how R lets you clean, organize, analyze, visualize, and report data in new and more powerful ways."
128,Introduction to Statistics
129,Stanford University via Coursera
130,You will gain the foundational skills that prepare you to pursue more advanced topics in statistical thinking and machine learning.
131,★★★★★ (
132,1 rating
133,)
134,Share Data Through the Art of Visualization
135,Google via Coursera
136,"This course will show you how data visualizations, such as visual dashboards, can help bring your data to life. You’ll also explore Tableau, a data visualization platform that will help you create effective visualizations for your presentations."
137,Agile Project Management
138,Google via Coursera
139,"This course will explore the history, approach, and philosophy of Agile project management, including the Scrum framework."
140,★★★★★ (
141,1 rating
142,)
143,Project Planning: Putting It All Together
144,Google via Coursera
145,This course will explore how to map out a project in the second phase of the project life cycle: the project planning phase.
146,Google Data Analytics Capstone: Complete a Case Study
147,Google via Coursera
148,"This course is the eighth course in the Google Data Analytics Certificate. You’ll have the opportunity to complete an optional case study, which will help prepare you for the data analytics job hunt."
149,Nature-based Solutions for Disaster and Climate Resilience
150,SDG Academy via edX
151,"What are ‘Nature-based solutions’, or NbS? How can they help build resilience to disasters and climate change impacts? Why is NbS relevant? How can I apply NbS in my work and everyday life?"
152,Build Wireframes and Low-Fidelity Prototypes
153,Google via Coursera
154,"In this course, you’ll continue to design a mobile app for your professional UX portfolio."
155,AWS Cloud Technical Essentials
156,Amazon Web Services via Coursera
157,"Are you in a technical role and want to learn the fundamentals of AWS? Do you aspire to have a job or career as a cloud developer, architect, or in an operations role? If so, AWS Cloud Technical Essentials is an ideal way to start."
158,Project Execution: Running the Project
159,Google via Coursera
160,This course will delve into the execution and closing phases of the project life cycle. You will learn what aspects of a project to track and how to track them.
161,Python Project for Data Science
162,IBM via Coursera
163,This mini-course is intended to for you to demonstrate foundational Python skills for working with data. The completion of this course involves working on a hands-on project where you will develop a simple dashboard using Python.
164,Basic course in Biomedical Research- Cycle 5
165,National Institute of Epidemiology via Swayam
166,"The course will explain the fundamental concepts of research methodology in health. Course materials include video lectures reading/resource materials, example accompaniments, workbooks, lecture handouts and frequently asked questions (based on participant queries from previous cycle)."
167,Conduct UX Research and Test Early Concepts
168,Google via Coursera
169,"In this course, you will learn how to plan and conduct a usability study to gather feedback about designs."
170,Learn English Through TV Drama Series: Skipper’s Pass
171,Chasing Time English via FutureLearn
172,Improve your English language skills by watching a short television drama series.
173,AWS Cloud Practitioner Essentials
174,Amazon Web Services via Coursera
175,This course will provide you with an understand of fundamental AWS Cloud concepts to help you gain confidence to contribute to your organization’s cloud initiatives.
176,Introduction to Google Workspace Administration
177,Google Cloud via Coursera
178,You will be introduced to your Cloud Directory and will learn how to split your organization into organizational units to simplify user and service management.
179,Introduction to Machine Learning in Production
180,deeplearning.ai via Coursera
181,"In the first course of Machine Learning Engineering for Production Specialization, you will identify the various components and design an ML production system end-to-end: project scoping, data needs, modeling strategies, and deployment constraints and requirements; and learn how to establish a model baseline, address concept drift, and prototype the process for developing, deploying, and continuously improving a productionized ML application."
182,Create High-Fidelity Designs and Prototypes in Figma
183,Google via Coursera
184,"In this course, you will follow step-by-step tutorials to learn how to create high-fidelity designs, called mockups, in Figma, a popular design tool."
185,Capstone: Applying Project Management in the Real World
186,Google via Coursera
187,"In this final, capstone course of the Google Project Management Certificate, you will practice applying the project management knowledge and skills you have learned so far."
188,Inglés para todos: nivel básico
189,Universidad del Rosario via edX
190,Este curso te proporciona herramientas para que inicies tu aprendizaje de inglés desde las expresiones y estructuras más básicas.
191,The Digital Marketing Revolution
192,University of Illinois at Urbana-Champaign via Coursera
193,"This course examines this issue by asking how the Digital Revolution has impacted marketing in an analog world. The learning approach will be highly interactive, meaning that you will have both the opportunity to engage in a variety of hands-on activities and to participate as a member of a rich learning community."
194,CS50’s Introduction to Programming with Scratch
195,Harvard University via edX
196,A gentle introduction to programming that prepares you for subsequent courses in coding.
197,Financial Accounting
198,Massachusetts Institute of Technology via edX
199,"How do investors, creditors, and other users analyze financial statements to assess corporate performance? Learn financial accounting, how to read financial statements, and how to gather inputs to valuation models."
200,Responsive Web Design in Adobe XD
201,Google via Coursera
202,"In this course, you will design a responsive website using Adobe XD, a popular design tool. You will complete the design process from beginning to end: empathizing with users, defining their pain points, coming up with ideas for design solutions, creating wireframes and prototypes, and testing designs to get feedback."
203,Early Childhood Development: Global Strategies for Implementation
204,Harvard University via edX
205,"Examine best practices in child and family policies, advocacy, financing, and pathways to scale—learning how to generate innovative, scalable intervention strategies that supports early childhood development."
206,Mathematical Methods for Quantitative Finance
207,Massachusetts Institute of Technology via edX
208,"Learn the mathematical foundations essential for financial engineering and quantitative finance: linear algebra, optimization, probability, stochastic processes, statistics, and applied computational techniques in R."
209,Mental Health and Nutrition
210,University of Canterbury via edX
211,Learn what foods and nutrients should and should not be consumed to improve mental wellbeing and explore the fundamental role that nutrition plays in our mental health.
212,"Basics of Remote sensing, GIS & GNSS technology and their applications"
213,Indian Institute of Remote Sensing via Swayam
214,"During the course, the participants will be exposed to Basic Principles of Remote Sensing, Earth Observation Sensors and Platforms, Thermal Remote Sensing, Spectral Signatures of Different Land cover Features and Visual Image interpretation and Hyperspectral Remote Sensing technology."
215,A Bridge to the World: Korean Language for Beginners Ⅰ
216,Sungkyunkwan University via Coursera
217,This course is an introductory course to Korean language that aims to cultivate basic communication skill for those that are interested in learning Korean language.
218,Remote Work Revolution for Everyone
219,Harvard Business School via edX
220,"You will learn to excel in the virtual-work landscape. You will learn how to build trust, increase productivity, use digital tools intelligently, and remain fully aligned with your remote team."
221,Food Fermentation: The Science of Cooking with Microbes
222,Harvard University via edX
223,"Explore the roles that microbes play in the production, preservation, and enhancement of diverse foods in a variety of culinary traditions, and learn about the history of food fermentations."
224,Introduction to Microsoft Azure Cloud Services
225,Microsoft via Coursera
226,"This course provides you with everything you need to get started. It introduces you to Microsoft Azure core concepts and services. You’ll learn the basics of cloud computing, its advantages, and how to choose the right Microsoft Azure solution for different business scenarios."
227,Design a User Experience for Social Good & Prepare for Jobs
228,Google via Coursera
229,"In this course, you will design a dedicated mobile app and a responsive website focused on social good."
230,Data for Better Lives: A New Social Contract
231,Open Learning Campus – World Bank Group via edX
232,"With this course, explore the 2021 World Development Report (WDR) and how data can be used for advancing development outcomes. Learn about the principles of a new social contract for data and data governance needed to transform lives for the poor."
233,Introduction to Data Engineering
234,IBM via Coursera
235,"This course introduces you to the core concepts, processes, and tools you need to know in order to get a foundational knowledge of data engineering."
236,Fundamentals of Digital Marketing
237,University System of Maryland via edX
238,"Learn the varied and changing approaches to digital marketing, such as mobile and omnichannel marketing and attribution and marketing mix modeling to inform your organization’s digital marketing strategy."
239,Human Resources Analytics
240,"University of California, Irvine via Coursera"
241,"This course focuses on identifying effective data sources, developing meaningful metrics, designing long-term measures, and applying results in support of organizational strategy and tactics."
242,Entrepreneurship Adventures – مغامرات ريادة الأعمال
243,King Abdullah University of Science and Technology (KAUST) via edX
244,ستخوض في كل أسبوع مغامرة شيقة لتتحدى أفكارك المسبقة عن ريادة الأعمال وتختبر قدراتك القيادية وتتعلم من مغامرات أصحاب المشاريع الريادية. بنهاية هذه المغامرة سجد فرصتك لبداية مشروعك الريادي!
245,Bookkeeping Basics
246,Intuit via Coursera
247,"In this course, you will be introduced to the role of a bookkeeper and learn what bookkeeping professionals do every day."
248,Deploying TinyML
249,Harvard University via edX
250,"Learn to program in TensorFlow Lite for microcontrollers so that you can write the code, and deploy your model to your very own tiny microcontroller. Before you know it, you’ll be implementing an entire TinyML application."
251,Learn Like a Pro: Science-Based Tools to Become Better at Anything
252,via edX
253,"Do you spend too much time learning, with disappointing results? Do you put off studying because it’s boring and you’re easily distracted? This course is for you!"
254,★★★★★ (
255,89 ratings
256,)
257,Database Design and Basic SQL in PostgreSQL
258,University of Michigan via Coursera
259,In this course you will learn more about the historical design of databases and the use of SQL in the PostgreSQL environment.
260,Introduction to Node.js
261,Linux Foundation via edX
262,"Get started with Node.js, the most popular open source JavaScript runtime. Discover the ways in which Node.js helps in everyday computing scenarios, from service-mocking, rapid-prototyping and real-time applications, to Command Line Interfaces (CLI)."
263,★★☆☆☆ (
264,1 rating
265,)
266,Excel Skills to Make an Impression
267,Excel Club via FutureLearn
268,"Learn intermediate and advanced Excel skills, such as pivot tables, IF statements, and dynamic arrays, to advance your career."
269,Game Design and Development 1: 2D Shooter
270,Michigan State University via Coursera
271,"If you love games and want to learn how to make them, then this course will start you down that path."
272,Methods of molecular biology
273,St. Petersburg State Polytechnic University via Coursera
274,"This multidisciplinary course will be interesting for students and specialists in the field of chemistry, ecology, mathematics, physics, medicine, and legal sciences, as well as to a wider audience, since it reveals various aspects of molecular biology and its methodological tools in an interesting and comprehensive language."
275,Scripting with Python
276,Southern New Hampshire University via edX
277,Explore fundamental programming with hands-on activities that help you build applications using Python.
278,Excel for Everyone: Data Analysis Fundamentals
279,The University of British Columbia via edX
280,"Perform advanced data wrangling, analysis and dashboard visualization to help drive strategic decision-making."
281,Exploring Body Neutrality and Body Image with Jameela Jamil
282,Tommy Hilfiger via FutureLearn
283,Reclaim power over your own self-worth and learn from Jameela Jamil how you can transform your body image and practice self-love.
284,"Data Structures & Algorithms I: ArrayLists, LinkedLists, Stacks and Queues"
285,Georgia Institute of Technology via edX
286,"Work with the principles of data storage in Arrays, ArrayLists & LinkedList nodes. Understand their operations and performance with visualizations. Implement low-level linear, linked data structures with recursive methods, and explore their edge cases. Extend these structures to the Abstract Data Types, Stacks, Queues and Deques."
287,Uncommon Sense Teaching
288,via Coursera
289,You’ll discover why you should help students use two different neural routes to help them be both flexible and fast in their learning.
290,★★★★★ (
291,149 ratings
292,)
293,Google Workspace Mail Management
294,Google Cloud via Coursera
295,"In this course you will learn how to protect your organization against spam, spoofing, phishing and malware attacks."
296,Get Started With Digital Marketing
297,Coventry University via FutureLearn
298,What is digital marketing and why is it so valuable to businesses in today’s world? Find out with Coventry University Online.
299,CAD/CAM Computer Aided Design / Computer Aided Manufacturing
300,IGNOU via Swayam
301,"The Computer Aided design (CAD) is a Process use of Computers and software’s to aid in the creation, Modification, Analysis, or Optimization of a design."
302,Building your Screenplay
303,University of Cambridge via edX
304,"This course will broaden your understanding of how to start a career successfully as a professional screenwriter, as well as offer you insights in how to maximise and enjoy the processes of your personal creativity."
305,IELTS Listening and Speaking Sections Skills Mastery
306,"University of California, Irvine via Coursera"
307,"The lessons in this course will improve your overall skills in both listening and speaking, and they will prepare you for every type of question in these sections of the test, increasing your chances of getting your target band scores."
308,Academic Writing in English for ESL Learners
309,University College London via FutureLearn
310,Develop your academic writing skills in English as a second language (ESL) learner and advance your English writing at university.
311,Operations Research (1): Models and Applications
312,National Taiwan University via Coursera
313,"This course introduces frameworks and ideas about various types of optimization problems in the business world. In particular, we focus on how to formulate real business problems into mathematical models that can be solved by computers."
314,Programación en Python
315,Universidad de los Andes via Coursera
316,¡Te damos la bienvenida al curso de Programación en Python de la Universidad de los Andes!
317,С/C++ for competitive programming
318,Moscow Institute of Physics and Technology via Coursera
319,"The “C/C++ for competitive programming” online course will introduce the basic concepts of the language, such as variables, data types."
320,Penetration Testing – Discovering Vulnerabilities
321,New York University (NYU) via edX
322,"Learn fundamentals of penetration testing, including an Introduction to Penetration Testing Methodologies, Recognisance and Enumeration for Penetration Testers, Scanning and Vulnerability Enumeration."
323,Digital Marketing Analytics: Tools and Techniques
324,"University of Maryland, College Park via edX"
325,"Learn how to leverage leading tools and approaches to digital marketing data analysis. Dive into SEO and Paid search strategies, web analytics, online testing, machine learning and AI/Big Data applications to strengthen your digital marketing efforts and leverage your resources most effectively."
326,Excel Power Tools for Data Analysis
327,Macquarie University via Coursera
328,"Welcome to Excel Power Tools for Data Analysis. In this four-week course, we introduce Power Query, Power Pivot and Power BI, three power tools for transforming, analysing and presenting data."
329,Data Analysis: Statistical Modeling and Computation in Applications
330,Massachusetts Institute of Technology via edX
331,A hands-on introduction to the interplay between statistics and computation for the analysis of real data. —
332,Part of the MITx MicroMasters program in Statistics and Data Science.
333,★☆☆☆☆ (
334,1 rating
335,)
336,AWS Cloud Practitioner Essentials
337,Amazon Web Services via edX
338,"This course will introduce you to cloud concepts and core AWS services, security and architecture to advance your cloud knowledge and solve business challenges."
339,Machine Learning Data Lifecycle in Production
340,deeplearning.ai via Coursera
341,"In the second course of Machine Learning Engineering for Production Specialization, you will build data pipelines by gathering, cleaning, and validating datasets and assessing data quality; implement feature engineering, transformation, and selection with TensorFlow Extended and get the most predictive power out of your data; and establish the data lifecycle by leveraging data lineage and provenance metadata tools and follow data evolution with enterprise data schemas."
342,"Bioinformatics for Biologists: An Introduction to Linux, Bash Scripting, and R"
343,Wellcome Genome Campus via FutureLearn
344,Get familiar with Linux and its command line in order to access the full range of bioinformatics tools available to researchers.
345,Low-Budget Video Production: Visual Communication for Small Charities
346,The Open University via FutureLearn
347,Understand how video can expand and enhance your organisation’s communications and develop practical skills for your productions.
348,UX Design
349,HEC Montréal via edX
350,Master Design Thinking and UX Design through user-centred design to deliver innovative user experiences.
351,Essentials of Data Science With R Software – 1: Probability and Statistical Inference
352,Indian Institute of Technology Kanpur via Swayam
353,"Any data analysis is incomplete without statistics. After getting the data, the statistical tools aims to extract the information hidden inside the data."
354,Cybersecurity Basics
355,IBM via edX
356,You will explore information security from its history to a description of various cybercriminals and cybersecurity threats concluding with the tools needed to prevent an attack.
357,Introduction to Java
358,LearnQuest via Coursera
359,"This course includes hands-on practice and will give you a solid knowledge of the Java language. After completing this course, you will be able to identify Java’s benefits, program in basic Java syntax using Java data types, and incorporate branches and loops."
360,JavaScript Basics
361,"University of California, Davis via Coursera"
362,This course introduces the programming language JavaScript and shows the websites that include the type of interactions students will eventually be able to develop. Learners will understand the importance of how JavaScript was developed and why such history impacts the way JavaScript is currently written and in future releases.
363,MCO-03: Research Methodology and Statistical Analysis
364,IGNOU via Swayam
365,The Objective of this course to pay awareness to the most important aspect of Research i.e. Research Methodology. It will enable the Researchers to build up the most suitable methodology for their Research Studies.
366,Foundations of Modern Finance II
367,Massachusetts Institute of Technology via edX
368,"Learn fundamental principles of modern finance, including valuation models, methods for risk analysis, derivative instruments and investment management."
369,Google Workspace Security
370,Google Cloud via Coursera
371,In this course you will focus on the various aspects of Google Workspace Security including user password policies and how to enable and enforce two step verification (2SV) for your users.
372,Aruba Networking Basics
373,Aruba via Coursera
374,"You will learn what a basic computer network is, compare local and wide area networks, use cases, and implementation types. Communication over these networks relies on protocols. Once you learn about those, you will be well on your way to understanding network communications and well prepared to learn VLANs and how to configure an Aruba OS Switch!"
375,Habilidades de Excel para el negocio: Conceptos básicos
376,Macquarie University via Coursera
377,"En este primer curso de la especialización de habilidades de Excel para el negocio, aprenderá los conceptos básicos de Microsoft Excel. En seis semanas, podrá navegar, de forma experta, a través de la interfaz de usuario de Excel, realizar cálculos básicos con fórmulas y funciones, dar formato profesional a hojas de cálculo y crear visualizaciones de datos a través de gráficos y cuadros."
378,Excel for Everyone: Data Management
379,The University of British Columbia via edX
380,"Further your Excel skills to manage larger datasets and more complex data wrangling, management and modelling."
381,Introduction to Digital Transformation with Google Cloud
382,Google Cloud via Coursera
383,"If you want to learn about cloud technology so you can excel in your role and help build the future of your business, then this introductory course on digital transformation is for you."
384,Online Advertising & Social Media
385,"University of Maryland, College Park via edX"
386,Learn how to develop Online Advertising Ecosystems complete with Social Media/Social Network and Media Big Data analysis for better decision making in all forms of outreach.
387,"Introduction to Web Development with HTML, CSS, JavaScript"
388,IBM via Coursera
389,Want to take the first steps to become a Cloud Application Developer? This course will lead you through the languages and tools you will need to develop your own Cloud Apps.
390,Managing Google Workspace
391,Google Cloud via Coursera
392,"This course focuses on the Google Workspace core services such as Gmail, Calendar, and Drive & Docs. You will become familiar with the various service settings, and learn how to enable them for all or just a subset of your users."
393,Introduction to Embedded Machine Learning
394,Edge Impulse via Coursera
395,"This course will give you a broad overview of how machine learning works, how to train neural networks, and how to deploy those networks to microcontrollers."
396,Mercados financieros
397,Yale University via Coursera
398,"Una síntesis de las ideas, métodos e instituciones que permiten que la sociedad humana pueda gestionar los riesgos y promover la actividad empresarial."
399,Arduino para niños ¡vamos al espacio!
400,The Pontificia Universidad Javeriana via edX
401,"El curso de Arduino está orientado a público infantil y juvenil; los exploradores, es decir, los estudiantes, serán invitados a participar en varias misiones para que una nave espacial llegue a la tierra sana y salva."
402,Academic English
403,University of Queensland via edX
404,A practical and introductory course to build your skills in academic writing.
405,Analyze Datasets and Train ML Models using AutoML
406,deeplearning.ai via Coursera
407,"You will learn foundational concepts for exploratory data analysis (EDA), automated machine learning (AutoML), and text classification algorithms."
408,★★★★☆ (
409,1 rating
410,)
411,Introduction to Object-Oriented Programming with Java I: Foundations and Syntax Basics
412,Georgia Institute of Technology via edX
413,Learn the foundational basics of the Java programming language.
414,Tags
415,MOOC Roundup 2021
416,Suparn Patra
417,Suparn developed an interest in MOOCs through a project he worked on during his MSc in Artificial Intelligence. He joined Class Central as a Full Stack Engineer.
418,More articles from Suparn Patra
419,Related
420,The 100 Most Popular Free Online Courses (2023 Edition)
421,The 100 Most Popular Free Online Courses of 2019
422,The 100 Most Popular Free Online Courses (2021 Edition)
423,40 Most Popular Online Courses Starting in April 2021
424,About Class Central
425,"EMOOCs 2023 Conference (Potsdam, June 14-16): The call for papers is live!"
426,AD
427,Comments
428,3
429,William Tarpai
430,12/31/2021 at 9:23am
431,Thanks for posting.  DATA FOR BETTER LIVES: A New Social Contract was my favorite MOOC of 2021
432,Reply
433,Oscar Karadima
434,11/1/2022 at 3:16pm
435,"There is some course to learn how to analyze qualitative data and information? In other words,  I need a course to see how qualitative data analysis is done."
436,Reply
437,Suparn Patra
438,11/6/2022 at 10:42pm
439,You may use Class Central search feature to look for courses.
440,You may check:
441,https://www.classcentral.com/search?q=qualitative+data+analysis
442,Reply
443,Leave a reply
444,"Your email address will not be published. All comments go through moderation, so your comment won't display immediately."
445,Comment
446,Name
447,(Required)
448,Email
449,(Required)
450,Cancel
451,Δ
452,This site uses Akismet to reduce spam.
453,Learn how your comment data is processed
454,.
455,Browse our catalog
456,"Discover thousands of free online courses from top universities around the world like MIT, Stanford, and Harvard."
457,Computer Science
458,"8,326                  courses"
459,Blockchain Development
460,Operating Systems
461,Computer Graphics
462,Artificial Intelligence
463,Algorithms and Data Structures
464,Internet of Things
465,Information Technology
466,Human-Computer Interaction (HCI)
467,Computer Networking
468,Machine Learning
469,DevOps
470,Deep Learning
471,Distributed Systems
472,Cryptography
473,Quantum Computing
474,Business
475,"19,402                  courses"
476,Management & Leadership
477,Finance
478,Entrepreneurship
479,Innovation
480,Marketing
481,Risk Management
482,Operations Management
483,Strategic Management
484,Industry Specific
485,Business Intelligence
486,Corporate Social Responsibility
487,Accounting
488,Human Resources
489,Project Management
490,Sales
491,Design Thinking
492,Nonprofit Management
493,Customer Service
494,Business Software
495,Humanities
496,"5,052                  courses"
497,History
498,Literature
499,Reading
500,Language Learning
501,Grammar & Writing
502,Philosophy
503,Religion
504,Food
505,Crisis Management
506,ESL
507,Culture
508,Sports
509,Library Science
510,Journalism
511,Ethics
512,Linguistics
513,Data Science
514,"2,822                  courses"
515,Bioinformatics
516,Big Data
517,Data Mining
518,Data Analysis
519,Data Visualization
520,Jupyter Notebooks
521,Personal Development
522,"3,405                  courses"
523,Resilience
524,Communication Skills
525,Career Development
526,Self Improvement
527,Presentation Skills
528,Art & Design
529,"15,898                  courses"
530,Music
531,Digital Media
532,Visual Arts
533,Design & Creativity
534,Browse all subjects
535,Home
536,/
537,The Report
538,Browse by subject
539,Computer Science
540,Psychology
541,Cybersecurity
542,Health
543,Law
544,Accounting
545,Web Development
546,Browse by provider
547,Coursera
548,edX
549,FutureLearn
550,Udacity
551,Swayam
552,Udemy
553,LinkedIn Learning
554,Browse by university
555,Harvard
556,Stanford
557,Georgia Tech
558,University of Michigan
559,Purdue University
560,Duke University
561,IIT Madras
562,Browse by institution
563,Google
564,Microsoft
565,IBM
566,Amazon
567,Linux Foundation
568,British Council
569,Salesforce
570,Rankings
571,Best Online Courses of All Time
572,Best Online Courses of the Year (2022 Edition)
573,Most Popular Courses of All Time
574,Most Popular Courses of the Year (2022 Edition)
575,250 Top FREE Coursera Courses of All Time
576,100 Top FREE edX Courses of All Time
577,250 Top Udemy Courses of All Time
578,The Report
579,by Class Central
580,RSS Feed
581,"The ""New Normal"" that Wasn't"
582,DDoS Attack on Class Central
583,500+ Online Degrees in India
584,Harvard's CS50 Free Certificate Guide
585,How Open University Works
586,Free Courses and Certificates
587,700+ Free Google Certificates
588,Free LinkedIn Learning Certificates
589,1600+ Free Coursera Courses
590,Ivy League Online Courses
591,175+ Free Writing Online Courses
592,About Class Central
593,"Class Central aggregates courses from many providers to help you find the best courses on almost any subject, wherever they exist."
594,The Report
595,"by Class Central, is your source for the latest news and trends in online education."
596,Facebook
597,Twitter
598,LinkedIn
599,YouTube
600,Class Central © 2011-2023
601,Privacy Policy
602,About Us
603,Join Us
604,Help Center
605,Contact Us
