,link scrapped text
0,700+ Free Certificates from Google!
1,View
2,Close
3,The Report by Class Central
4,Your source for the latest news and trends in online education.
5,Stay up to date
6,Class Central
7,Class Central
8,classcentral.com
9,Browse Courses
10,Search
11,Write a Review
12,About Class Central
13,News
14,Analysis
15,Features
16,Guides
17,Student Voices
18,Rankings
19,The Best Online Courses of All-Time
20,Best Online Courses of 2022
21,Best Online Courses of 2021
22,Best Online Courses of 2020
23,Best Online Courses of 2019
24,Best Online Courses of 2018
25,Best Online Courses of 2017
26,Best Online Courses of 2016
27,Best Online Courses of 2015
28,Year in Review
29,MOOC Roundup 2021
30,MOOC Roundup 2020
31,MOOC Roundup 2019
32,MOOC Roundup 2018
33,MOOC Roundup 2017
34,MOOC Roundup 2016
35,MOOC Roundup 2015
36,Providers
37,Coursera
38,EdX
39,Udacity
40,Futurelearn
41,Disclosure:
42,"Class Central is learner-supported. When you buy through links on our site, we may earn an affiliate commission."
43,Course Report
44,[2023] The 250 Most Popular Online Courses of All Time
45,The best way to choose a free Massive Open Online Course (MOOC) is to choose one that other people have taken and enjoyed.
46,Dhawal Shah
47,"Jan 10th, 2022"
48,Facebook
49,Twitter
50,Envelope
51,Url
52,11
53,The best way to choose a free
54,Massive Open Online Course
55,(MOOC) is to choose one that other people have taken and enjoyed.
56,Class Central has been maintaining a catalog of these MOOCs ever since they
57,rose to popularity
58,back in 2012. According to Class Central’s
59,2021 annual report on MOOCs
60,", 220M students have taken at least one course and over 950+ universities have launched 19,400+ courses."
61,"To help learners decide which course to take, Class Central publishes a number of different"
62,rankings
63,"for best online trainings, including the"
64,Best Online Courses
65,of all time based on the tens of thousands of reviews written by Class Central users.
66,"In this ranking, we take a different approach. Instead of ranking courses by reviews, we rank by the number of students who enrolled in the course. In some cases, the best online classes based on reviews are also the courses with the most enrollments. In other cases, courses with large enrollments only have average reviews. This suggests there are popular courses that Class Central’s reviews have missed."
67,"If you are looking for free certificates, check out some of our compilations:"
68,1000s of Courses with Free Certificates
69,LinkedIn Learning Courses with Free Certification
70,Most Popular Online Courses of All Time
71,"Here’s a quick summary of 250 most popular free online courses of all time, based on the number of enrollments:"
72,Enrollments range from 160K to 4.5 million. There are 15 courses with over 1 million enrollments.
73,"Together, they account for over 104 million enrollments, with an average of 416K enrollments."
74,"Interestingly, almost 40% of the courses are in the field of Business and Humanities."
75,Over 76K reviews have been written on Class Central with an average rating of 4.02.
76,"227 courses are in English, 19 are in Spanish and rest of them are in French, Dutch, and Portuguese."
77,All courses are free to audit. You may need to pay for a certificate.
78,"Combined, they represent thousands of hours of content."
79,Interest in MOOCs and online education has
80,never been greater
81,". If you’re looking for a new online course, take a look at these free courses that millions of students have already taken. Here are the 250 most popular online courses, sorted by number of enrollments:"
82,Machine Learning
83,from
84,Stanford University
85,★★★★★(378)
86,The Science of Well-Being
87,from
88,Yale University
89,★★★★★(26)
90,CS50’s Introduction to Computer Science
91,from
92,Harvard University
93,★★★★★(109)
94,Learning How to Learn: Powerful mental tools to help you master tough subjects
95,from
96,"University of California, San Diego"
97,"★★★★★(20,275)"
98,Programming for Everybody (Getting Started with Python)
99,from
100,University of Michigan
101,"★★★★★(33,837)"
102,English for Career Development
103,from
104,University of Pennsylvania
105,★★★★☆(24)
106,Introduction to Computer Science and Programming Using Python
107,from
108,Massachusetts Institute of Technology
109,★★★★☆(126)
110,COVID-19 Contact Tracing
111,from
112,Johns Hopkins University
113,★★★★★(12)
114,IELTS Academic Test Preparation
115,from
116,University of Queensland
117,★★★★★(4)
118,TOEFL® Test Preparation: The Insider’s Guide
119,from
120,ETS
121,★★★★★(6)
122,Successful Negotiation: Essential Strategies and Skills
123,from
124,University of Michigan
125,★★★★★(15)
126,First Step Korean
127,from
128,Yonsei University
129,★★★★★(125)
130,Financial Markets
131,from
132,Yale University
133,★★★★☆(36)
134,Chinese for Beginners
135,from
136,Peking University
137,★★★★☆(59)
138,Neural Networks and Deep Learning
139,from
140,deeplearning.ai
141,★★★★★(15)
142,Technical Support Fundamentals
143,from
144,Google
145,★★★★☆(10)
146,"Algorithms, Part I"
147,from
148,Princeton University
149,★★★★★(59)
150,Analyzing and Visualizing Data with Excel
151,from
152,Microsoft
153,★★★★☆(13)
154,Introduction to Psychology
155,from
156,Yale University
157,★★★★★(14)
158,"Speak English Professionally: In Person, Online & On the Phone"
159,from
160,Georgia Institute of Technology
161,★★★★☆(7)
162,Exploring English: Language and Culture
163,from
164,British Council
165,★★★★★(783)
166,Introduction to Linux
167,from
168,Linux Foundation
169,★★★★☆(37)
170,AI For Everyone
171,from
172,deeplearning.ai
173,★★★★★(6)
174,English Grammar and Style
175,from
176,University of Queensland
177,★★★★☆(33)
178,Basic English 1: Elementary
179,from
180,King’s College London
181,★★★★☆(7)
182,Entrepreneurship in Emerging Economies
183,from
184,Harvard University
185,★★★★★(10)
186,Data Science: R Basics
187,from
188,Harvard University
189,★★★★★(11)
190,The Data Scientist’s Toolbox
191,from
192,Johns Hopkins University
193,★★★☆☆(166)
194,"HTML, CSS, and Javascript for Web Developers"
195,from
196,Johns Hopkins University
197,★★★★★(21)
198,Excel Skills for Business: Essentials
199,from
200,Macquarie University
201,★★★★☆(7)
202,Stanford Introduction to Food and Health
203,from
204,Stanford University
205,★★★★☆(43)
206,Introduction to Data Science in Python
207,from
208,University of Michigan
209,★★☆☆☆(46)
210,Grammar and Punctuation
211,from
212,"University of California, Irvine"
213,★★★★☆(33)
214,Bitcoin and Cryptocurrency Technologies
215,from
216,Princeton University
217,★★★★☆(27)
218,English for the Workplace
219,from
220,British Council
221,★★★★★(1398)
222,"Foundations: Data, Data, Everywhere"
223,from
224,Google
225,★★★★★(1)
226,Google Cloud Fundamentals: Core Infrastructure
227,from
228,Google
229,★★★★☆(6)
230,Fundamentals of Graphic Design
231,from
232,California Institute of the Arts
233,★★★★☆(20)
234,Buddhism and Modern Psychology
235,from
236,Princeton University
237,★★★★★(29)
238,Introduction to Philosophy
239,from
240,University of Edinburgh
241,★★★★☆(74)
242,What is Data Science?
243,from
244,IBM
245,★★★★☆(4)
246,Marketing in a Digital World
247,from
248,University of Illinois at Urbana-Champaign
249,★★★★★(225)
250,The Science of Happiness
251,from
252,"University of California, Berkeley"
253,★★★★★(33)
254,Basic Spanish 1: Getting Started
255,from
256,Universitat Politècnica de València
257,★★★★☆(365)
258,Rhetoric: The Art of Persuasive Writing and Public Speaking
259,from
260,Harvard University
261,★★★★☆(5)
262,Contract Law: From Trust to Promise to Contract
263,from
264,Harvard University
265,★★★★★(13)
266,The Architectural Imagination
267,from
268,Harvard University
269,★★★★☆(12)
270,Justice
271,from
272,Harvard University
273,★★★★★(49)
274,Social Psychology
275,from
276,Wesleyan University
277,★★★★★(83)
278,Crash Course on Python
279,from
280,Google
281,"Fundamentals of Neuroscience, Part 1: The Electrical Properties of the Neuron"
282,from
283,Harvard University
284,★★★★★(20)
285,Programming for Everybody (Getting Started with Python)
286,from
287,University of Michigan
288,★★★★★(1)
289,"Programming Foundations with JavaScript, HTML and CSS"
290,from
291,Duke University
292,★★★★☆(12)
293,Finanzas personales
294,from
295,Universidad Nacional Autónoma de México
296,Python Basics for Data Science
297,from
298,IBM
299,★★☆☆☆(3)
300,Introduction to HTML5
301,from
302,University of Michigan
303,★★★★☆(48)
304,Indigenous Canada
305,from
306,University of Alberta
307,★★★★☆(9)
308,Child Nutrition and Cooking
309,from
310,Stanford University
311,★★★★☆(31)
312,A Life of Happiness and Fulfillment
313,from
314,Indian School of Business
315,★★★★★(503)
316,Introduction to Programming with MATLAB
317,from
318,Vanderbilt University
319,★★★★★(207)
320,Algorithmic Toolbox
321,from
322,"University of California, San Diego"
323,★★★★☆(23)
324,Primeros Auxilios Psicológicos (PAP)
325,from
326,Universitat Autònoma de Barcelona (Autonomous University of Barcelona)
327,★★★★★(1)
328,Psychological First Aid
329,from
330,Johns Hopkins University
331,★★★★☆(48)
332,Introduction to Negotiation: A Strategic Playbook for Becoming a Principled and Persuasive Negotiator
333,from
334,Yale University
335,★★★★★(13)
336,"Work Smarter, Not Harder: Time Management for Personal & Professional Productivity"
337,from
338,"University of California, Irvine"
339,★★★★☆(42)
340,Modern Art & Ideas
341,from
342,The Museum of Modern Art
343,★★★★★(5)
344,Foundations of Project Management
345,from
346,Google
347,★☆☆☆☆(1)
348,Introductory Human Physiology
349,from
350,Duke University
351,★★★★☆(29)
352,Introduction to Psychology
353,from
354,University of Toronto
355,★★★★★(26)
356,Introduction to Project Management
357,from
358,University of Adelaide
359,★★★★☆(6)
360,Mindfulness for Wellbeing and Peak Performance
361,from
362,Monash University
363,★★★★★(210)
364,Financial Engineering and Risk Management Part I
365,from
366,Columbia University
367,★★★★☆(13)
368,Basic English 2: Pre-Intermediate
369,from
370,King’s College London
371,★★★★★(6)
372,Mindshift: Break Through Obstacles to Learning and Discover Your Hidden Potential
373,from
374,McMaster University
375,★★★★★(6749)
376,Contabilidad para no contadores
377,from
378,Universidad Nacional Autónoma de México
379,Academic and Business Writing
380,from
381,"University of California, Berkeley"
382,★★★★☆(15)
383,Étudier en France: French Intermediate course B1-B2
384,from
385,École Polytechnique
386,★★★★★(4)
387,Start Writing Fiction
388,from
389,The Open University
390,★★★★☆(20)
391,Introduction to Mathematical Thinking
392,from
393,Stanford University
394,★★★★☆(52)
395,HTML5 and CSS Fundamentals
396,from
397,World Wide Web Consortium (W3C)
398,★★★★☆(6)
399,Initiating and Planning Projects
400,from
401,"University of California, Irvine"
402,★★★★☆(19)
403,Statistics and R
404,from
405,Harvard University
406,★★★★☆(20)
407,Game Theory
408,from
409,Stanford University
410,★★★★☆(34)
411,Excel: Fundamentos y herramientas
412,from
413,Universitat Politècnica de València
414,★★★★★(499)
415,Design Thinking for Innovation
416,from
417,University of Virginia
418,★★★★★(5)
419,SQL for Data Science
420,from
421,"University of California, Davis"
422,★★★★☆(4)
423,Competitive Strategy
424,from
425,Ludwig-Maximilians-Universität München
426,★★★★★(22)
427,How to Write an Essay
428,from
429,"University of California, Berkeley"
430,★★★★☆(26)
431,English for Business and Entrepreneurship
432,from
433,University of Pennsylvania
434,★★★★★(7)
435,A Beginner’s Guide to Writing in English for University Study
436,from
437,University of Reading
438,★★★★☆(22)
439,Machine Learning Foundations: A Case Study Approach
440,from
441,University of Washington
442,★★★★☆(40)
443,Cryptography I
444,from
445,Stanford University
446,★★★★★(53)
447,Introduction to Java Programming: Starting to code in Java
448,from
449,Universidad Carlos iii de Madrid
450,★★★★☆(7)
451,Mechanical Ventilation for COVID-19
452,from
453,Harvard University
454,★★★★★(24)
455,Gestión de proyectos de desarrollo
456,from
457,IDB (Inter-American Development Bank)
458,★★★★☆(2)
459,Learn to Speak Korean 1
460,from
461,Yonsei University
462,★★★★★(12)
463,English Composition I
464,from
465,Duke University
466,★★★☆☆(19)
467,Conversational English Skills | 生活英语听说
468,from
469,Tsinghua University
470,★★★★☆(12)
471,Introduction to C++
472,from
473,Microsoft
474,★★★★☆(7)
475,The Science of Everyday Thinking
476,from
477,University of Queensland
478,★★★★★(48)
479,Foundations of User Experience (UX) Design
480,from
481,Google
482,Build Your First Android App (Project-Centered Course)
483,from
484,École Centrale Paris
485,★★★★☆(5)
486,Mastering Data Analysis in Excel
487,from
488,Duke University
489,★★☆☆☆(26)
490,Teaching English Online
491,from
492,Cambridge English Language Assessment
493,★★★★★(2)
494,Introduction to Cyber Security
495,from
496,The Open University
497,★★★★☆(21)
498,Principles of Biochemistry
499,from
500,Harvard University
501,★★★★★(13)
502,Aprendiendo a aprender: Poderosas herramientas mentales con las que podrás dominar temas difíciles (Learning How to Learn)
503,from
504,"University of California, San Diego"
505,★★★★★(8)
506,Using Python for Research
507,from
508,Harvard University
509,★★★★☆(12)
510,Introduction to Marketing
511,from
512,University of Pennsylvania
513,★★★★☆(74)
514,Python for Data Science
515,from
516,"University of California, San Diego"
517,★★★★☆(47)
518,Data Science Math Skills
519,from
520,Duke University
521,★★★★☆(10)
522,Python Basics
523,from
524,University of Michigan
525,★★★★☆(1)
526,Marketing Analytics
527,from
528,University of Virginia
529,★★★★☆(12)
530,Writing in the Sciences
531,from
532,Stanford University
533,★★★★★(12)
534,Leaders of Learning
535,from
536,Harvard University
537,★★★★☆(19)
538,Science of Exercise
539,from
540,University of Colorado Boulder
541,★★★★★(4)
542,Introduction to Java Programming – Part 1
543,from
544,The Hong Kong University of Science and Technology
545,★★★☆☆(6)
546,Think Again I: How to Understand Arguments
547,from
548,Duke University
549,★★★★☆(11)
550,Vital Signs: Understanding What the Body Is Telling Us
551,from
552,University of Pennsylvania
553,★★★★★(51)
554,Introduction to Big Data
555,from
556,"University of California, San Diego"
557,★★★☆☆(35)
558,Guitar for Beginners
559,from
560,Berklee College of Music
561,★★★★★(21)
562,"Introduction to TensorFlow for Artificial Intelligence, Machine Learning, and Deep Learning"
563,from
564,deeplearning.ai
565,★★★★★(1)
566,Artificial Intelligence (AI)
567,from
568,Columbia University
569,★★★★☆(12)
570,Introduction to the Internet of Things and Embedded Systems
571,from
572,"University of California, Irvine"
573,★★★★☆(12)
574,How to Succeed at: Interviews
575,from
576,The University of Sheffield
577,★★★★★(424)
578,Positive Psychology
579,from
580,The University of North Carolina at Chapel Hill
581,★★★★☆(28)
582,Fundamentals of Music Theory
583,from
584,University of Edinburgh
585,★★★★☆(23)
586,Learn to Program: The Fundamentals
587,from
588,University of Toronto
589,★★★★★(109)
590,Camino a la Excelencia en Gestión de Proyectos
591,from
592,Pontificia Universidad Católica de Chile
593,The Strategy of Content Marketing
594,from
595,"University of California, Davis"
596,★★★★☆(8)
597,Mathematics for Machine Learning: Linear Algebra
598,from
599,Imperial College London
600,★★★☆☆(8)
601,Exploring English: Shakespeare
602,from
603,British Council
604,★★★★★(457)
605,Understanding Language: Learning and Teaching
606,from
607,University of Southampton
608,★★★★☆(7)
609,Fundamentos de Excel para Negocios
610,from
611,Universidad Austral
612,★★★★★(1)
613,How to Succeed at: Writing Applications
614,from
615,The University of Sheffield
616,★★★★★(401)
617,Italian Language and Culture: Beginner (2021-2022)
618,from
619,Wellesley College
620,★★★★☆(3)
621,Medical Neuroscience
622,from
623,Duke University
624,★★★★★(46)
625,Introduction to Dutch
626,from
627,University of Groningen
628,★★★★★(268)
629,Aprender
630,from
631,Universidad Nacional Autónoma de México
632,★★★★★(106)
633,Child Protection: Children’s Rights in Theory and Practice
634,from
635,Harvard University
636,★★★★★(4)
637,An Introduction to Screenwriting
638,from
639,University of East Anglia
640,★★★★★(4)
641,Supply Chain Fundamentals
642,from
643,Massachusetts Institute of Technology
644,★★★★★(14)
645,Introduction to User Experience Design
646,from
647,Georgia Institute of Technology
648,Front-End Web UI Frameworks and Tools: Bootstrap 4
649,from
650,The Hong Kong University of Science and Technology
651,Probability – The Science of Uncertainty and Data
652,from
653,Massachusetts Institute of Technology
654,★★★★★(32)
655,Basic Statistics
656,from
657,University of Amsterdam
658,★★★★☆(12)
659,Introduction to Personal Branding
660,from
661,University of Virginia
662,★★★★☆(15)
663,AWS Fundamentals: Going Cloud-Native
664,from
665,Amazon Web Services
666,★★★★☆(1)
667,"Algorithms, Part II"
668,from
669,Princeton University
670,★★★★★(21)
671,Learn to Program in Java
672,from
673,Microsoft
674,★★★★☆(5)
675,"Brand Management: Aligning Business, Brand and Behaviour"
676,from
677,University of London International Programmes
678,★★★★★(2)
679,Programming Basics
680,from
681,Indian Institute of Technology Bombay
682,★★★☆☆(18)
683,Querying Data with Transact-SQL
684,from
685,Microsoft
686,★★★★☆(4)
687,Introduction to Probability and Data with R
688,from
689,Duke University
690,★★★★☆(6)
691,Álgebra básica
692,from
693,Universidad Nacional Autónoma de México
694,Fundamentals of Project Planning and Management
695,from
696,University of Virginia
697,★★★★☆(28)
698,Google Cloud Big Data and Machine Learning Fundamentals
699,from
700,Google Cloud
701,★★★☆☆(3)
702,Understanding Research Methods
703,from
704,University of London International Programmes
705,★★★★☆(15)
706,Robótica
707,from
708,Universidad Nacional Autónoma de México
709,★★☆☆☆(2)
710,A Hands-on Introduction to Engineering Simulations
711,from
712,Cornell University
713,★★★★★(2)
714,Customer Analytics
715,from
716,University of Pennsylvania
717,★★★☆☆(16)
718,Food as Medicine
719,from
720,Monash University
721,★★★★★(114)
722,Code Yourself! An Introduction to Programming
723,from
724,University of Edinburgh
725,★★★★☆(12)
726,Introduction to Kubernetes
727,from
728,Linux Foundation
729,Viral Marketing and How to Craft Contagious Content
730,from
731,University of Pennsylvania
732,★★★★☆(27)
733,Becoming a Successful Leader (Inclusive Leadership Training)
734,English in Early Childhood: Language Learning and Development
735,from
736,British Council
737,★★★★★(1292)
738,"Cameras, Exposure, and Photography"
739,from
740,Michigan State University
741,★★★★☆(6)
742,Nutrition and Health: Macronutrients and Overnutrition
743,from
744,Wageningen University
745,★★★★★(283)
746,How Things Work: An Introduction to Physics
747,from
748,University of Virginia
749,★★★★★(28)
750,Digital Skills: Digital Marketing
751,from
752,Accenture
753,★★★★☆(5)
754,Python Programming: A Concise Introduction
755,from
756,Wesleyan University
757,★★★★☆(6)
758,Understanding the Brain: The Neurobiology of Everyday Life
759,from
760,The University of Chicago
761,★★★★★(28)
762,"C++ For C Programmers, Part A"
763,from
764,"University of California, Santa Cruz"
765,★★★☆☆(26)
766,Cómo hacer una tesis
767,from
768,Universidad Nacional Autónoma de México
769,★★★★☆(1)
770,Introduction to Google SEO
771,from
772,"University of California, Davis"
773,★★★★☆(5)
774,Gestión Empresarial Exitosa para Pymes
775,from
776,Pontificia Universidad Católica de Chile
777,Creative Problem Solving
778,from
779,University of Minnesota
780,★★★☆☆(19)
781,Introduction to Data Analysis Using Excel
782,from
783,Rice University
784,★★★☆☆(2)
785,Statistical Thinking for Data Science and Analytics
786,from
787,Columbia University
788,★★☆☆☆(19)
789,Introduction to Classical Music
790,from
791,Yale University
792,★★★★★(26)
793,Introduction to Engineering Mechanics
794,from
795,Georgia Institute of Technology
796,★★★★★(168)
797,Inglés básico: conversacional y networking
798,from
799,Universidad Anáhuac
800,★★★★★(48)
801,Introduction to Public Speaking
802,from
803,University of Washington
804,★★★★☆(14)
805,Begin Programming: Build Your First Mobile Game
806,from
807,University of Reading
808,★★★★☆(8)
809,Creative Writing: The Craft of Plot
810,from
811,Wesleyan University
812,★★★★☆(17)
813,Computing in Python I: Fundamentals and Procedural Programming
814,from
815,Georgia Institute of Technology
816,★★★★★(203)
817,Buddhism Through Its Scriptures
818,from
819,Harvard University
820,★★★★☆(6)
821,De-Mystifying Mindfulness
822,from
823,Leiden University
824,★★★★★(92)
825,Introduction to Marketing
826,from
827,The University of British Columbia
828,★★★★★(6)
829,Tricky American English Pronunciation
830,from
831,"University of California, Irvine"
832,★★★★☆(15)
833,Creative Thinking: Techniques and Tools for Success
834,from
835,Imperial College London
836,★★★★★(14)
837,How to Learn Online
838,Logical and Critical Thinking
839,from
840,University Of Auckland
841,★★★★★(14)
842,Functional Programming Principles in Scala
843,from
844,École Polytechnique Fédérale de Lausanne
845,★★★★★(66)
846,Greek and Roman Mythology
847,from
848,University of Pennsylvania
849,★★★★★(21)
850,How to Write a Resume (Project-Centered Course)
851,from
852,State University of New York
853,★★★★☆(13)
854,Nutrición y obesidad: control de sobrepeso
855,from
856,Universidad Nacional Autónoma de México
857,★★★★★(1)
858,Forensic Psychology: Witness Investigation
859,from
860,The Open University
861,★★★★★(18)
862,Positive Psychiatry and Mental Health
863,from
864,The University of Sydney
865,★★★★★(22)
866,Management of Fashion and Luxury Companies
867,from
868,Università Bocconi
869,★★★★★(3)
870,An Introduction to Interactive Programming in Python (Part 1)
871,from
872,Rice University
873,★★★★★(3311)
874,Introducción a la programación en Python I: Aprendiendo a programar con Python
875,from
876,Pontificia Universidad Católica de Chile
877,★★★★★(2)
878,Cybersecurity Fundamentals
879,from
880,Rochester Institute of Technology
881,★★★★★(24)
882,Java for Android
883,from
884,Vanderbilt University
885,★☆☆☆☆(1)
886,Introducción a Data Science: Programación Estadística con R
887,from
888,Universidad Nacional Autónoma de México
889,★★★★☆(2)
890,Dog Emotion and Cognition
891,from
892,Duke University
893,★★★★☆(19)
894,"Divide and Conquer, Sorting and Searching, and Randomized Algorithms"
895,from
896,Stanford University
897,★★★★★(67)
898,Ser más creativos
899,from
900,Universidad Nacional Autónoma de México
901,★★★★☆(2)
902,Introduction to Cybersecurity Tools & Cyber Attacks
903,from
904,IBM
905,★★★☆☆(2)
906,Astronomy: Exploring Time and Space
907,from
908,University of Arizona
909,★★★★★(21)
910,Introduction to Web Development
911,from
912,"University of California, Davis"
913,★★★★☆(3)
914,Getting Started with AWS Machine Learning
915,from
916,Amazon Web Services
917,★★★★☆(12)
918,Introduction to Logic
919,from
920,Stanford University
921,★★★☆☆(20)
922,English for Journalism
923,from
924,University of Pennsylvania
925,★★★★☆(15)
926,A Crash Course in Data Science
927,from
928,Johns Hopkins University
929,★★★★☆(24)
930,Influencing People
931,from
932,University of Michigan
933,★★★★☆(7)
934,Introdução à Ciência da Computação com Python Parte 1
935,from
936,Universidade de São Paulo
937,★★★★★(1)
938,Introduction to Biology – The Secret of Life
939,from
940,Massachusetts Institute of Technology
941,★★★★★(109)
942,Computer Architecture
943,from
944,Princeton University
945,★★★★☆(6)
946,Introduction to Electronics
947,from
948,Georgia Institute of Technology
949,★★★★☆(6)
950,How To Create a Website in a Weekend! (Project-Centered Course)
951,from
952,State University of New York
953,★★★★☆(7)
954,Aprendendo a aprender: ferramentas mentais poderosas para ajudá-lo a dominar assuntos difíceis (em Português) [Learning How to Learn]
955,from
956,"University of California, San Diego"
957,★★★★☆(5)
958,Mind Control: Managing Your Mental Health During COVID-19
959,from
960,University of Toronto
961,★★★★☆(10)
962,Model Thinking
963,from
964,University of Michigan
965,★★★★★(66)
966,Moral Foundations of Politics
967,from
968,Yale University
969,★★★★☆(15)
970,"Responsive Website Basics: Code with HTML, CSS, and JavaScript"
971,from
972,University of London International Programmes
973,★★★★☆(26)
974,Epidemiology: The Basic Science of Public Health
975,from
976,The University of North Carolina at Chapel Hill
977,★★★★☆(28)
978,"Competencias digitales. Herramientas de ofimática (Microsoft Word, Excel, Power Point)"
979,from
980,Universitat Autònoma de Barcelona (Autonomous University of Barcelona)
981,★★★★★(3)
982,Spanish Vocabulary: Meeting People
983,from
984,"University of California, Davis"
985,★★★☆☆(1)
986,Introduction to the Biology of Cancer
987,from
988,Johns Hopkins University
989,★★★★☆(9)
990,"The Modern World, Part One: Global History from 1760 to 1910"
991,from
992,University of Virginia
993,★★★★★(25)
994,Supply Chain Logistics
995,from
996,Rutgers University
997,★★★★☆(5)
998,Introduction to Deep Learning
999,from
1000,Higher School of Economics
1001,★★★☆☆(3)
1002,Starting a Business 1: Vision and Opportunity
1003,from
1004,University of Leeds
1005,★★★★★(84)
1006,Cybersecurity and Its Ten Domains
1007,from
1008,University System of Georgia
1009,★★★☆☆(9)
1010,Bitcoin and Cryptocurrencies
1011,from
1012,"University of California, Berkeley"
1013,Business English: Networking
1014,from
1015,University of Washington
1016,★★★★★(1)
1017,Management and Leadership: Growing as a Manager
1018,from
1019,The Open University
1020,★★★★★(5)
1021,Human Anatomy: Musculoskeletal Cases
1022,from
1023,Harvard University
1024,★★★★★(8)
1025,Programming Fundamentals
1026,from
1027,Duke University
1028,The Addicted Brain
1029,from
1030,Emory University
1031,★★★★☆(24)
1032,Communication and Interpersonal Skills at Work
1033,from
1034,University of Leeds
1035,★★★★☆(6)
1036,English for Academic Study
1037,from
1038,Coventry University
1039,★★★★★(2)
1040,Database Management Essentials
1041,from
1042,University of Colorado System
1043,★★★★☆(5)
1044,Blockchain Basics
1045,from
1046,University at Buffalo
1047,★★☆☆☆(1)
1048,Perfect Tenses and Modals
1049,from
1050,"University of California, Irvine"
1051,★★★★★(6)
1052,Introduction to Social Media Marketing
1053,from
1054,Facebook
1055,Preparing to Manage Human Resources
1056,from
1057,University of Minnesota
1058,★★★★★(116)
1059,Miracles of Human Language: An Introduction to Linguistics
1060,from
1061,Leiden University
1062,★★★★★(80)
1063,"In addition to this, Class Central also publishes the 100 Most Popular Courses of all time for each year. For these rankings, we only look at courses launched in that year."
1064,The 100 Most Popular Free Online Courses (2022 Edition)
1065,The 100 Most Popular Free Online Courses (2021 Edition)
1066,The 100 Most Popular Free Online Courses (2020 Edition)
1067,Dhawal Shah
1068,"Dhawal is the CEO of Class Central, the most popular search engine and review site for online courses and MOOCs. He has completed over a dozen MOOCs and has written over 200 articles about the MOOC space, including contributions to TechCrunch, EdSurge, Quartz, and VentureBeat."
1069,More articles from Dhawal Shah
1070,Related
1071,250 Top FREE Coursera Courses of All Time
1072,[2023] 1600+ Coursera Courses That Are Still Completely Free
1073,"For a Limited Time, Coursera Offers Free Certificates for 115 Courses. Here is the Full List."
1074,The 100 Most Popular Courses During the Pandemic
1075,About Class Central
1076,"EMOOCs 2023 Conference (Potsdam, June 14-16): The call for papers is live!"
1077,AD
1078,Comments
1079,11
1080,Bani
1081,4/28/2020 at 8:10am
1082,"Thank you so much for sharing all the resources, really helpful and much appreciated."
1083,Reply
1084,Suhas
1085,4/28/2020 at 8:11pm
1086,Thank you for sharing information. It is  worth for teachers and students both. Even any person who is interested apart from his acedemic specialization can do it.
1087,Reply
1088,Dr.Suvarna Sukhadeo Gund
1089,4/29/2020 at 10:22am
1090,Thanks  for new  information .  मराठी माषेसाठी  असे कोसऀ आहेत का?  नसतील तर आपण यासाठी काय करू शकता?  यासाठी  मराठी भाषिक म्हणुन मी या कोसऀसाठी प्रयत्न करु शकते.?
1091,Thanks .
1092,Reply
1093,Muvaffak GÖZAYDIN
1094,5/27/2020 at 6:18am
1095,What is the meaning of numbers next to name within paranthesis .
1096,Reply
1097,Suparn Patra
1098,5/28/2020 at 10:06am
1099,It is the number of reviews that course has received at Class Central.
1100,Reply
1101,Lesa Taylor
1102,6/14/2020 at 5:07am
1103,"Good morning,"
1104,I see that you are specializing in ed-tech. I am a ed-tech 11 in Maine. I am looking for free courses while i am home this summer. My job at a Boy Scout camp was closed due to COVID 19. Is there any courses for ed-tech to be able to get CEU’S?
1105,Thank you
1106,Lesa
1107,Reply
1108,Suparn Patra
1109,7/17/2021 at 9:43pm
1110,"Hi Lesa,"
1111,You may use the search feature of Class Central (
1112,https://www.classcentral.com
1113,) to look for your required courses.
1114,You may also explore various collections at
1115,https://www.classcentral.com/collections
1116,Thanks
1117,Reply
1118,David Pérez Diego
1119,7/9/2020 at 12:07pm
1120,"Hello, is there an approximate number of enrollments (historically) for each course? Or some sort of average per year/starting period?"
1121,"Thanks for the hard work, amazing data."
1122,Reply
1123,Sally Mac
1124,1/12/2021 at 6:20pm
1125,Wow-this is great! T/you-Sally
1126,Reply
1127,Sandipan Debnath
1128,2/1/2022 at 12:08pm
1129,I really appreciate the efforts put in by the class central team.
1130,Just a request if it is possible to get the same list separated by subjects so that it becomes easy for us to find specific stream related most popular course.
1131,Reply
1132,Alexandros
1133,8/4/2022 at 3:41pm
1134,I’m finding this article and list a bit disappinting. I’ll share here what I didn’t like in the hope someone will find it helpful and/or I’ll see improvements in the future.
1135,"– The article starts saying that “The *best* way to choose a free Massive Open Online Course (MOOC) is to choose one that other people have taken and enjoyed”, and I think it’s wrong/misleading. 1) even the best courses start with 1 enrollment; 2) the interest of a person in a course and the impact such education will have on her life is not necessarily linked with how many other people have taken and even enjoyed the course; 3) maybe I’m missing something here but, is it enough to consider only how many people have enrolled? Shouldn’t we consider also how many have finished it?"
1136,"– The list is too long, incomplete, and disorganised: it’s not possible to filter the list by language, nor by topic; it’s not possible to see how many have enrolled. It’s also strange that some courses that made it to the most-popular courses list have only a handful of reviews… I’d even dare to say that reviews / stars maybe doing more harm than good to the industry: they are not reliable, and they may create positive/negative prejudice in other students. I’d say, NO REVIEWS, present what the course offers and how it compares to other similar ones! Feedback should be gathered with in-depth interviews to satisfied and disappointed students."
1137,Reply
1138,Leave a reply
1139,"Your email address will not be published. All comments go through moderation, so your comment won't display immediately."
1140,Comment
1141,Name
1142,(Required)
1143,Email
1144,(Required)
1145,Cancel
1146,Δ
1147,This site uses Akismet to reduce spam.
1148,Learn how your comment data is processed
1149,.
1150,Browse our catalog
1151,"Discover thousands of free online courses from top universities around the world like MIT, Stanford, and Harvard."
1152,Computer Science
1153,"8,326                  courses"
1154,Blockchain Development
1155,Operating Systems
1156,Computer Graphics
1157,Artificial Intelligence
1158,Algorithms and Data Structures
1159,Internet of Things
1160,Information Technology
1161,Human-Computer Interaction (HCI)
1162,Computer Networking
1163,Machine Learning
1164,DevOps
1165,Deep Learning
1166,Distributed Systems
1167,Cryptography
1168,Quantum Computing
1169,Business
1170,"19,402                  courses"
1171,Management & Leadership
1172,Finance
1173,Entrepreneurship
1174,Innovation
1175,Marketing
1176,Risk Management
1177,Operations Management
1178,Strategic Management
1179,Industry Specific
1180,Business Intelligence
1181,Corporate Social Responsibility
1182,Accounting
1183,Human Resources
1184,Project Management
1185,Sales
1186,Design Thinking
1187,Nonprofit Management
1188,Customer Service
1189,Business Software
1190,Humanities
1191,"5,052                  courses"
1192,History
1193,Literature
1194,Reading
1195,Language Learning
1196,Grammar & Writing
1197,Philosophy
1198,Religion
1199,Food
1200,Crisis Management
1201,ESL
1202,Culture
1203,Sports
1204,Library Science
1205,Journalism
1206,Ethics
1207,Linguistics
1208,Data Science
1209,"2,822                  courses"
1210,Bioinformatics
1211,Big Data
1212,Data Mining
1213,Data Analysis
1214,Data Visualization
1215,Jupyter Notebooks
1216,Personal Development
1217,"3,405                  courses"
1218,Resilience
1219,Communication Skills
1220,Career Development
1221,Self Improvement
1222,Presentation Skills
1223,Art & Design
1224,"15,898                  courses"
1225,Music
1226,Digital Media
1227,Visual Arts
1228,Design & Creativity
1229,Browse all subjects
1230,Home
1231,/
1232,The Report
1233,Browse by subject
1234,Computer Science
1235,Psychology
1236,Cybersecurity
1237,Health
1238,Law
1239,Accounting
1240,Web Development
1241,Browse by provider
1242,Coursera
1243,edX
1244,FutureLearn
1245,Udacity
1246,Swayam
1247,Udemy
1248,LinkedIn Learning
1249,Browse by university
1250,Harvard
1251,Stanford
1252,Georgia Tech
1253,University of Michigan
1254,Purdue University
1255,Duke University
1256,IIT Madras
1257,Browse by institution
1258,Google
1259,Microsoft
1260,IBM
1261,Amazon
1262,Linux Foundation
1263,British Council
1264,Salesforce
1265,Rankings
1266,Best Online Courses of All Time
1267,Best Online Courses of the Year (2022 Edition)
1268,Most Popular Courses of All Time
1269,Most Popular Courses of the Year (2022 Edition)
1270,250 Top FREE Coursera Courses of All Time
1271,100 Top FREE edX Courses of All Time
1272,250 Top Udemy Courses of All Time
1273,The Report
1274,by Class Central
1275,RSS Feed
1276,"The ""New Normal"" that Wasn't"
1277,DDoS Attack on Class Central
1278,500+ Online Degrees in India
1279,Harvard's CS50 Free Certificate Guide
1280,How Open University Works
1281,Free Courses and Certificates
1282,700+ Free Google Certificates
1283,Free LinkedIn Learning Certificates
1284,1600+ Free Coursera Courses
1285,Ivy League Online Courses
1286,175+ Free Writing Online Courses
1287,About Class Central
1288,"Class Central aggregates courses from many providers to help you find the best courses on almost any subject, wherever they exist."
1289,The Report
1290,"by Class Central, is your source for the latest news and trends in online education."
1291,Facebook
1292,Twitter
1293,LinkedIn
1294,YouTube
1295,Class Central © 2011-2023
1296,Privacy Policy
1297,About Us
1298,Join Us
1299,Help Center
1300,Contact Us
