,link scrapped text
0,The Report by Class Central
1,Your source for the latest news and trends in online education.
2,Stay up to date
3,Class Central
4,Class Central
5,classcentral.com
6,Browse Courses
7,Search
8,Write a Review
9,About Class Central
10,News
11,Analysis
12,Features
13,Guides
14,Student Voices
15,Rankings
16,The Best Online Courses of All-Time
17,Best Online Courses of 2022
18,Best Online Courses of 2021
19,Best Online Courses of 2020
20,Best Online Courses of 2019
21,Best Online Courses of 2018
22,Best Online Courses of 2017
23,Best Online Courses of 2016
24,Best Online Courses of 2015
25,Year in Review
26,MOOC Roundup 2021
27,MOOC Roundup 2020
28,MOOC Roundup 2019
29,MOOC Roundup 2018
30,MOOC Roundup 2017
31,MOOC Roundup 2016
32,MOOC Roundup 2015
33,Providers
34,Coursera
35,EdX
36,Udacity
37,Futurelearn
38,Disclosure:
39,"Class Central is learner-supported. When you buy through links on our site, we may earn an affiliate commission."
40,Course Report
41,25 Most Popular Online Courses Starting in February 2023
42,The 25 most popular free online university courses and MOOCs starting in February 2023.
43,Class Central Team
44,"Jan 19th, 2023"
45,Facebook
46,Twitter
47,Envelope
48,Url
49,0
50,Here are the 25 most popular free online university courses and
51,Massive Open Online Courses
52,"(MOOCs) starting in February 2023, based on"
53,Class Central
54,learners’ activity.
55,"If you don’t find what you’re after here, browse"
56,Class Central
57,’s extensive catalog of over 100K online courses via our
58,subjects page
59,", or have a look at our"
60,thematic collections
61,:
62,Massive List of Thousands of Free Certificates & Badges
63,1000+ Hours of Free LinkedIn Learning Courses with Free Certification
64,600+ Free Google Certifications
65,800+ Open University Free Certificates
66,Harvard Computer Science Courses with Free Certificate
67,You can find all our
68,free certificates articles here
69,.
70,Python Basics: Interacting with the Internet
71,"University of California, Davis via Coursera"
72,"Students will begin in Python by bridging between the basics of a programming language and interacting with the Internet in fun new ways. In technical terms, the parts of Python you’ll learn are arithmetic, variables, values, and modules. At a higher level, we’ll learn what an API is by playing with cat memes."
73,Planetary Health for Nurses
74,Yale University via Coursera
75,Nurses can play a central role in mitigating and adapting to current and future health threats from climate change. This course provides nurses with tailored information about climate change related stressors and how they impact the health of populations and communities around the world.
76,Investment Management
77,"Indian Institute of Technology, Kharagpur via Swayam"
78,"This course provides a broad overview of investment management, focusing on the application of finance theory to the issues faced by portfolio managers and investors in general."
79,Helping Families Avoid Negative Court Involvement Teach-Out
80,Johns Hopkins University via Coursera
81,"This course will teach learners how to understand when issues can become legal issues, encourage learners to recognize legal problems early, identify possible “legal soft spots” in their own situations, and act when issues are identified to avoid them escalating."
82,Basics of Mental Health & Clinical Psychiatry
83,"Indian Institute of Technology, Kharagpur via Swayam"
84,The main goal of this course is to provide an introductory exposure to nature of various psychiatric disorders as well as provide concept based learning to undergraduates in Healthcare sector.
85,Power and Foreign Policy in International Relations
86,O.P. Jindal Global University via Coursera
87,This course acquaints you with how power matters in the conduct of international relations and how it affects the strategies and tactics of a nation-state in dealing with other nation-states.
88,Intro to Managing Ethics in the Workplace & Marketplace
89,Northeastern University via Coursera
90,Are you seeking practical guidance for improved decision making in business situations involving critical ethical issues? This course is designed to help you.
91,Advanced Computational Techniques
92,"Indian Institute of Technology, Kharagpur via Swayam"
93,This course is designed as an introductory course on advanced topics on numerical methods for engineering and science students.
94,Constraint Programming
95,Université catholique de Louvain via edX
96,Learn the basics of constraint programming from the implementation of solvers to modeling techniques for solving concrete combinatorial problems such as routing and scheduling.
97,An Introduction to Data-Driven Supply Chain Resilience Management
98,RWTH Aachen University via edX
99,This course teaches the foundations of data-driven supply chain resilience management and prepares the students to lead the discussion on supply chain resilience within their company.
100,Question Reality: Mind
101,Dartmouth College via Coursera
102,"This course explores questions about mathematics, nature, perfection, logic, computers, simulations, and different perspectives on the nature of human consciousness. You will also be able to determine what free will means to you and your reality."
103,Python Essentials for MLOps
104,Duke University via Coursera
105,"Python Essentials for MLOps is a course designed to provide learners with the fundamental Python skills needed to succeed in an MLOps role. This course covers the basics of the Python programming language, including data types, functions, modules and testing techniques."
106,Intro to Strategic Management for Healthcare Organizations
107,Northeastern University via Coursera
108,"In this course, you will have an opportunity to explore general business strategy concepts as they relate to the healthcare industry. You will also examine how strategic decisions are made within organizations."
109,"SAP Implement, Monitor & QA Testing"
110,SAP via Coursera
111,"SAP Implement, Monitor and QA/Testing is the fifth course in the SAP Technology Consultant Professional Certificate program. You’ll learn how to collaborate with stakeholders and other SAP professionals for key phases in the SAP Implementation lifecycle."
112,The Science of Happiness and Wellbeing
113,"Indian Institute of Technology, Kharagpur via Swayam"
114,This tested and highly successful course from IIT Kharagpur’s Rekhi Centre of Excellence for the Science of Happiness is designed to take one step by step through the science as well as the discovery of the road to happiness.
115,Foundations of Culture and Communication
116,University of Queensland via edX
117,"This course will introduce you to the main concepts and theories in cross-cultural and intercultural communication. It focuses on diversity not only among cultures, but also within cultures and within our social interaction, both verbal and non-verbal."
118,Python Basics: Retrieving Online Data
119,"University of California, Davis via Coursera"
120,"In technical terms, the parts of Python you’ll learn are strings, lists, Booleans, errors, lists, and list manipulation. In the process you’ll use Python to automatically read Wikipedia and Twitter."
121,Introduction to 3D Modeling
122,University of Michigan via Coursera
123,"On this four-week practical course from the University of Michigan, you’ll not only learn how to use the Rhino software to create your 3D models, but you’ll also gain basic design skills to help bring your imagination to life."
124,Data Creation and Collection for Artificial Intelligence via Crowdsourcing
125,Delft University of Technology via edX
126,"Learn how crowdsourcing offers a viable means to leverage human intelligence at scale for data creation, enrichment and interpretation, demonstrating a great potential to improve both the performance of AI systems and their trustworthiness and increase the adoption of AI in general."
127,Sustainable Urban Regeneration
128,Università Bocconi via Coursera
129,"The course explores sustainable urban regeneration considering its contribution to sustainability through an integrated and multidisciplinary approach. This allows for planning, assessing, and evaluating urban regeneration processes and projects considering different stakeholders’ perspectives."
130,Benjamin Franklin and His World
131,University of Pennsylvania via Coursera
132,"We examine Franklin’s early life growing up in the American colonies, his professional career as a printer and scientist, and his role in the American Revolution and the founding the United States."
133,Question Reality: Matter
134,Dartmouth College via Coursera
135,"In this course, you will walk through a timeline of “the atom” from the Greeks through discoveries in the 1900s and learn how our understanding of matter and the atom affected our views on reality."
136,Software Development Practices
137,Meta via Coursera
138,"In this course, you will explore some of those processes and best practices in software development such as application lifecycle, infrastructure, testing, Agile/scrum development, how projects are estimated and tracked, as well as specialized tools."
139,Co-design for All: doing co-design in practice
140,Eindhoven University of Technology via Coursera
141,The Co-design for All course is a free online programme on how to put together a case study proposal using a co-design approach. It is aimed at anyone who is interested in learning about co-design methods and how to apply them in any real life scenario.
142,Bilingualism: A cognitive and psycholinguistic perspective
143,Indian Institute of Technology Guwahati via Swayam
144,"The course offers a comprehensive take on the phenomenon of Bilingualism. Bilingualism is a seemingly simple fact of today’s world, but this practice has implications beyond the realm of just communicative needs."
145,Class Central Team
146,More articles from Class Central Team
147,Related
148,25 Most Popular Online Courses Starting in January 2023
149,25 Most Popular Online Courses Starting in February 2022
150,40 Most Popular Online Courses Starting in July 2021
151,35 Most Popular Online Courses Starting in August 2021
152,About Class Central
153,"EMOOCs 2023 Conference (Potsdam, June 14-16): The call for papers is live!"
154,AD
155,Comments
156,0
157,Leave a reply
158,"Your email address will not be published. All comments go through moderation, so your comment won't display immediately."
159,Comment
160,Name
161,(Required)
162,Email
163,(Required)
164,Cancel
165,Δ
166,This site uses Akismet to reduce spam.
167,Learn how your comment data is processed
168,.
169,Browse our catalog
170,"Discover thousands of free online courses from top universities around the world like MIT, Stanford, and Harvard."
171,Computer Science
172,"8,326                  courses"
173,Blockchain Development
174,Operating Systems
175,Computer Graphics
176,Artificial Intelligence
177,Algorithms and Data Structures
178,Internet of Things
179,Information Technology
180,Human-Computer Interaction (HCI)
181,Computer Networking
182,Machine Learning
183,DevOps
184,Deep Learning
185,Distributed Systems
186,Cryptography
187,Quantum Computing
188,Business
189,"19,402                  courses"
190,Management & Leadership
191,Finance
192,Entrepreneurship
193,Innovation
194,Marketing
195,Risk Management
196,Operations Management
197,Strategic Management
198,Industry Specific
199,Business Intelligence
200,Corporate Social Responsibility
201,Accounting
202,Human Resources
203,Project Management
204,Sales
205,Design Thinking
206,Nonprofit Management
207,Customer Service
208,Business Software
209,Humanities
210,"5,052                  courses"
211,History
212,Literature
213,Reading
214,Language Learning
215,Grammar & Writing
216,Philosophy
217,Religion
218,Food
219,Crisis Management
220,ESL
221,Culture
222,Sports
223,Library Science
224,Journalism
225,Ethics
226,Linguistics
227,Data Science
228,"2,822                  courses"
229,Bioinformatics
230,Big Data
231,Data Mining
232,Data Analysis
233,Data Visualization
234,Jupyter Notebooks
235,Personal Development
236,"3,405                  courses"
237,Resilience
238,Communication Skills
239,Career Development
240,Self Improvement
241,Presentation Skills
242,Art & Design
243,"15,898                  courses"
244,Music
245,Digital Media
246,Visual Arts
247,Design & Creativity
248,Browse all subjects
249,Home
250,/
251,The Report
252,Browse by subject
253,Computer Science
254,Psychology
255,Cybersecurity
256,Health
257,Law
258,Accounting
259,Web Development
260,Browse by provider
261,Coursera
262,edX
263,FutureLearn
264,Udacity
265,Swayam
266,Udemy
267,LinkedIn Learning
268,Browse by university
269,Harvard
270,Stanford
271,Georgia Tech
272,University of Michigan
273,Purdue University
274,Duke University
275,IIT Madras
276,Browse by institution
277,Google
278,Microsoft
279,IBM
280,Amazon
281,Linux Foundation
282,British Council
283,Salesforce
284,Rankings
285,Best Online Courses of All Time
286,Best Online Courses of the Year (2022 Edition)
287,Most Popular Courses of All Time
288,Most Popular Courses of the Year (2022 Edition)
289,250 Top FREE Coursera Courses of All Time
290,100 Top FREE edX Courses of All Time
291,250 Top Udemy Courses of All Time
292,The Report
293,by Class Central
294,RSS Feed
295,"The ""New Normal"" that Wasn't"
296,DDoS Attack on Class Central
297,500+ Online Degrees in India
298,Harvard's CS50 Free Certificate Guide
299,How Open University Works
300,Free Courses and Certificates
301,700+ Free Google Certificates
302,Free LinkedIn Learning Certificates
303,1600+ Free Coursera Courses
304,Ivy League Online Courses
305,175+ Free Writing Online Courses
306,About Class Central
307,"Class Central aggregates courses from many providers to help you find the best courses on almost any subject, wherever they exist."
308,The Report
309,"by Class Central, is your source for the latest news and trends in online education."
310,Facebook
311,Twitter
312,LinkedIn
313,YouTube
314,Class Central © 2011-2023
315,Privacy Policy
316,About Us
317,Join Us
318,Help Center
319,Contact Us
