,link scrapped text
0,700+ Free Certificates from Google!
1,View
2,Close
3,The Report by Class Central
4,Your source for the latest news and trends in online education.
5,Stay up to date
6,Class Central
7,Class Central
8,classcentral.com
9,Browse Courses
10,Search
11,Write a Review
12,About Class Central
13,News
14,Analysis
15,Features
16,Guides
17,Student Voices
18,Rankings
19,The Best Online Courses of All-Time
20,Best Online Courses of 2022
21,Best Online Courses of 2021
22,Best Online Courses of 2020
23,Best Online Courses of 2019
24,Best Online Courses of 2018
25,Best Online Courses of 2017
26,Best Online Courses of 2016
27,Best Online Courses of 2015
28,Year in Review
29,MOOC Roundup 2021
30,MOOC Roundup 2020
31,MOOC Roundup 2019
32,MOOC Roundup 2018
33,MOOC Roundup 2017
34,MOOC Roundup 2016
35,MOOC Roundup 2015
36,Providers
37,Coursera
38,EdX
39,Udacity
40,Futurelearn
41,Disclosure:
42,"Class Central is learner-supported. When you buy through links on our site, we may earn an affiliate commission."
43,Course Report
44,The 100 Most Popular Free Online Courses (2021 Edition)
45,"This year, the ranking looks a bit different: almost one fifth of the courses are related to the pandemic."
46,Suparn Patra
47,"Nov 30th, 2020"
48,Facebook
49,Twitter
50,Envelope
51,Url
52,4
53,"It’s been nine years since a few Stanford professors decided to offer their courses online for free. These later became known as MOOCs, for"
54,Massive Open Online Courses
55,. And 2012 became the ‘
56,Year of the MOOC
57,’.
58,"Well, 2020 might be MOOCs’ next most consequential year. The COVID-19 pandemic has boosted learners’ interest in online education. MOOC providers, in particular, have seen a significant traffic influx, as previously"
59,covered by Class Central’s Report
60,.
61,The pandemic has also impacted the most popular list. Compared to last year’s
62,100 most popular courses
63,", the number of"
64,health and medicine online courses
65,has gone up.
66,"In fact, 18 courses in the ranking are directly related to COVID. The top course, with over 1 million enrollments, is Johns Hopkins’"
67,COVID-19 Contact Tracing
68,. It is followed by Harvard’s
69,Mechanical Ventilation for COVID-19
70,", with 300K enrollments."
71,"The courses at the bottom of the ranking hover around 15K enrollments. Combined, these 100 free online courses account for 6 million enrollments."
72,Certificates earned by Class Central’s study group
73,"We’re happy to see that the first course we took as a study group at Class Central, Macquarie’s"
74,Excel Fundamentals for Data Analysis
75,", also made the ranking. Read about"
76,our experience here
77,.
78,Methodology
79,"First, I went through Class Central’s database and made a list of all the courses that were offered for the first time ever in 2020. This was around 2800 courses."
80,"Then I wrote scrapers to collect enrollment numbers across four different providers: Coursera, edX, FutureLearn, and Swayam. They all show how many students are enrolled on their course pages."
81,"Combined, these providers have garnered over 11 million enrollments for courses launched in 2020. The 100 most popular courses account for over half of these enrollments."
82,Most Popular Free Online Courses
83,Below are the most popular free online courses launched in 2020 (sorted by popularity).
84,COVID-19 Contact Tracing
85,Johns Hopkins University via Coursera
86,"The COVID-19 crisis has created an unprecedented need for contact tracing across the country, requiring thousands of people to learn key skills quickly."
87,★★★★★ (
88,8 ratings
89,)
90,Mechanical Ventilation for COVID-19
91,Harvard University via edX
92,This course will provide licensed medical professionals with an understanding of mechanical ventilation so they can support the critical care team caring for patients receiving mechanical ventilation during the COVID-19 pandemic.
93,★★★★★ (
94,19 ratings
95,)
96,Understanding IELTS: Writing
97,British Council via FutureLearn
98,Find out what you need to know about the IELTS Writing test and learn techniques and strategies to improve your test performance.
99,★★★★★ (
100,437 ratings
101,)
102,CS50’s Introduction to Artificial Intelligence with Python
103,Harvard University via edX
104,Learn to use machine learning in Python in this introductory course on artificial intelligence.
105,★★★★★ (
106,1 rating
107,)
108,Crash Course on Python
109,Google via Coursera
110,This course is designed to teach you the foundations in order to write simple programs in Python using the most common structures.
111,How to Learn Online
112,via edX
113,Learn essential strategies for successful online learning
114,★★★★★ (
115,2 ratings
116,)
117,Science Matters: Let’s Talk About COVID-19
118,Imperial College London via Coursera
119,Welcome to this Science Matters on the Novel Coronavirus (COVID19) – a free course to learn about the science underpinning the outbreak response.
120,★★★★★ (
121,7 ratings
122,)
123,Mind Control: Managing Your Mental Health During COVID-19
124,University of Toronto via Coursera
125,Never in the history of humanity have so many people been feeling intense anxiety related to COVID-19 and the world it will leave in its wake.
126,★★★★★ (
127,6 ratings
128,)
129,Fighting COVID-19 with Epidemiology: A Johns Hopkins Teach-Out
130,Johns Hopkins University via Coursera
131,This free Teach-Out is for anyone who has been curious about how we identify and measure outbreaks like the COVID-19 epidemic and wants to understand the epidemiology of these infections.
132,★★★★★ (
133,4 ratings
134,)
135,Inglés básico: conversacional y networking
136,Universidad Anáhuac via edX
137,Cumple tu meta de aprender inglés básico para utilizarlo de forma estratégica en los negocios e incrementar tu éxito profesional.
138,★★★★★ (
139,42 ratings
140,)
141,COVID-19: Psychological First Aid
142,Public Health England via FutureLearn
143,Get psychological first aid (PFA) training and help people with different needs to cope with the emotional impact of COVID-19.
144,★★★★★ (
145,1 rating
146,)
147,"Excel/VBA for Creative Problem Solving, Part 1"
148,University of Colorado Boulder via Coursera
149,"“Excel/VBA for Creative Problem Solving, Part 1” is aimed at learners who are seeking to augment, expand, optimize, and increase the efficiency of their Excel spreadsheet skills by tapping into the powerful programming, automation, and customization capabilities available with Visual Basic for Applications (VBA)."
150,Finding Purpose and Meaning In Life: Living for What Matters Most
151,University of Michigan via Coursera
152,Welcome to Finding Purpose and Meaning in Life: Living for What Matters Most!
153,★★★★★ (
154,1 rating
155,)
156,How To Teach Online: Providing Continuity for Students
157,via FutureLearn
158,Explore online teaching with this practical course for educators designed in response to the COVID-19 pandemic.
159,★★★★★ (
160,12 ratings
161,)
162,Introduction to Git and GitHub
163,Google via Coursera
164,"In this course, you’ll learn how to keep track of the different versions of your code and configuration files using a popular version control system (VCS) called Git."
165,COVID-19: What You Need to Know (CME Eligible)
166,Osmosis University via Coursera
167,"COVID-19 is a global pandemic that has already resulted in hundreds of thousands of infections and thousands of deaths, with many more anticipated."
168,★★★★★ (
169,10 ratings
170,)
171,"Everyday Excel, Part 1"
172,University of Colorado Boulder via Coursera
173,"“Everyday Excel, Part 1” is aimed at learners who are seeking to learn Excel from the ground up."
174,Cloud Computing Basics (Cloud 101)
175,LearnQuest via Coursera
176,Welcome to Cloud Computing Basics (Cloud 101).
177,★★★☆☆ (
178,10 ratings
179,)
180,Inside IELTS: Preparing for the Test With the Experts
181,British Council via FutureLearn
182,Learn about the skills you need for IELTS Academic on this free course
183,Exercising Leadership: Foundational Principles
184,Harvard University via edX
185,Mobilize people to tackle tough problems and build the capacity to thrive through the dangers of change
186,Introduction to Business Management
187,King’s College London via FutureLearn
188,"Discover how to manage people, money and information, and gain confidence and insight into your own management style."
189,★★★★☆ (
190,2 ratings
191,)
192,Improve your IELTS Speaking score
193,Macquarie University via FutureLearn
194,Prepare for your IELTS Speaking test and achieve your dream score
195,Computer Programming for Everyone
196,University of Leeds via FutureLearn
197,Discover the art of computer programming and learn what code can do with the Institute of Coding and the University of Leeds.
198,★★☆☆☆ (
199,2 ratings
200,)
201,Natural Language Processing with Classification and Vector Spaces
202,deeplearning.ai via Coursera
203,"This is the Course 1 of the Natural Language Processing Specialization, offered by deeplearning.ai"
204,★★★★★ (
205,1 rating
206,)
207,Data Analytics for Decision Making: An Introduction to Using Excel
208,Bond University via FutureLearn
209,It’s not enough to gather information; to stand out you must know how to use data to improve real-life decisions.
210,★★★★★ (
211,1 rating
212,)
213,AI for Everyone: Master the Basics
214,IBM via edX
215,"Learn what Artificial Intelligence (AI) is by understanding its applications and key concepts including machine learning, deep learning and neural networks."
216,Primeros Auxilios Psicológicos (PAP). Edición especial COVID-19
217,Universitat Autònoma de Barcelona (Autonomous University of Barcelona) via Coursera
218,"Bienvenidos a esta edición especial, simplificada, del curso sobre Primeros Auxilios Psicológicos, impartido en castellano por la Unidad de Crisis de la Universidad Autónoma de Barcelona (UAB) desde el año 2015."
219,Introduction to Social Media Marketing
220,Facebook via Coursera
221,This course lays the foundation of social media marketing.
222,Japanese for beginners 1
223,Saint Petersburg State University via Coursera
224,"Japanese language has become extremely popular among learners in recent years, since it is the best way to explore one of the richest and most mysterious cultures of the modern East."
225,Introduction to Data Science
226,IBM via edX
227,Learn about the world of data science first-hand from real data scientists.
228,★☆☆☆☆ (
229,1 rating
230,)
231,Neurolinguistics
232,Saint Petersburg State University via Coursera
233,This course introduces the key principles and goals of modern neurolinguistics.
234,COVID-19 Critical Care: Understanding and Application
235,University of Edinburgh via FutureLearn
236,Learn the principles and practice of critical care to treat and care for critically ill patients during the COVID-19 pandemic.
237,★★★★☆ (
238,6 ratings
239,)
240,Learn to Code for the Web
241,University of Leeds via FutureLearn
242,"Ever wondered what’s behind your favourite websites and apps? Get to grips with the basics of coding in HTML, CSS and Java Script."
243,★★★★★ (
244,3 ratings
245,)
246,Understanding Medical Research: Your Facebook Friend is Wrong
247,Yale University via Coursera
248,How can you tell if the bold headlines seen on social media are truly touting the next big thing or if the article isn’t worth the paper it’s printed on?
249,★★★★★ (
250,1 rating
251,)
252,Measuring and Maximizing Impact of COVID-19 Contact Tracing
253,Johns Hopkins University via Coursera
254,"This course aims to provide managers and developers of contact tracing programs guidance on the most important indicators of performance of a contact tracing program, and a tool that can be used to project the likely impact of improvements in specific indicators."
255,★★★☆☆ (
256,2 ratings
257,)
258,Safeguarding Adults: Level 3 Training
259,Health Education England via FutureLearn
260,Learn how to ensure the successful safeguarding of adults with this training course from Health Education England.
261,Introduction to Mechanical Engineering Design and Manufacturing with Fusion 360
262,Autodesk via Coursera
263,"Design for manufacturing is the process of designing parts, components, or products with the understanding surrounding design requirements for a specific manufacturing method."
264,Basics of Computing and Programming
265,New York University (NYU) via edX
266,This is a self-paced course from NYU that provides an Introduction to Computing and Programming
267,★★★★☆ (
268,2 ratings
269,)
270,Write Your First Novel
271,Michigan State University via Coursera
272,Write your first novel.
273,COVID-19 Training for Healthcare Workers
274,Stanford University via Coursera
275,"COVID-19 is rapidly spreading across the globe and all providers must be prepared to recognize, stabilize and treat patients with novel coronavirus infection."
276,★★★★★ (
277,1 rating
278,)
279,AI for Medical Diagnosis
280,deeplearning.ai via Coursera
281,AI is transforming the practice of medicine.
282,★★★★☆ (
283,1 rating
284,)
285,Project Management: Beyond the Basics
286,The Open University via FutureLearn
287,Build your existing project management knowledge and develop the skills to manage teams and deliver effective projects.
288,Web Application Technologies and Django
289,University of Michigan via Coursera
290,"In this course, you’ll explore the basic structure of a web application, and how a web browser interacts with a web server."
291,Writing and Editing: Word Choice and Word Order
292,University of Michigan via Coursera
293,This course will teach you how to use your written words to become more persuasive.
294,EmSAT English Preparation – Level 1
295,United Arab Emirates University via edX
296,"This Comprehension and Production course focuses on the pre-intermediate level and develops the learner’s reading, listening and study skills."
297,★★★★★ (
298,1 rating
299,)
300,Covid – 19: Ventilación mecánica para no intensivistas
301,The Pontificia Universidad Javeriana via edX
302,"Aborda aspectos relacionados con las medidas de protección y bioseguridad, intubación orotraqueal, ventilación mecánica, Síndrome de Dificultad Aguda Respiratoria en el marco de la contingencia actual mundial por el coronavirus."
303,Creating a Great User Experience for Mobile Apps
304,University of Leeds via FutureLearn
305,Discover the essentials of user experience and design and bring your product to life by building your own mobile app.
306,Resilience Skills in a Time of Uncertainty
307,University of Pennsylvania via Coursera
308,We are all facing different and difficult challenges as we confront the COVID-19 pandemic.
309,★★★★★ (
310,3 ratings
311,)
312,Quantitative Methods for Biology
313,Harvard University via edX
314,"Learn introductory programming and data analysis in MATLAB, with applications to biology and medicine."
315,The Path to Happiness: What Chinese Philosophy Teaches us about the Good Life
316,Harvard University via edX
317,"Why should we care about Confucius? Explore ancient Chinese philosophy, ethics, and political theory to challenge your assumptions of what it means to be happy, live a meaningful life, and change the world."
318,★★★★☆ (
319,1 rating
320,)
321,Fundamentos de Ciberseguridad: un enfoque práctico
322,Inter-American Development Bank via edX
323,"Aprende a pensar como un hacker, pero actúa como un experto en ciberseguridad."
324,Essential Epidemiologic Tools for Public Health Practice
325,Johns Hopkins University via Coursera
326,"In order to make a difference in the health and well-being of a population, we must understand the burden of all problems and conditions that affect the population, as well as how well our efforts to mitigate these problems are actually working."
327,Overcoming Imposter Syndrome: Identify the Patterns Undermining Your Confidence
328,University of Southern Queensland via FutureLearn
329,"Explore what Imposter Syndrome is, what causes it and strategies you can use to overcome it."
330,Foundations of Modern Finance I
331,Massachusetts Institute of Technology via edX
332,A mathematically rigorous framework to understand financial markets delivered with data-driven insights from MIT professors.
333,COVID-19: Helping Young People Manage Low Mood and Depression
334,University of Reading via FutureLearn
335,Explore practical ways to help young people manage their mood and maintain healthy habits during the coronavirus pandemic.
336,★★★★★ (
337,1 rating
338,)
339,Teaching Young Learners Online
340,British Council via FutureLearn
341,"Work together to plan, create, and facilitate inclusive online learning that engages and inspires young people."
342,★★★★★ (
343,257 ratings
344,)
345,Revisão Sistemática e Meta-análise
346,Universidade Estadual de Campinas via Coursera
347,Este curso introduz um tipo de estudo conhecido por revisão sistemática.
348,Sustainable Building Design
349,Massachusetts Institute of Technology via edX
350,"Learn and explore key scientific principles, technologies, and analysis techniques for designing comfortable indoor environments while reducing energy use and associated climate change effects."
351,Excel Fundamentals for Data Analysis
352,Macquarie University via Coursera
353,"As data becomes the modern currency, so the ability to analyse the data quickly and accurately has become of paramount importance."
354,★★★★★ (
355,4 ratings
356,)
357,Managing COVID-19 in Primary Care
358,St. George’s University via FutureLearn
359,Get practical advice and support around how to respond to the Novel Coronavirus pandemic as a front-line healthcare professional.
360,★★★★★ (
361,1 rating
362,)
363,Python: Aprender a programar
364,Universitat Politècnica de València via edX
365,"Aprende a programar con Python desde cero. Comienza conociendo variables, bucles y funciones y llega a manejar ficheros de texto."
366,★★★★☆ (
367,61 ratings
368,)
369,Natural Language Processing with Probabilistic Models
370,deeplearning.ai via Coursera
371,"This is the Course 2 of the Natural Language Processing Specialization, offered by deeplearning.ai"
372,Introduction to Python
373,Moscow Institute of Physics and Technology via Coursera
374,"Python – простой, гибкий и невероятно популярный язык, который используется практически во всех областях современной разработки."
375,"‘Talk to me’: Managing Study, Stress, and Mental Health at University"
376,Curtin University via edX
377,"Develop a clearer understanding of what mental health is, and learn how best to recognise and respond to mental health concerns, such as negative thoughts and behaviours, in yourself and others."
378,Databases: Relational Databases and SQL
379,Stanford University via edX
380,"This course is one of five self-paced courses on the topic of Databases, originating as one of Stanford’s three inaugural massive open online courses released in the fall of 2011."
381,★★★★☆ (
382,2 ratings
383,)
384,El valor de la creatividad y la innovación: La Economía Naranja
385,Inter-American Development Bank via edX
386,"El primer curso en abordar la importancia de la creatividad, la innovación y la cultura como herramientas fundamentales para impulsar el desarrollo económico en América Latina."
387,Entrepreneurship: From Business Idea to Action
388,King’s College London via FutureLearn
389,"Improve your knowledge of entrepreneurship and discover how to plan, develop, nurture, and build a successful business."
390,English for Common Interactions in the Workplace: Basic Level
391,Pontificia Universidad Católica de Chile via Coursera
392,"In a professional environment, we’re often faced with the need to respond appropriately according to what the situation calls for, whether it be related to situations in daily life or the workplace."
393,"COVID-19: Psychological Impact, Wellbeing and Mental Health"
394,Maudsley Learning via FutureLearn
395,"Explore the impact of the coronavirus pandemic on wellbeing and mental health at an individual, group and societal level."
396,Write A Feature Length Screenplay For Film Or Television
397,Michigan State University via Coursera
398,Write a Full Length Feature Film Script.
399,COVID – 19: Abordaje inicial del paciente con infección por Covid-19
400,The Pontificia Universidad Javeriana via edX
401,Este curso en línea busca hacer una introducción de los principales aspectos relacionados con el Coronavirus COVID-19.
402,Managing Mental Health and Stress
403,Coventry University via FutureLearn
404,Supporting you to thrive at home during the coronavirus outbreak.
405,★★★☆☆ (
406,1 rating
407,)
408,Airway Matters
409,University College London via FutureLearn
410,"Explore key concepts underlying safe, multidisciplinary airway management."
411,Trading for Development in the Age of Global Value Chains – WDR 2020
412,Open Learning Campus – World Bank Group via edX
413,Global value chains (GVCs) now account for almost half of all international trade.
414,Introduction to Software Testing
415,University of Minnesota via Coursera
416,"After completing this course, you will have an understanding of the fundamental principles and processes of software testing."
417,★★★★★ (
418,1 rating
419,)
420,General Academic English|生活英语进阶
421,Tsinghua University via edX
422,Do you want to join in academic communication on international conferences and read academic papers? Join us on a journey in academic English!
423,Anxiety in Children and Young People during COVID-19
424,University of East Anglia via FutureLearn
425,Learn about anxiety and discover helpful strategies to support young people struggling with anxiety during the COVID-19 pandemic.
426,Gobierno Digital
427,Inter-American Development Bank via edX
428,"Todo lo que quieres saber sobre gobierno digital – qué es, por qué es importante y cómo promoverlo."
429,Critical Thinking
430,AICTE via Swayam
431,Introduction to Logic.
432,★★★★★ (
433,1 rating
434,)
435,Financial Decision Making
436,University System of Maryland via edX
437,Learn how corporate leaders make effective decisions to maximize profitability and achieve strategic organizational goals.
438,Basic Spanish 3: Getting there
439,Universitat Politècnica de València via edX
440,"Beginners course for learners of Spanish that focuses not only on language but also on cultural aspects, specifically designed for English speakers."
441,★★★★★ (
442,75 ratings
443,)
444,Digital Signal Processing 1: Basic Concepts and Algorithms
445,École Polytechnique Fédérale de Lausanne via Coursera
446,"Digital Signal Processing is the branch of engineering that, in the space of just a few decades, has enabled unprecedented levels of interpersonal communication and of on-demand entertainment."
447,★★★★★ (
448,1 rating
449,)
450,Japanese Books: From Manuscript to Print
451,Harvard University via edX
452,"This course expands the definition of the “book” to include scrolls and albums, focusing on the reading experience of a variety of formats in Japan."
453,★★★★☆ (
454,1 rating
455,)
456,The Science and Business of Biotechnology
457,Massachusetts Institute of Technology via edX
458,"Explore the latest scientific innovations in biotechnology, and novel business and financing models for commercializing them."
459,Vector Calculus for Engineers
460,The Hong Kong University of Science and Technology via Coursera
461,"This course is about vector calculus, and covers material that all engineers should know."
462,★★★★★ (
463,107 ratings
464,)
465,Introduction to Networking
466,New York University (NYU) via edX
467,This is a self-paced course from NYU that provides an Introduction to Networking
468,★★★★☆ (
469,4 ratings
470,)
471,Cómo Aprender Matemáticas – Para Estudiantes
472,Stanford University via edX
473,Cómo Aprender Matemáticas es una clase gratuita para estudiantes de todos los niveles de matemáticas.
474,Foundations of Mindfulness
475,Rice University via Coursera
476,"This course provides a broad overview of the fundamental concepts, principles, and practices of mindfulness."
477,Introducción al Office 365
478,Universitat Politècnica de València via edX
479,Aprende el funcionamiento básico de los componentes principales de Office 365 y optimiza tu tiempo utilizando el más adecuado para tus necesidades en cada momento.
480,★★★★★ (
481,39 ratings
482,)
483,Introduction to Anatomy: Learning the Anatomical Alphabet
484,Charles Sturt University via FutureLearn
485,Start your journey into the health sciences by discovering the fundamentals of human anatomy.
486,"Electrical, Optical & Magnetic Materials and Devices"
487,Massachusetts Institute of Technology via edX
488,"In 3.15x we will explore the electrical, optical, and magnetic properties of materials and learn how electronic devices are designed to exploit these properties."
489,Orientation to Educational Neuroscience
490,CQUniversity Australia via FutureLearn
491,"Education is being enhanced and changed by evidence-based findings, find out how to capitalise on these new opportunities."
492,Social Media Management
493,Facebook via Coursera
494,This course equips you with critical content creation and management skills.
495,Gestión del estrés y Mindfulness
496,Universidad Anáhuac via edX
497,Toma el control de tus emociones y aprende a disfrutar tu trabajo con este curso en línea.
498,Introduction to Web Development
499,Raspberry Pi Foundation via FutureLearn
500,"Discover web development and learn to build your own interactive websites using HTML, CSS, and JavaScript. Supported by Google."
501,Introduction to Web Accessibility
502,World Wide Web Consortium (W3C) via edX
503,"Get a strong foundation in digital accessibility to make your websites and apps work well for people with disabilities, meet international standards, and provide a better user experience for everyone."
504,Introduction to Content Design
505,Government Digital Service via FutureLearn
506,Discover the fundamentals of content design. Learn about user-centred content that’s easy for everyone to understand and access.
507,Bacterial Genomes: Antimicrobial Resistance in Bacterial Pathogens
508,Wellcome Genome Campus via FutureLearn
509,What’s antimicrobial resistance and how can we detect it? Explore the clinical relevance of AMR and the methods used to detect it.
510,★★★★☆ (
511,3 ratings
512,)
513,Consonants of American English Pronunciation
514,"University of California, Irvine via Coursera"
515,"In this first course of The Pronunciation of American English specialization, you will learn and practice all of the consonant sounds of American English, including some pairs of consonants that are especially tricky."
516,Supporting and Engaging People with Autism
517,Swinburne University of Technology via FutureLearn
518,Solve practical issues in the lives of individuals who have autism.
519,Tags
520,MOOC Roundup 2020
521,Suparn Patra
522,Suparn developed an interest in MOOCs through a project he worked on during his MSc in Artificial Intelligence. He joined Class Central as a Full Stack Engineer.
523,More articles from Suparn Patra
524,Related
525,Class Central’s Best Online Courses of the Year (2021 Edition)
526,The 100 Most Popular Free Online Courses (2023 Edition)
527,The 100 Most Popular Courses During the Pandemic
528,Class Central’s Best Online Courses of All Time (2021 Edition)
529,About Class Central
530,"EMOOCs 2023 Conference (Potsdam, June 14-16): The call for papers is live!"
531,AD
532,Comments
533,4
534,Eric Hrahsel
535,12/1/2020 at 1:40am
536,Impressive list
537,Reply
538,bv lu
539,12/1/2020 at 9:15am
540,"very useful information of MOOCs.  Thanks for compiling this.  Suggest, please add more courses on HEALTH DATA MANAGEMENT and related."
541,Reply
542,Suparn Patra
543,1/16/2021 at 1:24am
544,You may checkout our other compiled lists:
545,–
546,https://www.classcentral.com/report/udemy-top-courses/
547,–
548,https://www.classcentral.com/report/best-free-online-courses-2021/
549,–
550,https://www.classcentral.com/report/most-popular-january-2021/
551,Reply
552,Khodja karim
553,12/3/2020 at 7:21am
554,Thanks for sharing this useful information
555,Reply
556,Leave a reply
557,"Your email address will not be published. All comments go through moderation, so your comment won't display immediately."
558,Comment
559,Name
560,(Required)
561,Email
562,(Required)
563,Cancel
564,Δ
565,This site uses Akismet to reduce spam.
566,Learn how your comment data is processed
567,.
568,Browse our catalog
569,"Discover thousands of free online courses from top universities around the world like MIT, Stanford, and Harvard."
570,Computer Science
571,"8,326                  courses"
572,Blockchain Development
573,Operating Systems
574,Computer Graphics
575,Artificial Intelligence
576,Algorithms and Data Structures
577,Internet of Things
578,Information Technology
579,Human-Computer Interaction (HCI)
580,Computer Networking
581,Machine Learning
582,DevOps
583,Deep Learning
584,Distributed Systems
585,Cryptography
586,Quantum Computing
587,Business
588,"19,402                  courses"
589,Management & Leadership
590,Finance
591,Entrepreneurship
592,Innovation
593,Marketing
594,Risk Management
595,Operations Management
596,Strategic Management
597,Industry Specific
598,Business Intelligence
599,Corporate Social Responsibility
600,Accounting
601,Human Resources
602,Project Management
603,Sales
604,Design Thinking
605,Nonprofit Management
606,Customer Service
607,Business Software
608,Humanities
609,"5,052                  courses"
610,History
611,Literature
612,Reading
613,Language Learning
614,Grammar & Writing
615,Philosophy
616,Religion
617,Food
618,Crisis Management
619,ESL
620,Culture
621,Sports
622,Library Science
623,Journalism
624,Ethics
625,Linguistics
626,Data Science
627,"2,822                  courses"
628,Bioinformatics
629,Big Data
630,Data Mining
631,Data Analysis
632,Data Visualization
633,Jupyter Notebooks
634,Personal Development
635,"3,405                  courses"
636,Resilience
637,Communication Skills
638,Career Development
639,Self Improvement
640,Presentation Skills
641,Art & Design
642,"15,898                  courses"
643,Music
644,Digital Media
645,Visual Arts
646,Design & Creativity
647,Browse all subjects
648,Home
649,/
650,The Report
651,Browse by subject
652,Computer Science
653,Psychology
654,Cybersecurity
655,Health
656,Law
657,Accounting
658,Web Development
659,Browse by provider
660,Coursera
661,edX
662,FutureLearn
663,Udacity
664,Swayam
665,Udemy
666,LinkedIn Learning
667,Browse by university
668,Harvard
669,Stanford
670,Georgia Tech
671,University of Michigan
672,Purdue University
673,Duke University
674,IIT Madras
675,Browse by institution
676,Google
677,Microsoft
678,IBM
679,Amazon
680,Linux Foundation
681,British Council
682,Salesforce
683,Rankings
684,Best Online Courses of All Time
685,Best Online Courses of the Year (2022 Edition)
686,Most Popular Courses of All Time
687,Most Popular Courses of the Year (2022 Edition)
688,250 Top FREE Coursera Courses of All Time
689,100 Top FREE edX Courses of All Time
690,250 Top Udemy Courses of All Time
691,The Report
692,by Class Central
693,RSS Feed
694,"The ""New Normal"" that Wasn't"
695,DDoS Attack on Class Central
696,500+ Online Degrees in India
697,Harvard's CS50 Free Certificate Guide
698,How Open University Works
699,Free Courses and Certificates
700,700+ Free Google Certificates
701,Free LinkedIn Learning Certificates
702,1600+ Free Coursera Courses
703,Ivy League Online Courses
704,175+ Free Writing Online Courses
705,About Class Central
706,"Class Central aggregates courses from many providers to help you find the best courses on almost any subject, wherever they exist."
707,The Report
708,"by Class Central, is your source for the latest news and trends in online education."
709,Facebook
710,Twitter
711,LinkedIn
712,YouTube
713,Class Central © 2011-2023
714,Privacy Policy
715,About Us
716,Join Us
717,Help Center
718,Contact Us
