,link scrapped text
0,700+ Free Certificates from Google!
1,View
2,Close
3,Class Central
4,Courses
5,Class Central
6,Rankings
7,Collections
8,Subjects
9,View all
10,Computer Science
11,Health & Medicine
12,Mathematics
13,Business
14,Humanities
15,Engineering
16,Science
17,Education & Teaching
18,Social Sciences
19,Art & Design
20,Data Science
21,Programming
22,Personal Development
23,Information Security (InfoSec)
24,View all Subjects
25,Universities
26,The Report
27,Courses from
28,1000+ universities
29,Rankings
30,Best Courses
31,Best of All Time
32,Best of the Year 2022
33,Best of the Year 2021
34,Most Popular Courses
35,Most Popular of All Time
36,Most Popular of the Year 2022
37,Most Popular of the Year 2021
38,Collections
39,Monthly Course Reports
40,Starting this Month
41,New Online Courses
42,Most Popular
43,Computer Science
44,Artificial Intelligence
45,Algorithms and Data Structures
46,Internet of Things
47,Information Technology
48,Computer Networking
49,Machine Learning
50,DevOps
51,Deep Learning
52,Cryptography
53,Quantum Computing
54,Human-Computer Interaction (HCI)
55,Distributed Systems
56,Blockchain Development
57,Operating Systems
58,Computer Graphics
59,View all Computer Science
60,Health & Medicine
61,Nutrition & Wellness
62,Disease & Disorders
63,Public Health
64,Health Care
65,Nursing
66,Anatomy
67,Veterinary Science
68,Continuing Medical Education (CME)
69,View all Health & Medicine
70,Mathematics
71,Statistics & Probability
72,Foundations of Mathematics
73,Calculus
74,Discrete Mathematics
75,Trigonometry
76,Geometry
77,Algebra
78,Precalculus
79,Number Theory
80,Combinatorics
81,Mathematical logic
82,Linear Programming
83,View all Mathematics
84,Business
85,Management & Leadership
86,Finance
87,Entrepreneurship
88,Marketing
89,Strategic Management
90,Industry Specific
91,Business Intelligence
92,Accounting
93,Human Resources
94,Project Management
95,Sales
96,Design Thinking
97,Business Software
98,Risk Management
99,Corporate Social Responsibility
100,Customer Service
101,Nonprofit Management
102,Innovation
103,Operations Management
104,View all Business
105,Humanities
106,History
107,Literature
108,Language Learning
109,Grammar & Writing
110,Philosophy
111,Religion
112,ESL
113,Culture
114,Sports
115,Journalism
116,Ethics
117,Linguistics
118,Food
119,Library Science
120,Reading
121,Crisis Management
122,View all Humanities
123,Engineering
124,Electrical Engineering
125,Mechanical Engineering
126,Civil Engineering
127,Robotics
128,Nanotechnology
129,GIS
130,Textiles
131,Manufacturing
132,BIM
133,CAD
134,Chemical Engineering
135,Energy Systems
136,Aerospace Engineering
137,View all Engineering
138,Science
139,Chemistry
140,Physics
141,Environmental Science
142,Astronomy
143,Biology
144,Agriculture
145,Materials Science
146,Earth Science
147,Applied Science
148,Forensic Science
149,View all Science
150,Education & Teaching
151,K12
152,Higher Education
153,STEM
154,Teacher Professional Development
155,Course Development
156,Online Education
157,Test Prep
158,Pedagogy
159,View all Education & Teaching
160,Social Sciences
161,Sociology
162,Economics
163,Psychology
164,Anthropology
165,Political Science
166,Law
167,Urban Planning
168,Human Rights
169,Sustainability
170,Governance
171,Archaeology
172,Social Work
173,View all Social Sciences
174,Art & Design
175,Music
176,Digital Media
177,Visual Arts
178,Design & Creativity
179,View all Art & Design
180,Data Science
181,Bioinformatics
182,Big Data
183,Data Mining
184,Data Analysis
185,Data Visualization
186,Jupyter Notebooks
187,View all Data Science
188,Programming
189,Mobile Development
190,Web Development
191,Databases
192,Game Development
193,Programming Languages
194,Software Development
195,Cloud Computing
196,View all Programming
197,Personal Development
198,Communication Skills
199,Career Development
200,Self Improvement
201,Presentation Skills
202,Resilience
203,View all Personal Development
204,Information Security (InfoSec)
205,Cybersecurity
206,Network Security
207,Ethical Hacking
208,Digital Forensics
209,Reverse Engineering
210,Penetration Testing
211,Malware Analysis
212,DevSecOps
213,OSINT (Open Source Intelligence)
214,Threat Intelligence
215,Information Security Certifications
216,Red Team
217,Blue Team
218,View all Information Security (InfoSec)
219,The Report
220,2022 Year in Review: The “New Normal” that Wasn’t
221,"The pandemic ushered in a “new normal” in online learning, but it culminated in layoffs and stock drops."
222,Dhawal Shah
223,"Jan 02, 2023"
224,Latest
225,"Review of Goldman Sachs 10,000 Women Courses"
226,10 Best Japanese Courses to Take in 2023
227,7 Best Erlang Courses to Take in 2023
228,Harvard CS50 Guide: How to Pick the Right Course (with Free Certificate)
229,10 Best CSS Animation Courses to Take in 2023
230,Visit
231,The Report
232,"DDoS Attack on Class Central: Mitigation, SEO Impact, and Costs"
233,Trending
234,Most common
235,python
236,project management
237,flutter
238,Popular subjects
239,Digital Skills
240,209 courses
241,Programming
242,"24,443 courses"
243,Information Technology (IT) Certifications
244,504 courses
245,Popular courses
246,The Science of Happiness
247,"University of California, Berkeley"
248,Introduction to Financial Accounting
249,University of Pennsylvania
250,Cryptography I
251,Stanford University
252,Organize and share your learning with Class Central Lists.
253,View our
254,Lists Showcase
255,Sign up
256,Log in
257,or
258,Sign up
259,Log in
260,Sign up
261,New Courses
262,These current and upcoming courses from 13 universities were added to Class Central’s database in January 2023
263,Share
264,123 courses
265,Related
266,Starting this Month
267,New Online Courses
268,Most Popular
269,Self Paced
270,Showing
271,123 courses
272,Filter
273,Sort by Relevancy
274,Relevancy
275,Highest rated
276,Lowest rated
277,Most recently added
278,Filter by
279,Clear All
280,Filters
281,With certificate
282,(2832)
283,Free course
284,(2435)
285,With free certificate
286,(31)
287,University course only
288,(90)
289,Level
290,Beginner
291,(3998)
292,Intermediate
293,(425)
294,Advanced
295,(57)
296,Duration
297,1-5 hours
298,(4098)
299,5-10 hours
300,(225)
301,10+ hours
302,(417)
303,Subject
304,Programming
305,(1127)
306,Business
307,(1081)
308,Art & Design
309,(410)
310,Computer Science
311,(289)
312,Personal Development
313,(280)
314,Humanities
315,(159)
316,Information Security (InfoSec)
317,(126)
318,Health & Medicine
319,(110)
320,Engineering
321,(100)
322,Education & Teaching
323,(79)
324,Data Science
325,(77)
326,Language
327,English
328,(4142)
329,Arabic
330,(64)
331,Bengali
332,(1)
333,Chinese
334,(6)
335,French
336,(27)
337,German
338,(26)
339,Hindi
340,(14)
341,Indonesian
342,(7)
343,Italian
344,(11)
345,Japanese
346,(71)
347,Korean
348,(6)
349,Marathi
350,(1)
351,Polish
352,(8)
353,Portuguese
354,(146)
355,Russian
356,(5)
357,Spanish
358,(389)
359,Turkish
360,(176)
361,Urdu
362,(6)
363,See all
364,Show 123 courses
365,Clear Filters
366,Gestion de projet Agile
367,"Il s’agit du cinquième cours du programme de Certification en gestion de projet Google. Ce cours explorera l’historique, l’approche et la philosophie de la gestion de projet Agile, notamment le cadre Scrum. Vous apprendrez à différencier et à combiner Ag…"
368,Add to list
369,Quick View
370,Coursera
371,"22 hours worth of material, 4 weeks long"
372,"11th Feb, 2023"
373,Free Online Course (Audit)
374,Diseño de Actividades con PhET para la Educación STEM
375,"PhET Interactive Simulations (https://phet.colorado.edu/es), un proyecto de la Universidad de Colorado Boulder, ofrece simulaciones científicas y matemáticas divertidas, gratuitas, interactivas y basadas en la investigación para su uso en la educación pr…"
376,Add to list
377,Quick View
378,Coursera
379,"22 hours worth of material, 3 weeks long"
380,"13th Feb, 2023"
381,Free Online Course (Audit)
382,Essential Google Cloud Infrastructure: Foundation - 简体中文
383,这门自助式速成课程向学员介绍 Google Cloud 提供的灵活全面的基础架构和平台服务，其中着重介绍了 Compute Engine。学员将通过一系列视频讲座、演示和动手实验，探索和部署各种解决方案元素，包括网络、虚拟机和应用服务等基础架构组件。您将学习如何通过控制台和 Cloud Shell 使用 Google Cloud。您还将了解云架构师角色、基础架构设计方法以及虚拟网络配置和虚拟私有云（VPC）、项目、网络、子网、IP 地址、路由及防火墙规则。
384,Add to list
385,Quick View
386,Coursera
387,"7-8 hours worth of material, 5 weeks long"
388,"13th Feb, 2023"
389,Free Online Course (Audit)
390,Architecting with Google Kubernetes Engine: Foundations 简体中文
391,"在本课程“Google Kubernetes Engine 架构设计：基础知识”中，您将了解 Google Cloud 的概况和原理，然后学习如何创建和管理软件容器，以及了解 Kubernetes 的架构。
 
 这是“Google Kubernetes Engine 架构设计”系列课程的第一门课程。完成本课程后，请报名参加“Google Kubernetes Engine 架构设计：工作负载”课程。"
392,Add to list
393,Quick View
394,Coursera
395,"8-9 hours worth of material, 4 weeks long"
396,"13th Feb, 2023"
397,Free Online Course (Audit)
398,Strategies for Planned Social Change with Jagdish Sheth
399,"Many social issues are within the realm of public policy and civil organizations (NGOS), but corporations can also enable and champion social change. The business of business is more than business. As more and more companies engage in corporate social re…"
400,Add to list
401,Quick View
402,Coursera
403,"5-6 hours worth of material, 2 weeks long"
404,"13th Feb, 2023"
405,Free Online Course (Audit)
406,Northeastern University
407,Intro to Improving the Patient Experience Through Analytics
408,"This course is best suited for individuals currently in the healthcare sector, as a provider, payer, or administrator. Individuals pursuing a career change to the healthcare sector may also be interested in this course. 

In this course, you will have an…"
409,Add to list
410,Quick View
411,Coursera
412,"20 hours worth of material, 4 weeks long"
413,"13th Feb, 2023"
414,Free Online Course (Audit)
415,Northeastern University
416,Intro to Managing Healthcare Supply Chain Operations
417,"This course is best suited for individuals currently in the healthcare sector, as a provider, payer, or administrator. Individuals pursuing a career change to the healthcare sector may also be interested in this course. 

In this course, you will have an…"
418,Add to list
419,Quick View
420,Coursera
421,"17 hours worth of material, 4 weeks long"
422,"13th Feb, 2023"
423,Free Online Course (Audit)
424,Customer Centricity as Competitive Advantage - Jagdish Sheth
425,"This course suggests why companies should be customer centric. Customer centricity provides a number of competitive advantages including revenue growth and cost reduction. The key concept is customer lifetime value (CLV) For example, a typical household…"
426,Add to list
427,Quick View
428,Coursera
429,"10 hours worth of material, 3 weeks long"
430,"13th Feb, 2023"
431,Free Online Course (Audit)
432,Managing Customer Expectations with Jagdish Sheth
433,"With growing age, income, and ethnic diversity, customer expectations are also becoming more diverse. Therefore, it is becoming difficult to satisfy all customers with growing but divergent expectations. This course, taught by Professor Jagdish Sheth, 20…"
434,Add to list
435,Quick View
436,Coursera
437,"7-8 hours worth of material, 2 weeks long"
438,"13th Feb, 2023"
439,Free Online Course (Audit)
440,How to Become a Trusted Advisor with Jagdish Sheth
441,"With the digitization of information, most expertise is now available online with search engines such as Google. Therefore, experts for hire for certified occupations such as law, medicine, and accounting are likely to be automated and commodified. As a…"
442,Add to list
443,Quick View
444,Coursera
445,"7-8 hours worth of material, 2 weeks long"
446,"13th Feb, 2023"
447,Free Online Course (Audit)
448,"Player  Evaluation, Team Performance and Roster Management"
449,"This course will provide students with an introduction to using specific data techniques to address key sports administrative functions in team and roster management.  The primary focus  is on the use of data analysis in player acquisition and retention,…"
450,Add to list
451,Quick View
452,Coursera
453,"16 hours worth of material, 5 weeks long"
454,"13th Feb, 2023"
455,Free Online Course (Audit)
456,Connected Leadership
457,"This course is designed to maximize your ability to create change at the individual, team and system levels. Through study, reflection, and deploying practical tools, you will establish a firm connection between your clearly articulated Purpose, effectiv…"
458,Add to list
459,Quick View
460,Coursera
461,"31 hours worth of material, 5 weeks long"
462,"13th Feb, 2023"
463,Free Online Course (Audit)
464,The Science of Well-Being for Teens
465,A recent survey found that 37% of teens say they have poor mental health. This 6-week course aims to curb this mental health crisis by bringing together the best insights from Dr. Laurie Santos’ popular Yale course Psychology and the Good Life. In this c…
466,Add to list
467,Quick View
468,Coursera
469,"12 hours worth of material, 6 weeks long"
470,"13th Feb, 2023"
471,Free Online Course (Audit)
472,Leiden University
473,"The Great Sustainability Transition: Global challenges, Local actions"
474,"Drastic shifts are needed.  Get the knowledge and skills to take local action.  

Setting the stage: Why do we care? 

Learn about sustainability and staying with the environmental boundaries of our planet. Understand the effects of growing affluence and…"
475,Add to list
476,Quick View
477,Coursera
478,"26 hours worth of material, 4 weeks long"
479,"13th Feb, 2023"
480,Free Online Course (Audit)
481,Administración ágil de proyectos
482,"En este curso identificarás cuáles son los elementos más importantes en la dirección de proyectos, en la planeación estratégica y cómo lo puedes vincular con el propósito, misión y visión para el logro de los objetivos organizacionales. También conocerás…"
483,Add to list
484,Quick View
485,Coursera
486,"8-9 hours worth of material, 3 weeks long"
487,"13th Feb, 2023"
488,Free Online Course (Audit)
489,Load more
490,Load the next 15 courses of 108
491,Home
492,Browse by subject
493,Computer Science
494,Psychology
495,Cybersecurity
496,Health
497,Law
498,Accounting
499,Web Development
500,Browse by provider
501,Coursera
502,edX
503,FutureLearn
504,Udacity
505,Swayam
506,Udemy
507,LinkedIn Learning
508,Browse by university
509,Harvard
510,Stanford
511,Georgia Tech
512,University of Michigan
513,Purdue University
514,Duke University
515,IIT Madras
516,Browse by institution
517,Google
518,Microsoft
519,IBM
520,Amazon
521,Linux Foundation
522,British Council
523,Salesforce
524,Rankings
525,Best Online Courses of All Time
526,Best Online Courses of the Year
527,Most Popular Courses of All Time
528,Most Popular Courses of the Year
529,250 Top FREE Coursera Courses of All Time
530,100 Top FREE edX Courses of All Time
531,250 Top Udemy Courses of All Time
532,The Report
533,by Class Central
534,RSS Feed
535,"The ""New Normal"" that Wasn't"
536,DDoS Attack on Class Central
537,500+ Online Degrees in India
538,Harvard's CS50 Free Certificate Guide
539,How Open University Works
540,Free Certificates & Courses
541,700+ Free Google Certificates
542,Free LinkedIn Learning Certificates
543,1600+ Free Coursera Courses
544,Ivy League Online Courses
545,175+ Free Writing Online Courses
546,About Class Central
547,"Class Central aggregates courses from many providers to help you find the best courses on almost any subject, wherever they exist."
548,Facebook
549,Twitter
550,LinkedIn
551,YouTube
552,Class Central © 2011-2023
553,Privacy Policy
554,About Us
555,Join Us
556,Help Center
557,Contact Us
558,Share
559,Facebook
560,Twitter
561,Email
562,Copy link
563,Never Stop Learning.
564,"Get personalized course recommendations, track subjects and courses with reminders, and more."
565,Sign up for free
