,link scrapped text
0,700+ Free Certificates from Google!
1,View
2,Close
3,Class Central
4,Courses
5,Class Central
6,Rankings
7,Collections
8,Subjects
9,View all
10,Computer Science
11,Health & Medicine
12,Mathematics
13,Business
14,Humanities
15,Engineering
16,Science
17,Education & Teaching
18,Social Sciences
19,Art & Design
20,Data Science
21,Programming
22,Personal Development
23,Information Security (InfoSec)
24,View all Subjects
25,Universities
26,The Report
27,Courses from
28,1000+ universities
29,Rankings
30,Best Courses
31,Best of All Time
32,Best of the Year 2022
33,Best of the Year 2021
34,Most Popular Courses
35,Most Popular of All Time
36,Most Popular of the Year 2022
37,Most Popular of the Year 2021
38,Collections
39,Monthly Course Reports
40,Starting this Month
41,New Online Courses
42,Most Popular
43,Computer Science
44,Artificial Intelligence
45,Algorithms and Data Structures
46,Internet of Things
47,Information Technology
48,Computer Networking
49,Machine Learning
50,DevOps
51,Deep Learning
52,Cryptography
53,Quantum Computing
54,Human-Computer Interaction (HCI)
55,Distributed Systems
56,Blockchain Development
57,Operating Systems
58,Computer Graphics
59,View all Computer Science
60,Health & Medicine
61,Nutrition & Wellness
62,Disease & Disorders
63,Public Health
64,Health Care
65,Nursing
66,Anatomy
67,Veterinary Science
68,Continuing Medical Education (CME)
69,View all Health & Medicine
70,Mathematics
71,Statistics & Probability
72,Foundations of Mathematics
73,Calculus
74,Discrete Mathematics
75,Trigonometry
76,Geometry
77,Algebra
78,Precalculus
79,Number Theory
80,Combinatorics
81,Mathematical logic
82,Linear Programming
83,View all Mathematics
84,Business
85,Management & Leadership
86,Finance
87,Entrepreneurship
88,Marketing
89,Strategic Management
90,Industry Specific
91,Business Intelligence
92,Accounting
93,Human Resources
94,Project Management
95,Sales
96,Design Thinking
97,Business Software
98,Risk Management
99,Corporate Social Responsibility
100,Customer Service
101,Nonprofit Management
102,Innovation
103,Operations Management
104,View all Business
105,Humanities
106,History
107,Literature
108,Language Learning
109,Grammar & Writing
110,Philosophy
111,Religion
112,ESL
113,Culture
114,Sports
115,Journalism
116,Ethics
117,Linguistics
118,Food
119,Library Science
120,Reading
121,Crisis Management
122,View all Humanities
123,Engineering
124,Electrical Engineering
125,Mechanical Engineering
126,Civil Engineering
127,Robotics
128,Nanotechnology
129,GIS
130,Textiles
131,Manufacturing
132,BIM
133,CAD
134,Chemical Engineering
135,Energy Systems
136,Aerospace Engineering
137,View all Engineering
138,Science
139,Chemistry
140,Physics
141,Environmental Science
142,Astronomy
143,Biology
144,Agriculture
145,Materials Science
146,Earth Science
147,Applied Science
148,Forensic Science
149,View all Science
150,Education & Teaching
151,K12
152,Higher Education
153,STEM
154,Teacher Professional Development
155,Course Development
156,Online Education
157,Test Prep
158,Pedagogy
159,View all Education & Teaching
160,Social Sciences
161,Sociology
162,Economics
163,Psychology
164,Anthropology
165,Political Science
166,Law
167,Urban Planning
168,Human Rights
169,Sustainability
170,Governance
171,Archaeology
172,Social Work
173,View all Social Sciences
174,Art & Design
175,Music
176,Digital Media
177,Visual Arts
178,Design & Creativity
179,View all Art & Design
180,Data Science
181,Bioinformatics
182,Big Data
183,Data Mining
184,Data Analysis
185,Data Visualization
186,Jupyter Notebooks
187,View all Data Science
188,Programming
189,Mobile Development
190,Web Development
191,Databases
192,Game Development
193,Programming Languages
194,Software Development
195,Cloud Computing
196,View all Programming
197,Personal Development
198,Communication Skills
199,Career Development
200,Self Improvement
201,Presentation Skills
202,Resilience
203,View all Personal Development
204,Information Security (InfoSec)
205,Cybersecurity
206,Network Security
207,Ethical Hacking
208,Digital Forensics
209,Reverse Engineering
210,Penetration Testing
211,Malware Analysis
212,DevSecOps
213,OSINT (Open Source Intelligence)
214,Threat Intelligence
215,Information Security Certifications
216,Red Team
217,Blue Team
218,View all Information Security (InfoSec)
219,The Report
220,2022 Year in Review: The “New Normal” that Wasn’t
221,"The pandemic ushered in a “new normal” in online learning, but it culminated in layoffs and stock drops."
222,Dhawal Shah
223,"Jan 02, 2023"
224,Latest
225,"Review of Goldman Sachs 10,000 Women Courses"
226,10 Best Japanese Courses to Take in 2023
227,7 Best Erlang Courses to Take in 2023
228,Harvard CS50 Guide: How to Pick the Right Course (with Free Certificate)
229,10 Best CSS Animation Courses to Take in 2023
230,Visit
231,The Report
232,"DDoS Attack on Class Central: Mitigation, SEO Impact, and Costs"
233,Trending
234,Most common
235,English
236,data science
237,javascript
238,Popular subjects
239,Digital Skills
240,209 courses
241,Programming
242,"24,443 courses"
243,Information Technology (IT) Certifications
244,504 courses
245,Popular courses
246,The Science of Happiness
247,"University of California, Berkeley"
248,Introduction to Financial Accounting
249,University of Pennsylvania
250,Cryptography I
251,Stanford University
252,Organize and share your learning with Class Central Lists.
253,View our
254,Lists Showcase
255,Sign up
256,Log in
257,or
258,Sign up
259,Log in
260,Sign up
261,Subjects
262,Mathematics
263,Number Theory
264,Free Online
265,Number Theory Courses
266,"Learn Number Theory, earn certificates with paid and free online courses from Higher School of Economics, The Open University, IIT Kanpur and other top universities around the world. Read reviews to decide if a class is right for you."
267,Follow
268,488
269,Share
270,14 courses
271,Showing
272,14 courses
273,Filter
274,Sort by Relevancy
275,Relevancy
276,Highest rated
277,Lowest rated
278,Most recently added
279,Filter by
280,Clear All
281,Filters
282,With certificate
283,(7)
284,Free course
285,(12)
286,With free certificate
287,(2)
288,University course only
289,(6)
290,Level
291,Beginner
292,(3)
293,Intermediate
294,(2)
295,Advanced
296,(1)
297,Duration
298,1-5 hours
299,(4)
300,5-10 hours
301,(1)
302,10+ hours
303,(6)
304,Language
305,English
306,(14)
307,Show 14 courses
308,Clear Filters
309,UC San Diego
310,;
311,Higher School of Economics
312,Number Theory and Cryptography
313,538 ratings at Coursera
314,"We all learn numbers from the childhood. Some of us like to count, others hate it, but any person uses numbers everyday to buy things, pay for services, estimated time and necessary resources. People have been wondering about numbers’ properties for thou…"
315,Add to list
316,Quick View
317,Coursera
318,"17 hours worth of material, 4 weeks long"
319,"20th Feb, 2023"
320,Free Online Course (Audit)
321,blackpenredpen
322,Number Theory math for fun
323,Syllabus: The Legendary n^2+n+41 (why do we need math proofs?).An Easy Putnam Exam Problem!.Proving sqrt(2) is irrational by using the rational zero theorem.Sqrt(2) is irrational! (Classic Proof).Why do you rationalize the denominator? (here's my reason)…
324,Add to list
325,YouTube
326,14 hours worth of material
327,On-Demand
328,Free Online Course
329,Academic Lesson
330,Number theory Full Course [A to Z]
331,Syllabus: )   Introduction to number theory. )   The principle of mathematical induction. )   Basic representation theorem. )   The division algorithm. )   The divisibility. )   The euclidean algorithm. )   Linear Diophantine Equations. )   The fundament…
332,Add to list
333,YouTube
334,2-3 hours worth of material
335,On-Demand
336,Free Online Course
337,Number theory
338,1 review
339,This free course is an introduction to Number Theory. Section 1 provides a brief introduction to the kinds of problem that arise in Number Theory. Section 2 reviews and provides a more formal ...
340,Add to list
341,OpenLearn
342,16 hours worth of material
343,On-Demand
344,Free Certificate
345,Introduction to number theory
346,"This free course, Introduction to number theory, is a branch of mathematics concerned with the properties of integers. Section 1 introduces Euclid’s algorithm, which is used to find the HCF of two ..."
347,Add to list
348,OpenLearn
349,18 hours worth of material
350,On-Demand
351,Free Certificate
352,Number Theory
353,"Syllabus: Perfect Numbers, Mersenne Primes, Abundant Numbers & Deficient Numbers  ||  NUMBER THEORY. Number Theory: Wilson's Theorem. Number Theory: Euclidean Algorithm - An example. Number Theory: Fermat's Little Theorem. Number Theory: Diophantine Equa…"
354,Add to list
355,YouTube
356,Less than 1 hour of material
357,On-Demand
358,Free Online Course
359,MATH 455 - Number Theory
360,Syllabus: 0 Introduction.1 1 The Principle of Mathematical Induction.1 2 The Basis Representation Theorem.2 1 The Division Algorithm.2 2a Divisibility.2 2b The Euclidean Algorithm.2 3 Linear Diophantine Equations.2 4 The Fundamental Theorem of Arithmetic…
361,Add to list
362,YouTube
363,2-3 hours worth of material
364,On-Demand
365,Free Online Course
366,Number Theory - Maths Olympiads
367,Syllabus: #1-Number Theory-RMO and PRMO-Maths Olympiads by Mohit Tyagi. #2-Number Theory-RMO and PRMO-Maths Olympiads by Mohit Tyagi. #3-Number Theory-RMO and PRMO-Maths Olympiads by Mohit Tyagi. #4-Number Theory-RMO and PRMO-Maths Olympiads by Mohit Tya…
368,Add to list
369,YouTube
370,2-3 hours worth of material
371,On-Demand
372,Free Online Course
373,Number Theory v2
374,Syllabus: The foundation -- Number Theory 1. Mathematical Induction -- Number Theory 2. The division algorithm -- Number Theory 3. The Greatest Common Divisor -- Number Theory 4. The Euclidean Algorithm -- Number Theory 5. Primes and Composites -- Number…
375,Add to list
376,YouTube
377,16 hours worth of material
378,On-Demand
379,Free Online Course
380,Number Theory
381,"Explore the powers of divisibility, modular arithmetic, and infinity."
382,Add to list
383,Quick View
384,Brilliant
385,4 hours worth of material
386,On-Demand
387,Paid Course
388,Introduction to Number Theory
389,"Introduction to Number Theory is an introductory course designed for a wide audience that gives a general idea of some basic concepts and statements in the field. These include divisibility, primes, Euclidean algorithm, and linear representation of the g…"
390,Add to list
391,Quick View
392,Coursera
393,"32 hours worth of material, 12 weeks long"
394,"28th Feb, 2022"
395,Free Online Course (Audit)
396,IIT Kanpur
397,;
398,NPTEL
399,Computational Number Theory and Algebra
400,"Algebra plays an important role in both finding algorithms, and understanding the limitations of computation. This course will focus on some of the fundamental algebraic concepts that arise in computation, and the algebraic algorithms that have applicati…"
401,Add to list
402,Quick View
403,Swayam
404,12 weeks long
405,"24th Jul, 2022"
406,Free Online Course
407,IIT Bombay
408,;
409,NPTEL
410,A basic course in number theory
411,"This course intends to develop the basics of number theory touching upon many essential points such as the prime number theorem, quadratic reciprocity laws, Gauss&rsquo; theorem on the classification of binary quadratic forms, Brahmagupta-Pell equations,…"
412,Add to list
413,Quick View
414,Swayam
415,12 weeks long
416,"19th Jul, 2020"
417,Free Online Course
418,Master Number Theory 2020: The Secrets Of Numbers
419,266 ratings at Udemy
420,Learn The Secrets Of The Integers And Prime Numbers And Gain A New Perspective On Mathematics
421,Add to list
422,Quick View
423,Udemy
424,9 hours worth of material
425,On-Demand
426,Paid Course
427,Home
428,Browse by subject
429,Computer Science
430,Psychology
431,Cybersecurity
432,Health
433,Law
434,Accounting
435,Web Development
436,Browse by provider
437,Coursera
438,edX
439,FutureLearn
440,Udacity
441,Swayam
442,Udemy
443,LinkedIn Learning
444,Browse by university
445,Harvard
446,Stanford
447,Georgia Tech
448,University of Michigan
449,Purdue University
450,Duke University
451,IIT Madras
452,Browse by institution
453,Google
454,Microsoft
455,IBM
456,Amazon
457,Linux Foundation
458,British Council
459,Salesforce
460,Rankings
461,Best Online Courses of All Time
462,Best Online Courses of the Year
463,Most Popular Courses of All Time
464,Most Popular Courses of the Year
465,250 Top FREE Coursera Courses of All Time
466,100 Top FREE edX Courses of All Time
467,250 Top Udemy Courses of All Time
468,The Report
469,by Class Central
470,RSS Feed
471,"The ""New Normal"" that Wasn't"
472,DDoS Attack on Class Central
473,500+ Online Degrees in India
474,Harvard's CS50 Free Certificate Guide
475,How Open University Works
476,Free Certificates & Courses
477,700+ Free Google Certificates
478,Free LinkedIn Learning Certificates
479,1600+ Free Coursera Courses
480,Ivy League Online Courses
481,175+ Free Writing Online Courses
482,About Class Central
483,"Class Central aggregates courses from many providers to help you find the best courses on almost any subject, wherever they exist."
484,Facebook
485,Twitter
486,LinkedIn
487,YouTube
488,Class Central © 2011-2023
489,Privacy Policy
490,About Us
491,Join Us
492,Help Center
493,Contact Us
494,Share
495,Facebook
496,Twitter
497,Email
498,Copy link
499,Never Stop Learning.
500,"Get personalized course recommendations, track subjects and courses with reminders, and more."
501,Sign up for free
