,link scrapped text
0,700+ Free Certificates from Google!
1,View
2,Close
3,Class Central
4,Courses
5,Class Central
6,Rankings
7,Collections
8,Subjects
9,View all
10,Computer Science
11,Health & Medicine
12,Mathematics
13,Business
14,Humanities
15,Engineering
16,Science
17,Education & Teaching
18,Social Sciences
19,Art & Design
20,Data Science
21,Programming
22,Personal Development
23,Information Security (InfoSec)
24,View all Subjects
25,Universities
26,The Report
27,Courses from
28,1000+ universities
29,Rankings
30,Best Courses
31,Best of All Time
32,Best of the Year 2022
33,Best of the Year 2021
34,Most Popular Courses
35,Most Popular of All Time
36,Most Popular of the Year 2022
37,Most Popular of the Year 2021
38,Collections
39,Monthly Course Reports
40,Starting this Month
41,New Online Courses
42,Most Popular
43,Computer Science
44,Artificial Intelligence
45,Algorithms and Data Structures
46,Internet of Things
47,Information Technology
48,Computer Networking
49,Machine Learning
50,DevOps
51,Deep Learning
52,Cryptography
53,Quantum Computing
54,Human-Computer Interaction (HCI)
55,Distributed Systems
56,Blockchain Development
57,Operating Systems
58,Computer Graphics
59,View all Computer Science
60,Health & Medicine
61,Nutrition & Wellness
62,Disease & Disorders
63,Public Health
64,Health Care
65,Nursing
66,Anatomy
67,Veterinary Science
68,Continuing Medical Education (CME)
69,View all Health & Medicine
70,Mathematics
71,Statistics & Probability
72,Foundations of Mathematics
73,Calculus
74,Discrete Mathematics
75,Trigonometry
76,Geometry
77,Algebra
78,Precalculus
79,Number Theory
80,Combinatorics
81,Mathematical logic
82,Linear Programming
83,View all Mathematics
84,Business
85,Management & Leadership
86,Finance
87,Entrepreneurship
88,Marketing
89,Strategic Management
90,Industry Specific
91,Business Intelligence
92,Accounting
93,Human Resources
94,Project Management
95,Sales
96,Design Thinking
97,Business Software
98,Risk Management
99,Corporate Social Responsibility
100,Customer Service
101,Nonprofit Management
102,Innovation
103,Operations Management
104,View all Business
105,Humanities
106,History
107,Literature
108,Language Learning
109,Grammar & Writing
110,Philosophy
111,Religion
112,ESL
113,Culture
114,Sports
115,Journalism
116,Ethics
117,Linguistics
118,Food
119,Library Science
120,Reading
121,Crisis Management
122,View all Humanities
123,Engineering
124,Electrical Engineering
125,Mechanical Engineering
126,Civil Engineering
127,Robotics
128,Nanotechnology
129,GIS
130,Textiles
131,Manufacturing
132,BIM
133,CAD
134,Chemical Engineering
135,Energy Systems
136,Aerospace Engineering
137,View all Engineering
138,Science
139,Chemistry
140,Physics
141,Environmental Science
142,Astronomy
143,Biology
144,Agriculture
145,Materials Science
146,Earth Science
147,Applied Science
148,Forensic Science
149,View all Science
150,Education & Teaching
151,K12
152,Higher Education
153,STEM
154,Teacher Professional Development
155,Course Development
156,Online Education
157,Test Prep
158,Pedagogy
159,View all Education & Teaching
160,Social Sciences
161,Sociology
162,Economics
163,Psychology
164,Anthropology
165,Political Science
166,Law
167,Urban Planning
168,Human Rights
169,Sustainability
170,Governance
171,Archaeology
172,Social Work
173,View all Social Sciences
174,Art & Design
175,Music
176,Digital Media
177,Visual Arts
178,Design & Creativity
179,View all Art & Design
180,Data Science
181,Bioinformatics
182,Big Data
183,Data Mining
184,Data Analysis
185,Data Visualization
186,Jupyter Notebooks
187,View all Data Science
188,Programming
189,Mobile Development
190,Web Development
191,Databases
192,Game Development
193,Programming Languages
194,Software Development
195,Cloud Computing
196,View all Programming
197,Personal Development
198,Communication Skills
199,Career Development
200,Self Improvement
201,Presentation Skills
202,Resilience
203,View all Personal Development
204,Information Security (InfoSec)
205,Cybersecurity
206,Network Security
207,Ethical Hacking
208,Digital Forensics
209,Reverse Engineering
210,Penetration Testing
211,Malware Analysis
212,DevSecOps
213,OSINT (Open Source Intelligence)
214,Threat Intelligence
215,Information Security Certifications
216,Red Team
217,Blue Team
218,View all Information Security (InfoSec)
219,The Report
220,2022 Year in Review: The “New Normal” that Wasn’t
221,"The pandemic ushered in a “new normal” in online learning, but it culminated in layoffs and stock drops."
222,Dhawal Shah
223,"Jan 02, 2023"
224,Latest
225,"Review of Goldman Sachs 10,000 Women Courses"
226,10 Best Japanese Courses to Take in 2023
227,7 Best Erlang Courses to Take in 2023
228,Harvard CS50 Guide: How to Pick the Right Course (with Free Certificate)
229,10 Best CSS Animation Courses to Take in 2023
230,Visit
231,The Report
232,"DDoS Attack on Class Central: Mitigation, SEO Impact, and Costs"
233,Trending
234,Most common
235,digital marketing
236,c
237,psychology
238,Popular subjects
239,Digital Skills
240,209 courses
241,Programming
242,"24,443 courses"
243,Information Technology (IT) Certifications
244,504 courses
245,Popular courses
246,The Science of Happiness
247,"University of California, Berkeley"
248,Introduction to Financial Accounting
249,University of Pennsylvania
250,Cryptography I
251,Stanford University
252,Organize and share your learning with Class Central Lists.
253,View our
254,Lists Showcase
255,Sign up
256,Log in
257,or
258,Sign up
259,Log in
260,Sign up
261,Subjects
262,Health & Medicine
263,Nursing
264,Free Online
265,Nursing Courses
266,"Learn Nursing, earn certificates with free online courses from Stanford, Johns Hopkins, Yale, Columbia University and other top universities around the world. Read reviews to decide if a class is right for you."
267,Follow
268,59.7k
269,Share
270,111 courses
271,Related Subjects
272,Pharmacology Courses
273,Health Care Courses
274,Clinical Research Courses
275,First Aid Courses
276,Mental Health Courses
277,Test Prep Courses
278,Dentistry Courses
279,Public Health Courses
280,Showing
281,111 courses
282,Filter
283,Sort by Relevancy
284,Relevancy
285,Highest rated
286,Lowest rated
287,Most recently added
288,Filter by
289,Clear All
290,Filters
291,With certificate
292,(81)
293,Free course
294,(95)
295,With free certificate
296,(3)
297,University course only
298,(96)
299,Level
300,Beginner
301,(39)
302,Intermediate
303,(19)
304,Advanced
305,(4)
306,Duration
307,1-5 hours
308,(16)
309,5-10 hours
310,(14)
311,10+ hours
312,(69)
313,Language
314,English
315,(98)
316,French
317,(4)
318,Portuguese
319,(2)
320,Spanish
321,(2)
322,Thai
323,(4)
324,Turkish
325,(1)
326,Show 111 courses
327,Clear Filters
328,End of Life Care: Challenges and Innovation
329,145 reviews
330,Explore dying and palliative care practice around the world and evaluate new trends and ideas surrounding end of life care issues.
331,Add to list
332,Quick View
333,FutureLearn
334,"4 hours a week, 3 weeks long"
335,Self paced
336,Free Online Course (Audit)
337,Best of All Time
338,The University of North Carolina at Chapel Hill
339,Infection Prevention in Nursing Homes
340,9 reviews
341,Learn about the role of environment in disease transmission and how to implement standard and transmission-based precautions to prevent the spread of antibiotic resistant bacteria and other infections in your facility.
342,Add to list
343,Quick View
344,Coursera
345,"5-6 hours worth of material, 6 weeks long"
346,"13th Feb, 2023"
347,Free Online Course (Audit)
348,Designing for Sustainment: Keeping Improvement Work on Track (Patient Safety IV)
349,77 ratings at Coursera
350,"Keeping patient safety and quality improvement projects on track, on time, and on budget is critical to ensuring their success. In this course, students will be introduced and given the opportunity to apply a series of tools to guide and manage patient s…"
351,Add to list
352,Quick View
353,Coursera
354,"7-8 hours worth of material, 4 weeks long"
355,"13th Feb, 2023"
356,Free Online Course (Audit)
357,Measuring the Success of a Patient Safety or Quality Improvement Project (Patient Safety VI)
358,73 ratings at Coursera
359,"How will you know if your patient safety and quality project is meeting its objectives? Peter Drucker once said “What gets measured, gets managed.” In this course, students will learn why measurement is critical to quality improvement work. Equally impor…"
360,Add to list
361,Quick View
362,Coursera
363,"6-7 hours worth of material, 4 weeks long"
364,"13th Feb, 2023"
365,Free Online Course (Audit)
366,Implementing a Patient Safety or Quality Improvement Project (Patient Safety V)
367,65 ratings at Coursera
368,"Now that you’ve carefully planned your patient safety and quality improvement project, the real work can begin. This course will introduce students to the unique challenges encountered when implementing, maintaining, and expanding a patient safety and qu…"
369,Add to list
370,Quick View
371,Coursera
372,"9-10 hours worth of material, 4 weeks long"
373,"13th Feb, 2023"
374,Free Online Course (Audit)
375,Planetary Health for Nurses
376,Nurses can play a central role in mitigating and adapting to current and future health threats from climate change. This course provides nurses with tailored information about climate change related stressors and how they impact the health of populations…
377,Add to list
378,Quick View
379,Coursera
380,"18 hours worth of material, 9 weeks long"
381,"13th Feb, 2023"
382,Free Online Course (Audit)
383,Neuromuscular Monitoring Course
384,This CME activity is designed for all anesthesia care providers to learn more about residual neuromuscular blockade and neuromuscular monitoring.
385,Add to list
386,Quick View
387,edX
388,"1-2 hours a week, 1 week long"
389,Self paced
390,Free Online Course (Audit)
391,Essentials of Palliative Care
392,45 ratings at Coursera
393,"Palliative care can help ease suffering and improve wellbeing in people living with serious illnesses such as cancer. Palliative Care Always is an online, case-based course for health care practitioners who work in cancer care."
394,Add to list
395,Quick View
396,Coursera
397,"11 hours worth of material, 4 weeks long"
398,"6th Feb, 2023"
399,Free Online Course (Audit)
400,Symptom Management in Palliative Care
401,15 ratings at Coursera
402,"This course should be taken after the Essentials of Palliative Care course and continues building your primary palliative care skills – communication, psychosocial support and goals of care. You will learn how to screen, assess, and manage both physical…"
403,Add to list
404,Quick View
405,Coursera
406,"10 hours worth of material, 4 weeks long"
407,"6th Feb, 2023"
408,Free Online Course (Audit)
409,Supporting Families and Caregivers
410,15 ratings at Coursera
411,"This course takes a deep dive into the challenges families and friends of a patient with serious illness face and how you can care for and support them as a provider, social worker or family friend."
412,Add to list
413,Quick View
414,Coursera
415,"11 hours worth of material, 5 weeks long"
416,"6th Feb, 2023"
417,Free Online Course (Audit)
418,Transitions in Care from Survivorship to Hospice
419,12 ratings at Coursera
420,"This course should be taken after the Symptom Management course and continues building your primary palliative care skills – communication, psychosocial support, goals of care and symptom management. You will explore transitions in care such as survivors…"
421,Add to list
422,Quick View
423,Coursera
424,"10 hours worth of material, 4 weeks long"
425,"6th Feb, 2023"
426,Free Online Course (Audit)
427,Palliative Care Always Capstone Course
428,10 ratings at Coursera
429,"The Palliative Care Always Capstone course is designed to let you test your knowledge about palliative and help others understand the value of palliative care, while showing your creative side. In this course, you will impact community awareness about pa…"
430,Add to list
431,Quick View
432,Coursera
433,"13 hours worth of material, 5 weeks long"
434,"6th Feb, 2023"
435,Free Online Course (Audit)
436,Preventative Healthcare for the Newborn Baby
437,551 ratings at Coursera
438,"In this course, you will learn some medical interventions and skills to keep newborns healthy in the days and weeks after they have been born."
439,Add to list
440,Quick View
441,Coursera
442,"15 hours worth of material, 5 weeks long"
443,"13th Feb, 2023"
444,Free Online Course (Audit)
445,Knowledge and Skills for Dementia Care: the SSLD Approach
446,72 ratings at Coursera
447,"This course aims to inform learners about dementia and dementia care from an SSLD perspective, including, community care, in-home support, and long-term care."
448,Add to list
449,Quick View
450,Coursera
451,"29 hours worth of material, 7 weeks long"
452,"20th Feb, 2023"
453,Free Online Course (Audit)
454,Palliative Care Capstone Projects
455,29 ratings at Coursera
456,In the Capstone Course you have the opportunity to put what you have been learning about in the Palliative Care Specialization into practice. Our team has created five activities that directly relate to what you have been learning in the course. You will…
457,Add to list
458,Quick View
459,Coursera
460,"24 hours worth of material, 5 weeks long"
461,"20th Feb, 2023"
462,Free Online Course (Audit)
463,Load more
464,Load the next 15 courses of 96
465,Home
466,Browse by subject
467,Computer Science
468,Psychology
469,Cybersecurity
470,Health
471,Law
472,Accounting
473,Web Development
474,Browse by provider
475,Coursera
476,edX
477,FutureLearn
478,Udacity
479,Swayam
480,Udemy
481,LinkedIn Learning
482,Browse by university
483,Harvard
484,Stanford
485,Georgia Tech
486,University of Michigan
487,Purdue University
488,Duke University
489,IIT Madras
490,Browse by institution
491,Google
492,Microsoft
493,IBM
494,Amazon
495,Linux Foundation
496,British Council
497,Salesforce
498,Rankings
499,Best Online Courses of All Time
500,Best Online Courses of the Year
501,Most Popular Courses of All Time
502,Most Popular Courses of the Year
503,250 Top FREE Coursera Courses of All Time
504,100 Top FREE edX Courses of All Time
505,250 Top Udemy Courses of All Time
506,The Report
507,by Class Central
508,RSS Feed
509,"The ""New Normal"" that Wasn't"
510,DDoS Attack on Class Central
511,500+ Online Degrees in India
512,Harvard's CS50 Free Certificate Guide
513,How Open University Works
514,Free Certificates & Courses
515,700+ Free Google Certificates
516,Free LinkedIn Learning Certificates
517,1600+ Free Coursera Courses
518,Ivy League Online Courses
519,175+ Free Writing Online Courses
520,About Class Central
521,"Class Central aggregates courses from many providers to help you find the best courses on almost any subject, wherever they exist."
522,Facebook
523,Twitter
524,LinkedIn
525,YouTube
526,Class Central © 2011-2023
527,Privacy Policy
528,About Us
529,Join Us
530,Help Center
531,Contact Us
532,Share
533,Facebook
534,Twitter
535,Email
536,Copy link
537,Never Stop Learning.
538,"Get personalized course recommendations, track subjects and courses with reminders, and more."
539,Sign up for free
