,link scrapped text
0,700+ Free Certificates from Google!
1,View
2,Close
3,Class Central
4,Courses
5,Class Central
6,Rankings
7,Collections
8,Subjects
9,View all
10,Computer Science
11,Health & Medicine
12,Mathematics
13,Business
14,Humanities
15,Engineering
16,Science
17,Education & Teaching
18,Social Sciences
19,Art & Design
20,Data Science
21,Programming
22,Personal Development
23,Information Security (InfoSec)
24,View all Subjects
25,Universities
26,The Report
27,Courses from
28,1000+ universities
29,Rankings
30,Best Courses
31,Best of All Time
32,Best of the Year 2022
33,Best of the Year 2021
34,Most Popular Courses
35,Most Popular of All Time
36,Most Popular of the Year 2022
37,Most Popular of the Year 2021
38,Collections
39,Monthly Course Reports
40,Starting this Month
41,New Online Courses
42,Most Popular
43,Computer Science
44,Artificial Intelligence
45,Algorithms and Data Structures
46,Internet of Things
47,Information Technology
48,Computer Networking
49,Machine Learning
50,DevOps
51,Deep Learning
52,Cryptography
53,Quantum Computing
54,Human-Computer Interaction (HCI)
55,Distributed Systems
56,Blockchain Development
57,Operating Systems
58,Computer Graphics
59,View all Computer Science
60,Health & Medicine
61,Nutrition & Wellness
62,Disease & Disorders
63,Public Health
64,Health Care
65,Nursing
66,Anatomy
67,Veterinary Science
68,Continuing Medical Education (CME)
69,View all Health & Medicine
70,Mathematics
71,Statistics & Probability
72,Foundations of Mathematics
73,Calculus
74,Discrete Mathematics
75,Trigonometry
76,Geometry
77,Algebra
78,Precalculus
79,Number Theory
80,Combinatorics
81,Mathematical logic
82,Linear Programming
83,View all Mathematics
84,Business
85,Management & Leadership
86,Finance
87,Entrepreneurship
88,Marketing
89,Strategic Management
90,Industry Specific
91,Business Intelligence
92,Accounting
93,Human Resources
94,Project Management
95,Sales
96,Design Thinking
97,Business Software
98,Risk Management
99,Corporate Social Responsibility
100,Customer Service
101,Nonprofit Management
102,Innovation
103,Operations Management
104,View all Business
105,Humanities
106,History
107,Literature
108,Language Learning
109,Grammar & Writing
110,Philosophy
111,Religion
112,ESL
113,Culture
114,Sports
115,Journalism
116,Ethics
117,Linguistics
118,Food
119,Library Science
120,Reading
121,Crisis Management
122,View all Humanities
123,Engineering
124,Electrical Engineering
125,Mechanical Engineering
126,Civil Engineering
127,Robotics
128,Nanotechnology
129,GIS
130,Textiles
131,Manufacturing
132,BIM
133,CAD
134,Chemical Engineering
135,Energy Systems
136,Aerospace Engineering
137,View all Engineering
138,Science
139,Chemistry
140,Physics
141,Environmental Science
142,Astronomy
143,Biology
144,Agriculture
145,Materials Science
146,Earth Science
147,Applied Science
148,Forensic Science
149,View all Science
150,Education & Teaching
151,K12
152,Higher Education
153,STEM
154,Teacher Professional Development
155,Course Development
156,Online Education
157,Test Prep
158,Pedagogy
159,View all Education & Teaching
160,Social Sciences
161,Sociology
162,Economics
163,Psychology
164,Anthropology
165,Political Science
166,Law
167,Urban Planning
168,Human Rights
169,Sustainability
170,Governance
171,Archaeology
172,Social Work
173,View all Social Sciences
174,Art & Design
175,Music
176,Digital Media
177,Visual Arts
178,Design & Creativity
179,View all Art & Design
180,Data Science
181,Bioinformatics
182,Big Data
183,Data Mining
184,Data Analysis
185,Data Visualization
186,Jupyter Notebooks
187,View all Data Science
188,Programming
189,Mobile Development
190,Web Development
191,Databases
192,Game Development
193,Programming Languages
194,Software Development
195,Cloud Computing
196,View all Programming
197,Personal Development
198,Communication Skills
199,Career Development
200,Self Improvement
201,Presentation Skills
202,Resilience
203,View all Personal Development
204,Information Security (InfoSec)
205,Cybersecurity
206,Network Security
207,Ethical Hacking
208,Digital Forensics
209,Reverse Engineering
210,Penetration Testing
211,Malware Analysis
212,DevSecOps
213,OSINT (Open Source Intelligence)
214,Threat Intelligence
215,Information Security Certifications
216,Red Team
217,Blue Team
218,View all Information Security (InfoSec)
219,The Report
220,2022 Year in Review: The “New Normal” that Wasn’t
221,"The pandemic ushered in a “new normal” in online learning, but it culminated in layoffs and stock drops."
222,Dhawal Shah
223,"Jan 02, 2023"
224,Latest
225,"Review of Goldman Sachs 10,000 Women Courses"
226,10 Best Japanese Courses to Take in 2023
227,7 Best Erlang Courses to Take in 2023
228,Harvard CS50 Guide: How to Pick the Right Course (with Free Certificate)
229,10 Best CSS Animation Courses to Take in 2023
230,Visit
231,The Report
232,"DDoS Attack on Class Central: Mitigation, SEO Impact, and Costs"
233,Trending
234,Most common
235,java
236,c
237,cyber security
238,Popular subjects
239,Digital Skills
240,209 courses
241,Programming
242,"24,443 courses"
243,Information Technology (IT) Certifications
244,504 courses
245,Popular courses
246,The Science of Happiness
247,"University of California, Berkeley"
248,Introduction to Financial Accounting
249,University of Pennsylvania
250,Cryptography I
251,Stanford University
252,Organize and share your learning with Class Central Lists.
253,View our
254,Lists Showcase
255,Sign up
256,Log in
257,or
258,Sign up
259,Log in
260,Sign up
261,Subjects
262,Health & Medicine
263,Nutrition & Wellness
264,Free Online
265,Nutrition & Wellness Courses
266,"Learn Nutrition & Wellness, earn certificates with free online courses from Stanford, University of Pennsylvania, University of Michigan, Johns Hopkins and other top universities around the world. Read reviews to decide if a class is right for you."
267,Follow
268,208.9k
269,Share
270,967 courses
271,Related Subjects
272,Fitness Courses
273,Mindfulness Courses
274,Food Courses
275,Self Improvement Courses
276,Public Health Courses
277,Yoga Courses
278,Sports Courses
279,Coaching Courses
280,Showing
281,967 courses
282,Filter
283,Sort by Relevancy
284,Relevancy
285,Highest rated
286,Lowest rated
287,Most recently added
288,Filter by
289,Clear All
290,Filters
291,With certificate
292,(714)
293,Free course
294,(455)
295,With free certificate
296,(30)
297,University course only
298,(331)
299,Level
300,Beginner
301,(567)
302,Intermediate
303,(61)
304,Advanced
305,(12)
306,Duration
307,1-5 hours
308,(431)
309,5-10 hours
310,(146)
311,10+ hours
312,(271)
313,Language
314,English
315,(837)
316,Arabic
317,(4)
318,Chinese
319,(6)
320,French
321,(19)
322,German
323,(3)
324,Gujarati
325,(1)
326,Hindi
327,(10)
328,Indonesian
329,(1)
330,Japanese
331,(3)
332,Portuguese
333,(6)
334,Russian
335,(4)
336,Spanish
337,(61)
338,Thai
339,(7)
340,Turkish
341,(5)
342,See all
343,Show 967 courses
344,Clear Filters
345,"Nutrition, Exercise and Sports"
346,1097 reviews
347,"Learn about Nutrition, Exercise and Sports and understand how nutrition can support exercise and sports performance."
348,Add to list
349,Quick View
350,edX
351,"4-8 hours a week, 6 weeks long"
352,Self paced
353,Free Online Course (Audit)
354,Best of All Time
355,Nutrition and Health: Micronutrients and Malnutrition
356,205 reviews
357,"Learn from the top professors of Wageningen University &amp; Research about malnutrition and micronutrients and how they impact your health. This online course is offered as a MOOC, and is part of the Professional Certificate Pogramme: Nutrition and Heal…"
358,Add to list
359,Quick View
360,edX
361,"6-8 hours a week, 7 weeks long"
362,Self paced
363,Free Online Course (Audit)
364,Nutrition and Health: Macronutrients and Overnutrition
365,312 reviews
366,"Learn from the top professors of Wageningen University &amp; Research about macronutrients and overnutrition and how they impact humans. This online course is offered as a MOOC, and is part of the Professional Certificate Pogramme: Nutrition and Health."
367,Add to list
368,Quick View
369,edX
370,"6-8 hours a week, 9 weeks long"
371,Self paced
372,Free Online Course (Audit)
373,Nutrition and Health: Food Safety
374,165 reviews
375,"Learn about bacteria, pesticides and health hazards present in food. This online course is offered as a MOOC which means that you can study at your own pace, at your own time and anywhere you want."
376,Add to list
377,Quick View
378,edX
379,"6-8 hours a week, 8 weeks long"
380,Self paced
381,Free Online Course (Audit)
382,Monash University
383,Maintaining a Mindful Life
384,212 reviews
385,"Learn how to apply mindfulness techniques, so you can improve your communication, relationships and emotional health."
386,Add to list
387,Quick View
388,FutureLearn
389,"3 hours a week, 4 weeks long"
390,Self paced
391,Free Online Course (Audit)
392,Best of All Time
393,Monash University
394,Mindfulness for Wellbeing and Peak Performance
395,211 reviews
396,Learn mindfulness techniques to reduce stress and improve your wellbeing and work/study performance in this online course.
397,Add to list
398,Quick View
399,FutureLearn
400,"3 hours a week, 6 weeks long"
401,Self paced
402,Free Online Course (Audit)
403,Best of All Time
404,Newcastle University
405,;
406,The University of Sheffield
407,;
408,University of Liverpool
409,The Musculoskeletal System: The Science of Staying Active into Old Age
410,324 reviews
411,Demystify the ageing process and learn how our everyday behaviours are likely to affect our long-term musculoskeletal health.
412,Add to list
413,Quick View
414,FutureLearn
415,"3 hours a week, 3 weeks long"
416,Self paced
417,Free Online Course (Audit)
418,Best of All Time
419,Monash University
420,Food as Medicine
421,119 reviews
422,Explore the role of food in health. Apply nutrition science to guide you on using food as medicine for you and your family.
423,Add to list
424,Quick View
425,FutureLearn
426,"4 hours a week, 3 weeks long"
427,Self paced
428,Free Online Course (Audit)
429,Best of All Time
430,Leiden University
431,De-Mystifying Mindfulness
432,95 reviews
433,"But, what actually is mindfulness? Is it really good for you? Can anyone learn it? How can you recognize charlatans? Would you want to live in a mindful society, and would it smell like sandalwood? What does it feel like to be mindful? Are you mindful al…"
434,Add to list
435,Quick View
436,Coursera
437,"43 hours worth of material, 9 weeks long"
438,"27th Feb, 2023"
439,Free Online Course (Audit)
440,Best of All Time
441,Universidad Autónoma de Madrid
442,Introducción a la Regulación Emocional basada en Mindfulness
443,96 reviews
444,"Entrena la mente para traerla al momento presente, toma conciencia y gestiona un amplio espectro de emociones con amabilidad a través de la práctica de Mindfulness."
445,Add to list
446,Quick View
447,edX
448,"3-5 hours a week, 5 weeks long"
449,Self paced
450,Free Online Course (Audit)
451,Best of All Time
452,University of Cambridge
453,;
454,University of Groningen
455,Young People and Mental Health
456,78 reviews
457,"What are the most common mental health problems, what can you do about them and how do you improve your mental health?"
458,Add to list
459,Quick View
460,FutureLearn
461,"2 hours a week, 5 weeks long"
462,Self paced
463,Free Online Course (Audit)
464,Best of All Time
465,Vital Signs: Understanding What the Body Is Telling Us
466,51 reviews
467,"The course is designed for a broad, general audience but will be particularly interesting for individuals working in healthcare, those considering a career as a healthcare professional, lay caregivers, those with an interest in personal health and fitnes…"
468,Add to list
469,Quick View
470,Coursera
471,"14 hours worth of material, 6 weeks long"
472,"13th Feb, 2023"
473,Free Online Course (Audit)
474,Best of All Time
475,FlashDiet: Aprende a comer sano
476,89 reviews
477,En este curso aprenderás las bases de la nutrición humana y la alimentación sana como herramientas para llevar una vida saludable.
478,Add to list
479,Quick View
480,edX
481,"2-3 hours a week, 5 weeks long"
482,Self paced
483,Free Online Course (Audit)
484,RTMNU
485,;
486,CEC
487,Functional Foods And Nutraceuticals
488,70 reviews
489,"This online course deals with health promoting nutritional factors and bioactive constituents, their potential health implications and mechanisms of action."
490,Add to list
491,Quick View
492,Swayam
493,15 weeks long
494,"2nd Jan, 2023"
495,Free Online Course
496,Best of All Time
497,Stanford Introduction to Food and Health
498,46 reviews
499,"This course will shift the focus away from reductionist discussions about nutrients and move, instead, towards practical discussions about real food and the environment in which we consume it. By the end of this course, learners should have the tools the…"
500,Add to list
501,Quick View
502,Coursera
503,"6-7 hours worth of material, 5 weeks long"
504,"6th Mar, 2023"
505,Free Online Course (Audit)
506,Best of All Time
507,Load more
508,Load the next 15 courses of 952
509,Home
510,Browse by subject
511,Computer Science
512,Psychology
513,Cybersecurity
514,Health
515,Law
516,Accounting
517,Web Development
518,Browse by provider
519,Coursera
520,edX
521,FutureLearn
522,Udacity
523,Swayam
524,Udemy
525,LinkedIn Learning
526,Browse by university
527,Harvard
528,Stanford
529,Georgia Tech
530,University of Michigan
531,Purdue University
532,Duke University
533,IIT Madras
534,Browse by institution
535,Google
536,Microsoft
537,IBM
538,Amazon
539,Linux Foundation
540,British Council
541,Salesforce
542,Rankings
543,Best Online Courses of All Time
544,Best Online Courses of the Year
545,Most Popular Courses of All Time
546,Most Popular Courses of the Year
547,250 Top FREE Coursera Courses of All Time
548,100 Top FREE edX Courses of All Time
549,250 Top Udemy Courses of All Time
550,The Report
551,by Class Central
552,RSS Feed
553,"The ""New Normal"" that Wasn't"
554,DDoS Attack on Class Central
555,500+ Online Degrees in India
556,Harvard's CS50 Free Certificate Guide
557,How Open University Works
558,Free Certificates & Courses
559,700+ Free Google Certificates
560,Free LinkedIn Learning Certificates
561,1600+ Free Coursera Courses
562,Ivy League Online Courses
563,175+ Free Writing Online Courses
564,About Class Central
565,"Class Central aggregates courses from many providers to help you find the best courses on almost any subject, wherever they exist."
566,Facebook
567,Twitter
568,LinkedIn
569,YouTube
570,Class Central © 2011-2023
571,Privacy Policy
572,About Us
573,Join Us
574,Help Center
575,Contact Us
576,Share
577,Facebook
578,Twitter
579,Email
580,Copy link
581,Never Stop Learning.
582,"Get personalized course recommendations, track subjects and courses with reminders, and more."
583,Sign up for free
