,link scrapped text
0,700+ Free Certificates from Google!
1,View
2,Close
3,Class Central
4,Courses
5,Class Central
6,Rankings
7,Collections
8,Subjects
9,View all
10,Computer Science
11,Health & Medicine
12,Mathematics
13,Business
14,Humanities
15,Engineering
16,Science
17,Education & Teaching
18,Social Sciences
19,Art & Design
20,Data Science
21,Programming
22,Personal Development
23,Information Security (InfoSec)
24,View all Subjects
25,Universities
26,The Report
27,Courses from
28,1000+ universities
29,Rankings
30,Best Courses
31,Best of All Time
32,Best of the Year 2022
33,Best of the Year 2021
34,Most Popular Courses
35,Most Popular of All Time
36,Most Popular of the Year 2022
37,Most Popular of the Year 2021
38,Collections
39,Monthly Course Reports
40,Starting this Month
41,New Online Courses
42,Most Popular
43,Computer Science
44,Artificial Intelligence
45,Algorithms and Data Structures
46,Internet of Things
47,Information Technology
48,Computer Networking
49,Machine Learning
50,DevOps
51,Deep Learning
52,Cryptography
53,Quantum Computing
54,Human-Computer Interaction (HCI)
55,Distributed Systems
56,Blockchain Development
57,Operating Systems
58,Computer Graphics
59,View all Computer Science
60,Health & Medicine
61,Nutrition & Wellness
62,Disease & Disorders
63,Public Health
64,Health Care
65,Nursing
66,Anatomy
67,Veterinary Science
68,Continuing Medical Education (CME)
69,View all Health & Medicine
70,Mathematics
71,Statistics & Probability
72,Foundations of Mathematics
73,Calculus
74,Discrete Mathematics
75,Trigonometry
76,Geometry
77,Algebra
78,Precalculus
79,Number Theory
80,Combinatorics
81,Mathematical logic
82,Linear Programming
83,View all Mathematics
84,Business
85,Management & Leadership
86,Finance
87,Entrepreneurship
88,Marketing
89,Strategic Management
90,Industry Specific
91,Business Intelligence
92,Accounting
93,Human Resources
94,Project Management
95,Sales
96,Design Thinking
97,Business Software
98,Risk Management
99,Corporate Social Responsibility
100,Customer Service
101,Nonprofit Management
102,Innovation
103,Operations Management
104,View all Business
105,Humanities
106,History
107,Literature
108,Language Learning
109,Grammar & Writing
110,Philosophy
111,Religion
112,ESL
113,Culture
114,Sports
115,Journalism
116,Ethics
117,Linguistics
118,Food
119,Library Science
120,Reading
121,Crisis Management
122,View all Humanities
123,Engineering
124,Electrical Engineering
125,Mechanical Engineering
126,Civil Engineering
127,Robotics
128,Nanotechnology
129,GIS
130,Textiles
131,Manufacturing
132,BIM
133,CAD
134,Chemical Engineering
135,Energy Systems
136,Aerospace Engineering
137,View all Engineering
138,Science
139,Chemistry
140,Physics
141,Environmental Science
142,Astronomy
143,Biology
144,Agriculture
145,Materials Science
146,Earth Science
147,Applied Science
148,Forensic Science
149,View all Science
150,Education & Teaching
151,K12
152,Higher Education
153,STEM
154,Teacher Professional Development
155,Course Development
156,Online Education
157,Test Prep
158,Pedagogy
159,View all Education & Teaching
160,Social Sciences
161,Sociology
162,Economics
163,Psychology
164,Anthropology
165,Political Science
166,Law
167,Urban Planning
168,Human Rights
169,Sustainability
170,Governance
171,Archaeology
172,Social Work
173,View all Social Sciences
174,Art & Design
175,Music
176,Digital Media
177,Visual Arts
178,Design & Creativity
179,View all Art & Design
180,Data Science
181,Bioinformatics
182,Big Data
183,Data Mining
184,Data Analysis
185,Data Visualization
186,Jupyter Notebooks
187,View all Data Science
188,Programming
189,Mobile Development
190,Web Development
191,Databases
192,Game Development
193,Programming Languages
194,Software Development
195,Cloud Computing
196,View all Programming
197,Personal Development
198,Communication Skills
199,Career Development
200,Self Improvement
201,Presentation Skills
202,Resilience
203,View all Personal Development
204,Information Security (InfoSec)
205,Cybersecurity
206,Network Security
207,Ethical Hacking
208,Digital Forensics
209,Reverse Engineering
210,Penetration Testing
211,Malware Analysis
212,DevSecOps
213,OSINT (Open Source Intelligence)
214,Threat Intelligence
215,Information Security Certifications
216,Red Team
217,Blue Team
218,View all Information Security (InfoSec)
219,The Report
220,2022 Year in Review: The “New Normal” that Wasn’t
221,"The pandemic ushered in a “new normal” in online learning, but it culminated in layoffs and stock drops."
222,Dhawal Shah
223,"Jan 02, 2023"
224,Latest
225,"Review of Goldman Sachs 10,000 Women Courses"
226,10 Best Japanese Courses to Take in 2023
227,7 Best Erlang Courses to Take in 2023
228,Harvard CS50 Guide: How to Pick the Right Course (with Free Certificate)
229,10 Best CSS Animation Courses to Take in 2023
230,Visit
231,The Report
232,"DDoS Attack on Class Central: Mitigation, SEO Impact, and Costs"
233,Trending
234,Most common
235,excel
236,harvard
237,French
238,Popular subjects
239,Digital Skills
240,209 courses
241,Programming
242,"24,443 courses"
243,Information Technology (IT) Certifications
244,504 courses
245,Popular courses
246,The Science of Happiness
247,"University of California, Berkeley"
248,Introduction to Financial Accounting
249,University of Pennsylvania
250,Cryptography I
251,Stanford University
252,Organize and share your learning with Class Central Lists.
253,View our
254,Lists Showcase
255,Sign up
256,Log in
257,or
258,Sign up
259,Log in
260,Sign up
261,Subjects
262,Computer Science
263,Operating Systems
264,Free Online
265,Operating Systems Courses
266,"Learn Operating Systems, earn certificates with paid and free online courses from Georgia Tech, IIT Madras, IIT Kharagpur, Peking University and other top universities around the world. Read reviews to decide if a class is right for you."
267,Follow
268,1.3k
269,Share
270,38 courses
271,Showing
272,38 courses
273,Filter
274,Sort by Relevancy
275,Relevancy
276,Highest rated
277,Lowest rated
278,Most recently added
279,Filter by
280,Clear All
281,Filters
282,With certificate
283,(32)
284,Free course
285,(21)
286,With free certificate
287,(1)
288,University course only
289,(9)
290,Level
291,Beginner
292,(15)
293,Intermediate
294,(5)
295,Advanced
296,(1)
297,Duration
298,1-5 hours
299,(7)
300,5-10 hours
301,(6)
302,10+ hours
303,(17)
304,Language
305,English
306,(34)
307,Chinese
308,(1)
309,Hindi
310,(3)
311,Show 38 courses
312,Clear Filters
313,Embedded Hardware and Operating Systems
314,602 ratings at Coursera
315,"This course is intended for the Bachelor and Master's students, who like practical programming and making IoTs applications!

In this course we will talk about two components of a cyber physical system, namely hardware and operating systems. 


After com…"
316,Add to list
317,Quick View
318,Coursera
319,"17 hours worth of material, 4 weeks long"
320,"13th Feb, 2023"
321,Free Online Course (Audit)
322,Advanced Operating Systems
323,6 reviews
324,"In this course, we will see all the advances that have led to the state-of-the-art operating system that we know today, covering variety of platforms -- cell phones, multi-core, parallel systems, distributed systems, and cloud computing."
325,Add to list
326,Quick View
327,Udacity
328,5 weeks long
329,On-Demand
330,Free Online Course
331,Computer Hardware and Operating Systems
332,9 reviews
333,This is a self-paced course that provides an Introduction to Computer Hardware and Operating Systems
334,Add to list
335,Quick View
336,edX
337,"3-5 hours a week, 6 weeks long"
338,Self paced
339,Free Online Course (Audit)
340,Introduction to Operating Systems
341,2 reviews
342,"Introduction to Operating Systems teaches the basic operating system abstractions, mechanisms, and their implementations."
343,Add to list
344,Quick View
345,Udacity
346,8 weeks long
347,On-Demand
348,Free Online Course
349,Introduction to Hardware and Operating Systems
350,426 ratings at Coursera
351,"Organizations need workers who can help others with computer hardware, software, and connectivity issues. Healthcare organizations are still converting to digitized systems, requiring more IT support. Workers are retiring, and organizations are contracti…"
352,Add to list
353,Quick View
354,Coursera
355,"17 hours worth of material, 7 weeks long"
356,"6th Mar, 2023"
357,Free Online Course (Audit)
358,Codio
359,Intro to Operating Systems 2: Memory Management
360,"Learn the inner workings of operating systems without installing anything!

This course is designed for learners who are looking to maximize performance by understanding how operating systems work at a fundamental level. The modules in this course cover…"
361,Add to list
362,Quick View
363,Coursera
364,"9-10 hours worth of material, 5 weeks long"
365,"6th Feb, 2023"
366,Free Online Course (Audit)
367,Codio
368,Intro to Operating Systems 3: Concurrency
369,"Learn the inner workings of operating systems without installing anything!

This course is designed for learners who are looking to maximize performance by understanding how operating systems work at a fundamental level. The modules in this course cover…"
370,Add to list
371,Quick View
372,Coursera
373,"7-8 hours worth of material, 4 weeks long"
374,"6th Feb, 2023"
375,Free Online Course (Audit)
376,Codio
377,Intro to Operating Systems 4: Persistence
378,"Learn the inner workings of operating systems without installing anything!

This course is designed for learners who are looking to maximize performance by understanding how operating systems work at a fundamental level. The modules in this course cover…"
379,Add to list
380,Quick View
381,Coursera
382,"11 hours worth of material, 5 weeks long"
383,"6th Feb, 2023"
384,Free Online Course (Audit)
385,Hardware and Operating Systems
386,"This course will help you develop the skills to install and set up an operating system and gain expertise on hardware components, including motherboard, CPU, hard drives and more."
387,Add to list
388,Quick View
389,edX
390,"9-11 hours a week, 6 weeks long"
391,Self paced
392,Free Online Course (Audit)
393,Codio
394,Intro to Operating Systems 1: Virtualization
395,68 ratings at Coursera
396,"Learn the inner workings of operating systems without installing anything!

This course is designed for learners who are looking to maximize performance by understanding how operating systems work at a fundamental level. The modules in this course cover…"
397,Add to list
398,Quick View
399,Coursera
400,"8-9 hours worth of material, 4 weeks long"
401,"6th Feb, 2023"
402,Free Online Course (Audit)
403,Codio
404,Microcredential
405,Introduction to Operating Systems
406,This specialization is intended for people with some programming experience who seek an approachable introduction to how operating systems work on a fundamental level. This course will equip learners with foundational knowledge of operating systems suita…
407,Add to list
408,Quick View
409,Coursera
410,"2 hours a week, 22 weeks long"
411,Paid Course
412,4 courses
413,5 Minutes Engineering
414,Embedded and Real Time Operating Systems
415,Syllabus: Introduction To Embedded System Explained in Hindi l Embedded and Real Time Operating System Course.Characteristics Of Embedded System Explained in Hindi l ERTOS Course.Embedded System Processors Explained in Hindi l Embedded and Real Time Oper…
416,Add to list
417,YouTube
418,8 hours worth of material
419,On-Demand
420,Free Online Course
421,操作系统原理（Operating Systems）
422,350 ratings at Coursera
423,"《操作系统原理》是针对计算机科学技术专业三年级本科生开设的一门专业基础课程。本课程着重学生系统观的培养，通过重点讲述操作系统的内部结构、工作原理及典型技术的实现，使学生建立起对操作系统的整体及各个功能模块的认识，从而系统掌握计算机的专业知识，进一步提升学生的软件开发能力乃至系统软件开发能力。

任何计算机都必须在加载相应的操作系统之后，才能构成一个可以运转的、完整的计算机系统。操作系统的功能是否强大，决定了计算机系统的综合能力；操作系统的性能高低，决定了整个计算机系统的性能；操作系统本身的安全可靠程度，…"
424,Add to list
425,Quick View
426,Coursera
427,"25 hours worth of material, 13 weeks long"
428,"6th Feb, 2023"
429,Free Online Course (Audit)
430,Operating Systems
431,Syllabus: Hardware Resources. Introduction to Operating Systems. Introduction to Linux. Disk I/O. Disk Scheduling. Filesystems. CPU Features. Kernel Architectures. Linux Basics - Part 1. Linux Basics - Part 2. Interrupts and I/O. Interrupt Controllers. I…
432,Add to list
433,YouTube
434,4-5 hours worth of material
435,On-Demand
436,Free Online Course
437,Operating Systems
438,"Syllabus: introduction to operating system and its Functions | Operating System. Types of Operating Systems(Batch, Multiprogramming, Time Sharing, Multiprocessing, Real Time). Process State Transition Diagram and various Schedulers | Operating System. FC…"
439,Add to list
440,YouTube
441,9 hours worth of material
442,On-Demand
443,Free Online Course
444,Load more
445,Load the next 15 courses of 23
446,Home
447,Browse by subject
448,Computer Science
449,Psychology
450,Cybersecurity
451,Health
452,Law
453,Accounting
454,Web Development
455,Browse by provider
456,Coursera
457,edX
458,FutureLearn
459,Udacity
460,Swayam
461,Udemy
462,LinkedIn Learning
463,Browse by university
464,Harvard
465,Stanford
466,Georgia Tech
467,University of Michigan
468,Purdue University
469,Duke University
470,IIT Madras
471,Browse by institution
472,Google
473,Microsoft
474,IBM
475,Amazon
476,Linux Foundation
477,British Council
478,Salesforce
479,Rankings
480,Best Online Courses of All Time
481,Best Online Courses of the Year
482,Most Popular Courses of All Time
483,Most Popular Courses of the Year
484,250 Top FREE Coursera Courses of All Time
485,100 Top FREE edX Courses of All Time
486,250 Top Udemy Courses of All Time
487,The Report
488,by Class Central
489,RSS Feed
490,"The ""New Normal"" that Wasn't"
491,DDoS Attack on Class Central
492,500+ Online Degrees in India
493,Harvard's CS50 Free Certificate Guide
494,How Open University Works
495,Free Certificates & Courses
496,700+ Free Google Certificates
497,Free LinkedIn Learning Certificates
498,1600+ Free Coursera Courses
499,Ivy League Online Courses
500,175+ Free Writing Online Courses
501,About Class Central
502,"Class Central aggregates courses from many providers to help you find the best courses on almost any subject, wherever they exist."
503,Facebook
504,Twitter
505,LinkedIn
506,YouTube
507,Class Central © 2011-2023
508,Privacy Policy
509,About Us
510,Join Us
511,Help Center
512,Contact Us
513,Share
514,Facebook
515,Twitter
516,Email
517,Copy link
518,Never Stop Learning.
519,"Get personalized course recommendations, track subjects and courses with reminders, and more."
520,Sign up for free
