,link scrapped text
0,700+ Free Certificates from Google!
1,View
2,Close
3,Class Central
4,Courses
5,Class Central
6,Rankings
7,Collections
8,Subjects
9,View all
10,Computer Science
11,Health & Medicine
12,Mathematics
13,Business
14,Humanities
15,Engineering
16,Science
17,Education & Teaching
18,Social Sciences
19,Art & Design
20,Data Science
21,Programming
22,Personal Development
23,Information Security (InfoSec)
24,View all Subjects
25,Universities
26,The Report
27,Courses from
28,1000+ universities
29,Rankings
30,Best Courses
31,Best of All Time
32,Best of the Year 2022
33,Best of the Year 2021
34,Most Popular Courses
35,Most Popular of All Time
36,Most Popular of the Year 2022
37,Most Popular of the Year 2021
38,Collections
39,Monthly Course Reports
40,Starting this Month
41,New Online Courses
42,Most Popular
43,Computer Science
44,Artificial Intelligence
45,Algorithms and Data Structures
46,Internet of Things
47,Information Technology
48,Computer Networking
49,Machine Learning
50,DevOps
51,Deep Learning
52,Cryptography
53,Quantum Computing
54,Human-Computer Interaction (HCI)
55,Distributed Systems
56,Blockchain Development
57,Operating Systems
58,Computer Graphics
59,View all Computer Science
60,Health & Medicine
61,Nutrition & Wellness
62,Disease & Disorders
63,Public Health
64,Health Care
65,Nursing
66,Anatomy
67,Veterinary Science
68,Continuing Medical Education (CME)
69,View all Health & Medicine
70,Mathematics
71,Statistics & Probability
72,Foundations of Mathematics
73,Calculus
74,Discrete Mathematics
75,Trigonometry
76,Geometry
77,Algebra
78,Precalculus
79,Number Theory
80,Combinatorics
81,Mathematical logic
82,Linear Programming
83,View all Mathematics
84,Business
85,Management & Leadership
86,Finance
87,Entrepreneurship
88,Marketing
89,Strategic Management
90,Industry Specific
91,Business Intelligence
92,Accounting
93,Human Resources
94,Project Management
95,Sales
96,Design Thinking
97,Business Software
98,Risk Management
99,Corporate Social Responsibility
100,Customer Service
101,Nonprofit Management
102,Innovation
103,Operations Management
104,View all Business
105,Humanities
106,History
107,Literature
108,Language Learning
109,Grammar & Writing
110,Philosophy
111,Religion
112,ESL
113,Culture
114,Sports
115,Journalism
116,Ethics
117,Linguistics
118,Food
119,Library Science
120,Reading
121,Crisis Management
122,View all Humanities
123,Engineering
124,Electrical Engineering
125,Mechanical Engineering
126,Civil Engineering
127,Robotics
128,Nanotechnology
129,GIS
130,Textiles
131,Manufacturing
132,BIM
133,CAD
134,Chemical Engineering
135,Energy Systems
136,Aerospace Engineering
137,View all Engineering
138,Science
139,Chemistry
140,Physics
141,Environmental Science
142,Astronomy
143,Biology
144,Agriculture
145,Materials Science
146,Earth Science
147,Applied Science
148,Forensic Science
149,View all Science
150,Education & Teaching
151,K12
152,Higher Education
153,STEM
154,Teacher Professional Development
155,Course Development
156,Online Education
157,Test Prep
158,Pedagogy
159,View all Education & Teaching
160,Social Sciences
161,Sociology
162,Economics
163,Psychology
164,Anthropology
165,Political Science
166,Law
167,Urban Planning
168,Human Rights
169,Sustainability
170,Governance
171,Archaeology
172,Social Work
173,View all Social Sciences
174,Art & Design
175,Music
176,Digital Media
177,Visual Arts
178,Design & Creativity
179,View all Art & Design
180,Data Science
181,Bioinformatics
182,Big Data
183,Data Mining
184,Data Analysis
185,Data Visualization
186,Jupyter Notebooks
187,View all Data Science
188,Programming
189,Mobile Development
190,Web Development
191,Databases
192,Game Development
193,Programming Languages
194,Software Development
195,Cloud Computing
196,View all Programming
197,Personal Development
198,Communication Skills
199,Career Development
200,Self Improvement
201,Presentation Skills
202,Resilience
203,View all Personal Development
204,Information Security (InfoSec)
205,Cybersecurity
206,Network Security
207,Ethical Hacking
208,Digital Forensics
209,Reverse Engineering
210,Penetration Testing
211,Malware Analysis
212,DevSecOps
213,OSINT (Open Source Intelligence)
214,Threat Intelligence
215,Information Security Certifications
216,Red Team
217,Blue Team
218,View all Information Security (InfoSec)
219,The Report
220,2022 Year in Review: The “New Normal” that Wasn’t
221,"The pandemic ushered in a “new normal” in online learning, but it culminated in layoffs and stock drops."
222,Dhawal Shah
223,"Jan 02, 2023"
224,Latest
225,"Review of Goldman Sachs 10,000 Women Courses"
226,10 Best Japanese Courses to Take in 2023
227,7 Best Erlang Courses to Take in 2023
228,Harvard CS50 Guide: How to Pick the Right Course (with Free Certificate)
229,10 Best CSS Animation Courses to Take in 2023
230,Visit
231,The Report
232,"DDoS Attack on Class Central: Mitigation, SEO Impact, and Costs"
233,Trending
234,Most common
235,excel
236,graphic design
237,cyber security
238,Popular subjects
239,Digital Skills
240,209 courses
241,Programming
242,"24,443 courses"
243,Information Technology (IT) Certifications
244,504 courses
245,Popular courses
246,The Science of Happiness
247,"University of California, Berkeley"
248,Introduction to Financial Accounting
249,University of Pennsylvania
250,Cryptography I
251,Stanford University
252,Organize and share your learning with Class Central Lists.
253,View our
254,Lists Showcase
255,Sign up
256,Log in
257,or
258,Sign up
259,Log in
260,Sign up
261,Subjects
262,Personal Development
263,Free Online
264,Personal Development Courses
265,"Learn Personal Development, earn certificates with free online courses from Harvard, Stanford, MIT, University of Pennsylvania and other top universities around the world. Read reviews to decide if a class is right for you."
266,Follow
267,474.1k
268,Share
269,"3,430 courses"
270,Related Subjects
271,Communication Skills Courses
272,Leadership Courses
273,Public Speaking Courses
274,Digital Skills Courses
275,Emotional Intelligence Courses
276,Self Improvement Courses
277,Career Development Courses
278,Mindfulness Courses
279,Showing
280,"3,430 courses"
281,Filter
282,Sort by Relevancy
283,Relevancy
284,Highest rated
285,Lowest rated
286,Most recently added
287,Filter by
288,Clear All
289,Filters
290,With certificate
291,(2723)
292,Free course
293,(1172)
294,With free certificate
295,(59)
296,University course only
297,(804)
298,Level
299,Beginner
300,(1958)
301,Intermediate
302,(199)
303,Advanced
304,(24)
305,Duration
306,1-5 hours
307,(1601)
308,5-10 hours
309,(300)
310,10+ hours
311,(811)
312,Language
313,English
314,(2909)
315,Arabic
316,(70)
317,Chinese
318,(7)
319,Czech
320,(1)
321,Dutch
322,(1)
323,French
324,(61)
325,German
326,(15)
327,Hindi
328,(2)
329,Hungarian
330,(2)
331,Indonesian
332,(5)
333,Italian
334,(12)
335,Japanese
336,(14)
337,Malayalam
338,(1)
339,Polish
340,(1)
341,Portuguese
342,(45)
343,Romanian
344,(1)
345,Russian
346,(38)
347,Spanish
348,(202)
349,Tamil
350,(2)
351,Thai
352,(15)
353,Turkish
354,(24)
355,Ukranian
356,(2)
357,See all
358,"Show 3,430 courses"
359,Clear Filters
360,Learning How To Learn for Youth
361,946 reviews
362,"Based on the most popular open online course in the world, this course gives you easy access to the learning techniques used by experts in art, music, literature, math, science, sports, and many other disciplines."
363,Add to list
364,Quick View
365,Coursera
366,"6-7 hours worth of material, 3 weeks long"
367,"17th Feb, 2023"
368,Free Online Course (Audit)
369,Best of All Time
370,How to Succeed at: Interviews
371,452 reviews
372,This free three week course provides the tools you need to succeed at interviews and land your dream job or course place.
373,Add to list
374,Quick View
375,FutureLearn
376,"3 hours a week, 3 weeks long"
377,"20th Feb, 2023"
378,Free Online Course (Audit)
379,Best of All Time
380,Successful Negotiation: Essential Strategies and Skills
381,217 reviews
382,"We all negotiate on a daily basis. On a personal level, we negotiate with friends, family, landlords, car sellers and employers, among others. Negotiation is also the key to business success. No business can survive without profitable contracts. Within a…"
383,Add to list
384,Quick View
385,Coursera
386,"17 hours worth of material, 7 weeks long"
387,"6th Feb, 2023"
388,Free Online Course (Audit)
389,Best of All Time
390,Critical Thinking at University: An Introduction
391,143 reviews
392,Critical thinking is a vital skill for university study whatever your discipline. Prepare for university now.
393,Add to list
394,Quick View
395,FutureLearn
396,"4 hours a week, 2 weeks long"
397,"27th Feb, 2023"
398,Free Online Course (Audit)
399,Best of All Time
400,University of Groningen
401,Improving Your Study Techniques
402,148 reviews
403,Improve your study skills and get better results by learning to use the 'three-step study model'.
404,Add to list
405,Quick View
406,FutureLearn
407,"2 hours a week, 4 weeks long"
408,Self paced
409,Free Online Course (Audit)
410,Best of All Time
411,Deep Teaching Solutions
412,Learning How to Learn: Powerful mental tools to help you master tough subjects
413,22974 reviews
414,"This course gives you easy access to the invaluable learning techniques used by experts in art, music, literature, math, science, sports, and many other disciplines. We’ll learn about the how the brain uses two very different learning modes and how it en…"
415,Add to list
416,Quick View
417,Coursera
418,"15 hours worth of material, 4 weeks long"
419,"6th Feb, 2023"
420,Free Online Course (Audit)
421,Best of All Time
422,McMaster University
423,Mindshift: Break Through Obstacles to Learning and Discover Your Hidden Potential
424,7356 reviews
425,"Whatever your age or stage, Mindshift teaches you essentials such as how to get the most out of online learning and MOOCs, how to seek out and work with mentors, the secrets to avoiding career ruts (and catastrophes) and general ruts in life, and insight…"
426,Add to list
427,Quick View
428,Coursera
429,"11 hours worth of material, 4 weeks long"
430,"6th Feb, 2023"
431,Free Online Course (Audit)
432,Best of All Time
433,Online Learning Campus - World Bank Group
434,The Future of Work: Preparing for Disruption
435,243 reviews
436,"Only MOOC to explore the 2019 World Development Report (WDR) and workforce of the future. Learn how A.I., automation, advanced technologies and new businesses are changing the world."
437,Add to list
438,Quick View
439,edX
440,"3-5 hours a week, 5 weeks long"
441,Self paced
442,Free Online Course (Audit)
443,Best of All Time
444,Deep Teaching Solutions
445,Apprendre comment apprendre (ACA) : Des outils mentaux puissants qui vous aideront à maîtriser des sujets difficiles
446,376 reviews
447,"Ce cours vous offre un accès facile aux méthodes d’apprentissage appréciées et utilisées par des experts de différentes disciplines dont les arts, la littérature, les mathématiques, les sciences et les sports.  Vous y apprendrez comment le cerveau appren…"
448,Add to list
449,Quick View
450,Coursera
451,"15 hours worth of material, 4 weeks long"
452,"13th Feb, 2023"
453,Free Online Course (Audit)
454,Learn Like a Pro: Science-Based Tools to Become Better at Anything
455,207 reviews
456,"Do you spend too much time learning, with disappointing results? Do you put off studying because it’s boring and you’re easily distracted? This course is for you! In Learn Like a Pro , beloved teacher of learning Dr. Barbara Oakley, and learning coach ex…"
457,Add to list
458,Quick View
459,edX
460,"1-2 hours a week, 2 weeks long"
461,Self paced
462,Free Online Course (Audit)
463,Best of All Time
464,Presentation skills: Speechwriting and Storytelling
465,392 reviews
466,"“99% presentations suck!”, — said Apple former evangelist Guy Kawasaki in 2005. Up to now the situation hasn’t improved yet. Why?
Most public speaking courses focus on “how” instead of “what & why”. How to stand, walk and talk during delivery with little…"
467,Add to list
468,Quick View
469,Coursera
470,"35 hours worth of material, 6 weeks long"
471,"14th Mar, 2022"
472,Free Online Course (Audit)
473,Inteligencia emocional para el liderazgo efectivo y colaboración
474,130 reviews
475,"En este curso en línea aprenderás de que forma utilizar el liderazgo emocional efectivo como el factor clave para el éxito de un buen manejo de equipo, tanto en lo social como en lo profesional. Conviértete en un líder en control de sus emociones."
476,Add to list
477,Quick View
478,edX
479,"4-5 hours a week, 4 weeks long"
480,Self paced
481,Free Online Course (Audit)
482,Presentation skills:  Effective Presentation Delivery
483,136 reviews
484,"Mumbling, stumbling, worrying, trembling, sweating and fearing are the outcomes of the low delivery skills.

In this course, we are not going to teach you how to replicate the best bits and traits of the acknowledged speakers. Dumb replication of someone…"
485,Add to list
486,Quick View
487,Coursera
488,"20 hours worth of material, 4 weeks long"
489,"14th Mar, 2022"
490,Free Online Course (Audit)
491,Aprender
492,106 reviews
493,¿Quieres conocer tus recursos y niveles de desempeño relacionadas con tu proceso de aprender? ¿Te interesa desarrollar habilidades para aprender más y mejor?
494,Add to list
495,Quick View
496,Coursera
497,"9-10 hours worth of material, 4 weeks long"
498,"20th Feb, 2023"
499,Free Online Course (Audit)
500,Best of All Time
501,Research Ethics and Plagiarism
502,124 reviews
503,"""Research Ethics and Plagiarism"" is among the key areas under discussion and consideration at various levels. Many students of PG programmes. Research scholars and faculty members of higher education Institutions face problem to resolve the issues relate…"
504,Add to list
505,Quick View
506,Swayam
507,8 weeks long
508,"14th Aug, 2022"
509,Free Online Course
510,Load more
511,Load the next 15 courses of 3415
512,Home
513,Browse by subject
514,Computer Science
515,Psychology
516,Cybersecurity
517,Health
518,Law
519,Accounting
520,Web Development
521,Browse by provider
522,Coursera
523,edX
524,FutureLearn
525,Udacity
526,Swayam
527,Udemy
528,LinkedIn Learning
529,Browse by university
530,Harvard
531,Stanford
532,Georgia Tech
533,University of Michigan
534,Purdue University
535,Duke University
536,IIT Madras
537,Browse by institution
538,Google
539,Microsoft
540,IBM
541,Amazon
542,Linux Foundation
543,British Council
544,Salesforce
545,Rankings
546,Best Online Courses of All Time
547,Best Online Courses of the Year
548,Most Popular Courses of All Time
549,Most Popular Courses of the Year
550,250 Top FREE Coursera Courses of All Time
551,100 Top FREE edX Courses of All Time
552,250 Top Udemy Courses of All Time
553,The Report
554,by Class Central
555,RSS Feed
556,"The ""New Normal"" that Wasn't"
557,DDoS Attack on Class Central
558,500+ Online Degrees in India
559,Harvard's CS50 Free Certificate Guide
560,How Open University Works
561,Free Certificates & Courses
562,700+ Free Google Certificates
563,Free LinkedIn Learning Certificates
564,1600+ Free Coursera Courses
565,Ivy League Online Courses
566,175+ Free Writing Online Courses
567,About Class Central
568,"Class Central aggregates courses from many providers to help you find the best courses on almost any subject, wherever they exist."
569,Facebook
570,Twitter
571,LinkedIn
572,YouTube
573,Class Central © 2011-2023
574,Privacy Policy
575,About Us
576,Join Us
577,Help Center
578,Contact Us
579,Share
580,Facebook
581,Twitter
582,Email
583,Copy link
584,Never Stop Learning.
585,"Get personalized course recommendations, track subjects and courses with reminders, and more."
586,Sign up for free
