,link scrapped text
0,700+ Free Certificates from Google!
1,View
2,Close
3,Class Central
4,Courses
5,Class Central
6,Rankings
7,Collections
8,Subjects
9,View all
10,Computer Science
11,Health & Medicine
12,Mathematics
13,Business
14,Humanities
15,Engineering
16,Science
17,Education & Teaching
18,Social Sciences
19,Art & Design
20,Data Science
21,Programming
22,Personal Development
23,Information Security (InfoSec)
24,View all Subjects
25,Universities
26,The Report
27,Courses from
28,1000+ universities
29,Rankings
30,Best Courses
31,Best of All Time
32,Best of the Year 2022
33,Best of the Year 2021
34,Most Popular Courses
35,Most Popular of All Time
36,Most Popular of the Year 2022
37,Most Popular of the Year 2021
38,Collections
39,Monthly Course Reports
40,Starting this Month
41,New Online Courses
42,Most Popular
43,Computer Science
44,Artificial Intelligence
45,Algorithms and Data Structures
46,Internet of Things
47,Information Technology
48,Computer Networking
49,Machine Learning
50,DevOps
51,Deep Learning
52,Cryptography
53,Quantum Computing
54,Human-Computer Interaction (HCI)
55,Distributed Systems
56,Blockchain Development
57,Operating Systems
58,Computer Graphics
59,View all Computer Science
60,Health & Medicine
61,Nutrition & Wellness
62,Disease & Disorders
63,Public Health
64,Health Care
65,Nursing
66,Anatomy
67,Veterinary Science
68,Continuing Medical Education (CME)
69,View all Health & Medicine
70,Mathematics
71,Statistics & Probability
72,Foundations of Mathematics
73,Calculus
74,Discrete Mathematics
75,Trigonometry
76,Geometry
77,Algebra
78,Precalculus
79,Number Theory
80,Combinatorics
81,Mathematical logic
82,Linear Programming
83,View all Mathematics
84,Business
85,Management & Leadership
86,Finance
87,Entrepreneurship
88,Marketing
89,Strategic Management
90,Industry Specific
91,Business Intelligence
92,Accounting
93,Human Resources
94,Project Management
95,Sales
96,Design Thinking
97,Business Software
98,Risk Management
99,Corporate Social Responsibility
100,Customer Service
101,Nonprofit Management
102,Innovation
103,Operations Management
104,View all Business
105,Humanities
106,History
107,Literature
108,Language Learning
109,Grammar & Writing
110,Philosophy
111,Religion
112,ESL
113,Culture
114,Sports
115,Journalism
116,Ethics
117,Linguistics
118,Food
119,Library Science
120,Reading
121,Crisis Management
122,View all Humanities
123,Engineering
124,Electrical Engineering
125,Mechanical Engineering
126,Civil Engineering
127,Robotics
128,Nanotechnology
129,GIS
130,Textiles
131,Manufacturing
132,BIM
133,CAD
134,Chemical Engineering
135,Energy Systems
136,Aerospace Engineering
137,View all Engineering
138,Science
139,Chemistry
140,Physics
141,Environmental Science
142,Astronomy
143,Biology
144,Agriculture
145,Materials Science
146,Earth Science
147,Applied Science
148,Forensic Science
149,View all Science
150,Education & Teaching
151,K12
152,Higher Education
153,STEM
154,Teacher Professional Development
155,Course Development
156,Online Education
157,Test Prep
158,Pedagogy
159,View all Education & Teaching
160,Social Sciences
161,Sociology
162,Economics
163,Psychology
164,Anthropology
165,Political Science
166,Law
167,Urban Planning
168,Human Rights
169,Sustainability
170,Governance
171,Archaeology
172,Social Work
173,View all Social Sciences
174,Art & Design
175,Music
176,Digital Media
177,Visual Arts
178,Design & Creativity
179,View all Art & Design
180,Data Science
181,Bioinformatics
182,Big Data
183,Data Mining
184,Data Analysis
185,Data Visualization
186,Jupyter Notebooks
187,View all Data Science
188,Programming
189,Mobile Development
190,Web Development
191,Databases
192,Game Development
193,Programming Languages
194,Software Development
195,Cloud Computing
196,View all Programming
197,Personal Development
198,Communication Skills
199,Career Development
200,Self Improvement
201,Presentation Skills
202,Resilience
203,View all Personal Development
204,Information Security (InfoSec)
205,Cybersecurity
206,Network Security
207,Ethical Hacking
208,Digital Forensics
209,Reverse Engineering
210,Penetration Testing
211,Malware Analysis
212,DevSecOps
213,OSINT (Open Source Intelligence)
214,Threat Intelligence
215,Information Security Certifications
216,Red Team
217,Blue Team
218,View all Information Security (InfoSec)
219,The Report
220,2022 Year in Review: The “New Normal” that Wasn’t
221,"The pandemic ushered in a “new normal” in online learning, but it culminated in layoffs and stock drops."
222,Dhawal Shah
223,"Jan 02, 2023"
224,Latest
225,"Review of Goldman Sachs 10,000 Women Courses"
226,10 Best Japanese Courses to Take in 2023
227,7 Best Erlang Courses to Take in 2023
228,Harvard CS50 Guide: How to Pick the Right Course (with Free Certificate)
229,10 Best CSS Animation Courses to Take in 2023
230,Visit
231,The Report
232,"DDoS Attack on Class Central: Mitigation, SEO Impact, and Costs"
233,Trending
234,Most common
235,law
236,French
237,html
238,Popular subjects
239,Digital Skills
240,209 courses
241,Programming
242,"24,443 courses"
243,Information Technology (IT) Certifications
244,504 courses
245,Popular courses
246,The Science of Happiness
247,"University of California, Berkeley"
248,Introduction to Financial Accounting
249,University of Pennsylvania
250,Cryptography I
251,Stanford University
252,Organize and share your learning with Class Central Lists.
253,View our
254,Lists Showcase
255,Sign up
256,Log in
257,or
258,Sign up
259,Log in
260,Sign up
261,Subjects
262,Mathematics
263,Precalculus
264,Free Online
265,Precalculus Courses
266,"Learn Precalculus, earn certificates with free online courses from Johns Hopkins, Arizona State University, UT Austin, University of Padova and other top universities around the world. Read reviews to decide if a class is right for you."
267,Follow
268,347
269,Share
270,55 courses
271,Showing
272,55 courses
273,Filter
274,Sort by Relevancy
275,Relevancy
276,Highest rated
277,Lowest rated
278,Most recently added
279,Filter by
280,Clear All
281,Filters
282,With certificate
283,(31)
284,Free course
285,(28)
286,University course only
287,(10)
288,Level
289,Beginner
290,(8)
291,Intermediate
292,(2)
293,Advanced
294,(1)
295,Duration
296,1-5 hours
297,(11)
298,5-10 hours
299,(2)
300,10+ hours
301,(38)
302,Language
303,English
304,(55)
305,Show 55 courses
306,Clear Filters
307,University of Padova
308,"Precalculus: the Mathematics of Numbers, Functions and Equations"
309,46 reviews
310,Get an introduction to the essential mathematical knowledge and skills required to take a first course in calculus.
311,Add to list
312,Quick View
313,FutureLearn
314,"6 hours a week, 5 weeks long"
315,Self paced
316,Free Online Course (Audit)
317,Best of All Time
318,University of Padova
319,"Advanced Precalculus: Geometry, Trigonometry and Exponentials"
320,44 reviews
321,Explore advanced precalculus topics and gain the mathematical knowledge and skills required to take a first course in precalculus.
322,Add to list
323,Quick View
324,FutureLearn
325,"5 hours a week, 4 weeks long"
326,Self paced
327,Free Online Course (Audit)
328,Best of All Time
329,Precalculus: Relations and Functions
330,146 ratings at Coursera
331,"This course helps to build the foundational material to use mathematics as a tool to model, understand, and interpret the world around us.  This is done through studying functions, their properties, and applications to data analysis.  Concepts of precalc…"
332,Add to list
333,Quick View
334,Coursera
335,"12 hours worth of material, 4 weeks long"
336,"13th Feb, 2023"
337,Free Online Course (Audit)
338,Calculus through Data & Modeling: Precalculus Review
339,71 ratings at Coursera
340,"This course is an applications-oriented, investigative approach to the study of the mathematical topics needed for further coursework in single and multivariable calculus. The unifying theme is the study of functions, including polynomial, rational, expo…"
341,Add to list
342,Quick View
343,Coursera
344,"7-8 hours worth of material, 4 weeks long"
345,"13th Feb, 2023"
346,Free Online Course (Audit)
347,Precalculus: Periodic Functions
348,68 ratings at Coursera
349,"This course helps to build the foundational material to use mathematics as a tool to model, understand, and interpret the world around us.  This is done through studying functions, their properties, and applications to data analysis.  Concepts of precalc…"
350,Add to list
351,Quick View
352,Coursera
353,"9-10 hours worth of material, 5 weeks long"
354,"13th Feb, 2023"
355,Free Online Course (Audit)
356,Precalculus: Mathematical Modeling
357,48 ratings at Coursera
358,"This course helps to build the foundational material to use mathematics as a tool to model, understand, and interpret the world around us.  This is done through studying functions, their properties, and applications to data analysis.  Concepts of precalc…"
359,Add to list
360,Quick View
361,Coursera
362,"9-10 hours worth of material, 4 weeks long"
363,"13th Feb, 2023"
364,Free Online Course (Audit)
365,The Organic Chemistry Tutor
366,New Precalculus Video Playlist
367,"Syllabus: Functions - Vertical Line Test, Ordered Pairs, Tables, Domain and Range. Organic Chemistry Tutor - Youtube Channel Membership. What Is a Function?. Evaluating Functions - Basic Introduction. Evaluating Piecewise Functions. Graphing Piecewise Fu…"
368,Add to list
369,YouTube
370,89 hours worth of material
371,On-Demand
372,Free Online Course
373,Tyler Wallace
374,PreCalculus I
375,Syllabus: PreCalc 1.1 Exponents. PreCalc 1.2 Radicals. 1.3 Quadratic Expressions and Equations. 1.4 Rational Expressions. 1.5 Complex Numbers. 1.6 Complete the Square. 1.7 Solving Linear Formulas. 1.8 Absolute Value Equations and Inequalities. 2.1 Functi…
376,Add to list
377,YouTube
378,13 hours worth of material
379,On-Demand
380,Free Online Course
381,Sean Fitzpatrick
382,Precalculus Review: Basics
383,"Syllabus: Review: The Real Number System.Review: Order of Operations.Review: Interval Notation.Review: Union and Intersection of Intervals.Review: Absolute Value.Review: Absolute Value Inequalities.Review: Fraction Addition, Part 1.Review: Fraction Addit…"
384,Add to list
385,YouTube
386,1-2 hours worth of material
387,On-Demand
388,Free Online Course
389,Sean Fitzpatrick
390,Precalculus Review: Algebra
391,Syllabus: Review - Algebra: Expanding.Review - Algebra: Binomial Theorem.Review - Algebra: Pascal's Triangle.Review - Algebra: Polynomial Terminology.Review - Algebra: Polynomials - Factors and Roots.Review - Algebra: Factoring Quadratics.Review - Algebr…
392,Add to list
393,YouTube
394,1-2 hours worth of material
395,On-Demand
396,Free Online Course
397,Sean Fitzpatrick
398,Precalculus Review: Functions
399,Syllabus: Review: Functions - Introduction. Review: Functions - Definition. Review: Functions - Examples. Review: Functions - Notation. Review: Functions - Domain. Review: Functions - Graph Basics. Review: Functions - Arithmetic. Review: Functions - Comp…
400,Add to list
401,YouTube
402,2-3 hours worth of material
403,On-Demand
404,Free Online Course
405,Sean Fitzpatrick
406,Precalculus Review: Graphs
407,"Syllabus: Review: Lines. Review - Graphs: Polynomials. Review - Graphs: Rational - Example 1, Setup. Review - Graphs: Rational, Example 1, Plotting. Review - Graphs: Rational, Example 2. Review: Functions - Graph Basics. Review: Graphs - VSLT. Review: Gr…"
408,Add to list
409,YouTube
410,1-2 hours worth of material
411,On-Demand
412,Free Online Course
413,Sean Fitzpatrick
414,Precalculus Review: Trigonometry
415,Syllabus: Review: Trig - Triangles.Review: Trig - Unit Circle.Review: Trig - Radians.Review: Trig - Special Angles.Review: Trig - The Six Functions.Review: Trig - Graphs of Trig Functions.Review: Trig - Basic Identities.Review: Trig - Derived Identities.
416,Add to list
417,YouTube
418,1-2 hours worth of material
419,On-Demand
420,Free Online Course
421,Professor Leonard
422,Precalculus - College Algebra/Trigonometry
423,Syllabus: Intro to Precalculus (Precalculus - College Algebra 1).Introduction to Functions (Precalculus - College Algebra 2).How to Evaluate Functions (Precalculus - College Algebra 3).Finding the Domain of Functions (Precalculus - College Algebra 4).Ope…
424,Add to list
425,YouTube
426,75 hours worth of material
427,On-Demand
428,Free Online Course
429,MooMooMath and Science
430,Parametric Equations-Precalculus
431,"Syllabus: Definition parametric equation.  Definition curved plane.  Illustration curved plane.  Example rectangular equation.  Define t and relationship with functions.  Problem 1 includes graphing a function using x,y, and t.  Graphing a trig function.…"
432,Add to list
433,YouTube
434,Less than 1 hour of material
435,On-Demand
436,Free Online Course
437,Load more
438,Load the next 15 courses of 40
439,Home
440,Browse by subject
441,Computer Science
442,Psychology
443,Cybersecurity
444,Health
445,Law
446,Accounting
447,Web Development
448,Browse by provider
449,Coursera
450,edX
451,FutureLearn
452,Udacity
453,Swayam
454,Udemy
455,LinkedIn Learning
456,Browse by university
457,Harvard
458,Stanford
459,Georgia Tech
460,University of Michigan
461,Purdue University
462,Duke University
463,IIT Madras
464,Browse by institution
465,Google
466,Microsoft
467,IBM
468,Amazon
469,Linux Foundation
470,British Council
471,Salesforce
472,Rankings
473,Best Online Courses of All Time
474,Best Online Courses of the Year
475,Most Popular Courses of All Time
476,Most Popular Courses of the Year
477,250 Top FREE Coursera Courses of All Time
478,100 Top FREE edX Courses of All Time
479,250 Top Udemy Courses of All Time
480,The Report
481,by Class Central
482,RSS Feed
483,"The ""New Normal"" that Wasn't"
484,DDoS Attack on Class Central
485,500+ Online Degrees in India
486,Harvard's CS50 Free Certificate Guide
487,How Open University Works
488,Free Certificates & Courses
489,700+ Free Google Certificates
490,Free LinkedIn Learning Certificates
491,1600+ Free Coursera Courses
492,Ivy League Online Courses
493,175+ Free Writing Online Courses
494,About Class Central
495,"Class Central aggregates courses from many providers to help you find the best courses on almost any subject, wherever they exist."
496,Facebook
497,Twitter
498,LinkedIn
499,YouTube
500,Class Central © 2011-2023
501,Privacy Policy
502,About Us
503,Join Us
504,Help Center
505,Contact Us
506,Share
507,Facebook
508,Twitter
509,Email
510,Copy link
511,Never Stop Learning.
512,"Get personalized course recommendations, track subjects and courses with reminders, and more."
513,Sign up for free
