,link scrapped text
0,700+ Free Certificates from Google!
1,View
2,Close
3,Class Central
4,Courses
5,Class Central
6,Rankings
7,Collections
8,Subjects
9,View all
10,Computer Science
11,Health & Medicine
12,Mathematics
13,Business
14,Humanities
15,Engineering
16,Science
17,Education & Teaching
18,Social Sciences
19,Art & Design
20,Data Science
21,Programming
22,Personal Development
23,Information Security (InfoSec)
24,View all Subjects
25,Universities
26,The Report
27,Courses from
28,1000+ universities
29,Rankings
30,Best Courses
31,Best of All Time
32,Best of the Year 2022
33,Best of the Year 2021
34,Most Popular Courses
35,Most Popular of All Time
36,Most Popular of the Year 2022
37,Most Popular of the Year 2021
38,Collections
39,Monthly Course Reports
40,Starting this Month
41,New Online Courses
42,Most Popular
43,Computer Science
44,Artificial Intelligence
45,Algorithms and Data Structures
46,Internet of Things
47,Information Technology
48,Computer Networking
49,Machine Learning
50,DevOps
51,Deep Learning
52,Cryptography
53,Quantum Computing
54,Human-Computer Interaction (HCI)
55,Distributed Systems
56,Blockchain Development
57,Operating Systems
58,Computer Graphics
59,View all Computer Science
60,Health & Medicine
61,Nutrition & Wellness
62,Disease & Disorders
63,Public Health
64,Health Care
65,Nursing
66,Anatomy
67,Veterinary Science
68,Continuing Medical Education (CME)
69,View all Health & Medicine
70,Mathematics
71,Statistics & Probability
72,Foundations of Mathematics
73,Calculus
74,Discrete Mathematics
75,Trigonometry
76,Geometry
77,Algebra
78,Precalculus
79,Number Theory
80,Combinatorics
81,Mathematical logic
82,Linear Programming
83,View all Mathematics
84,Business
85,Management & Leadership
86,Finance
87,Entrepreneurship
88,Marketing
89,Strategic Management
90,Industry Specific
91,Business Intelligence
92,Accounting
93,Human Resources
94,Project Management
95,Sales
96,Design Thinking
97,Business Software
98,Risk Management
99,Corporate Social Responsibility
100,Customer Service
101,Nonprofit Management
102,Innovation
103,Operations Management
104,View all Business
105,Humanities
106,History
107,Literature
108,Language Learning
109,Grammar & Writing
110,Philosophy
111,Religion
112,ESL
113,Culture
114,Sports
115,Journalism
116,Ethics
117,Linguistics
118,Food
119,Library Science
120,Reading
121,Crisis Management
122,View all Humanities
123,Engineering
124,Electrical Engineering
125,Mechanical Engineering
126,Civil Engineering
127,Robotics
128,Nanotechnology
129,GIS
130,Textiles
131,Manufacturing
132,BIM
133,CAD
134,Chemical Engineering
135,Energy Systems
136,Aerospace Engineering
137,View all Engineering
138,Science
139,Chemistry
140,Physics
141,Environmental Science
142,Astronomy
143,Biology
144,Agriculture
145,Materials Science
146,Earth Science
147,Applied Science
148,Forensic Science
149,View all Science
150,Education & Teaching
151,K12
152,Higher Education
153,STEM
154,Teacher Professional Development
155,Course Development
156,Online Education
157,Test Prep
158,Pedagogy
159,View all Education & Teaching
160,Social Sciences
161,Sociology
162,Economics
163,Psychology
164,Anthropology
165,Political Science
166,Law
167,Urban Planning
168,Human Rights
169,Sustainability
170,Governance
171,Archaeology
172,Social Work
173,View all Social Sciences
174,Art & Design
175,Music
176,Digital Media
177,Visual Arts
178,Design & Creativity
179,View all Art & Design
180,Data Science
181,Bioinformatics
182,Big Data
183,Data Mining
184,Data Analysis
185,Data Visualization
186,Jupyter Notebooks
187,View all Data Science
188,Programming
189,Mobile Development
190,Web Development
191,Databases
192,Game Development
193,Programming Languages
194,Software Development
195,Cloud Computing
196,View all Programming
197,Personal Development
198,Communication Skills
199,Career Development
200,Self Improvement
201,Presentation Skills
202,Resilience
203,View all Personal Development
204,Information Security (InfoSec)
205,Cybersecurity
206,Network Security
207,Ethical Hacking
208,Digital Forensics
209,Reverse Engineering
210,Penetration Testing
211,Malware Analysis
212,DevSecOps
213,OSINT (Open Source Intelligence)
214,Threat Intelligence
215,Information Security Certifications
216,Red Team
217,Blue Team
218,View all Information Security (InfoSec)
219,The Report
220,2022 Year in Review: The “New Normal” that Wasn’t
221,"The pandemic ushered in a “new normal” in online learning, but it culminated in layoffs and stock drops."
222,Dhawal Shah
223,"Jan 02, 2023"
224,Latest
225,"Review of Goldman Sachs 10,000 Women Courses"
226,10 Best Japanese Courses to Take in 2023
227,7 Best Erlang Courses to Take in 2023
228,Harvard CS50 Guide: How to Pick the Right Course (with Free Certificate)
229,10 Best CSS Animation Courses to Take in 2023
230,Visit
231,The Report
232,"DDoS Attack on Class Central: Mitigation, SEO Impact, and Costs"
233,Trending
234,Most common
235,English
236,marketing
237,French
238,Popular subjects
239,Digital Skills
240,209 courses
241,Programming
242,"24,443 courses"
243,Information Technology (IT) Certifications
244,504 courses
245,Popular courses
246,The Science of Happiness
247,"University of California, Berkeley"
248,Introduction to Financial Accounting
249,University of Pennsylvania
250,Cryptography I
251,Stanford University
252,Organize and share your learning with Class Central Lists.
253,View our
254,Lists Showcase
255,Sign up
256,Log in
257,or
258,Sign up
259,Log in
260,Sign up
261,Subjects
262,Programming
263,Free Online
264,Programming Courses
265,"Learn Programming, earn certificates with paid and free online courses from Harvard, Stanford, MIT, University of Pennsylvania and other top universities around the world. Read reviews to decide if a class is right for you."
266,Follow
267,421.4k
268,Share
269,"24,461 courses"
270,Related Subjects
271,Software Development Courses
272,Computer Science Courses
273,Information Technology Courses
274,Web Development Courses
275,Data Science Courses
276,Machine Learning Courses
277,Game Development Courses
278,Programming Languages Courses
279,Best Courses Guides
280,Class Central's Top Programming Courses
281,We've picked the best online courses to learn Programming from the Class Central catalog.
282,Humans have invented many different languages that allow us to talk to the computer to get a result.
283,Read the Guide
284,Programming for Everybody (Getting Started with Python)
285,39085 reviews
286,Computing in Python I: Fundamentals and Procedural Programming
287,229 reviews
288,"Programming Languages, Part A"
289,27 reviews
290,Computer Science: Programming with a Purpose
291,1 review
292,An Introduction to Interactive Programming in Python (Part 1)
293,2940 reviews
294,Programming Fundamentals
295,Vanderbilt University
296,Introduction to Programming with MATLAB
297,207 reviews
298,Responsive Web Design
299,78 reviews
300,JavaScript Basics
301,University of Edinburgh
302,;
303,Universidad ORT Uruguay
304,Code Yourself! An Introduction to Programming
305,12 reviews
306,Show all 10 courses
307,All Programming Courses
308,Showing
309,"24,461 courses"
310,Filter
311,Sort by Relevancy
312,Relevancy
313,Highest rated
314,Lowest rated
315,Most recently added
316,Filter by
317,Clear All
318,Filters
319,With certificate
320,(17183)
321,Free course
322,(9115)
323,With free certificate
324,(1241)
325,University course only
326,(1030)
327,Level
328,Beginner
329,(10335)
330,Intermediate
331,(3980)
332,Advanced
333,(547)
334,Duration
335,1-5 hours
336,(12559)
337,5-10 hours
338,(2640)
339,10+ hours
340,(4975)
341,Language
342,English
343,(20672)
344,Amharic
345,(1)
346,Arabic
347,(206)
348,Bengali
349,(14)
350,Chinese
351,(206)
352,Dutch
353,(2)
354,French
355,(325)
356,German
357,(163)
358,Gujarati
359,(1)
360,Hebrew
361,(8)
362,Hindi
363,(151)
364,Indonesian
365,(82)
366,Italian
367,(113)
368,Japanese
369,(230)
370,Kannada
371,(1)
372,Korean
373,(113)
374,Polish
375,(40)
376,Portuguese
377,(430)
378,Romanian
379,(2)
380,Russian
381,(103)
382,Spanish
383,(1157)
384,Tagalog
385,(1)
386,Tamil
387,(8)
388,Telugu
389,(3)
390,Thai
391,(21)
392,Turkish
393,(378)
394,Ukranian
395,(2)
396,Urdu
397,(14)
398,Vietnamese
399,(14)
400,See all
401,"Show 10,000 courses"
402,Clear Filters
403,Python Data Structures
404,14789 reviews
405,"This course will introduce the core data structures of the Python programming language. We will move past the basics of procedural programming and explore how we can use the Python built-in data structures such as lists, dictionaries, and tuples to perfo…"
406,Add to list
407,Quick View
408,Coursera
409,"19 hours worth of material, 7 weeks long"
410,"13th Feb, 2023"
411,Free Online Course (Audit)
412,Programming for Everybody (Getting Started with Python)
413,39087 reviews
414,This course aims to teach everyone the basics of programming computers using Python. We cover the basics of how one constructs a program from a series of simple instructions in Python.
415,Add to list
416,Quick View
417,Coursera
418,"19 hours worth of material, 7 weeks long"
419,"13th Feb, 2023"
420,Free Online Course (Audit)
421,Best of All Time
422,Using Databases with Python
423,4104 reviews
424,"This course will introduce students to the basics of the Structured Query Language (SQL) as well as basic database design for storing data as part of a multi-step data gathering, analysis, and processing effort.  The course will use SQLite3 as its databa…"
425,Add to list
426,Quick View
427,Coursera
428,"15 hours worth of material, 5 weeks long"
429,"13th Feb, 2023"
430,Free Online Course (Audit)
431,Using Python to Access Web Data
432,5093 reviews
433,"This course will show how one can treat the Internet as a source of data.  We will scrape, parse, and read web data as well as access data using web APIs.  We will work with HTML, XML, and JSON data formats in Python.  This course will cover Chapters 11-…"
434,Add to list
435,Quick View
436,Coursera
437,"19 hours worth of material, 6 weeks long"
438,"13th Feb, 2023"
439,Free Online Course (Audit)
440,Computing in Python I: Fundamentals and Procedural Programming
441,229 reviews
442,"Learn the fundamentals of computing in Python, including variables, operators, and writing and debugging your own programs."
443,Add to list
444,Quick View
445,edX
446,"9-10 hours a week, 5 weeks long"
447,Self paced
448,Free Online Course (Audit)
449,Best of All Time
450,Microcredential
451,Python for Everybody
452,407 reviews
453,"This Specialization builds on the success of the Python for Everybody course and will introduce fundamental programming concepts including data structures, networked application program interfaces, and databases, using the Python programming language. In…"
454,Add to list
455,Quick View
456,Coursera
457,"3 hours a week, 35 weeks long"
458,Paid Course
459,5 courses
460,An Introduction to Interactive Programming in Python (Part 1)
461,3344 reviews
462,"In this course, get introduced the basic elements of programming (such as expressions, conditionals, and functions) and then use these elements to create simple interactive applications such as a digital stopwatch."
463,Add to list
464,Quick View
465,Coursera
466,"19 hours worth of material, 5 weeks long"
467,"27th Feb, 2023"
468,Free Online Course (Audit)
469,Best of All Time
470,Python and Statistics for Financial Analysis
471,435 reviews
472,"Due to python’s simplicity and high readability, it is gaining its importance in the financial industry. The course combines both python coding and statistical concepts and applies into analyzing financial data, such as stock data."
473,Add to list
474,Quick View
475,Coursera
476,"13 hours worth of material, 4 weeks long"
477,"27th Feb, 2023"
478,Free Online Course (Audit)
479,Best of All Time
480,Vanderbilt University
481,Introduction to Programming with MATLAB
482,207 reviews
483,"This course teaches computer programming to those with little to no previous experience. It uses the programming system and language called MATLAB to do so because it is easy to learn, versatile and very useful for engineers and other professionals."
484,Add to list
485,Quick View
486,Coursera
487,"35 hours worth of material, 9 weeks long"
488,"6th Feb, 2023"
489,Free Online Course (Audit)
490,Best of All Time
491,Python: aprender a programar
492,134 reviews
493,"Aprende a programar con Python desde cero. Comienza conociendo variables, bucles y funciones y llega a manejar ficheros de texto."
494,Add to list
495,Quick View
496,edX
497,"3-4 hours a week, 8 weeks long"
498,Self paced
499,Free Online Course (Audit)
500,Learn to Program: The Fundamentals
501,109 reviews
502,"Behind every mouse click and touch-screen tap, there is a computer program that makes things happen. This course introduces the fundamental building blocks of programming and teaches you how to write fun and useful programs using the Python language."
503,Add to list
504,Quick View
505,Coursera
506,"25 hours worth of material, 7 weeks long"
507,"6th Feb, 2023"
508,Free Online Course (Audit)
509,Best of All Time
510,Computing in Python IV: Objects & Algorithms
511,95 reviews
512,"Learn about recursion, search and sort algorithms, and object-oriented programming in Python."
513,Add to list
514,Quick View
515,edX
516,"9-10 hours a week, 5 weeks long"
517,Self paced
518,Free Online Course (Audit)
519,Python for Everybody - Exploring Information
520,109 reviews
521,Learn Python even if you have no programming background.
522,Add to list
523,Independent
524,On-Demand
525,Free Online Course
526,University System of Maryland
527,;
528,University of Maryland
529,Data Science and Agile Systems for Product Management
530,65 reviews
531,"Deliver faster, higher quality, and fault-tolerant products regardless of industry using the latest in Agile, DevOps, and Data Science."
532,Add to list
533,Quick View
534,edX
535,"2-3 hours a week, 4 weeks long"
536,Self paced
537,Free Online Course (Audit)
538,Responsive Web Design
539,78 reviews
540,"In this Responsive Web Design Certification, you'll learn the languages that developers use to build webpages: HTML (Hypertext Markup Language) for content, and CSS (Cascading Style Sheets) for design.First, you'll build a cat photo app to learn the basi…"
541,Add to list
542,Quick View
543,freeCodeCamp
544,300 hours worth of material
545,On-Demand
546,Free Certificate
547,Best of All Time
548,Load more
549,Load the next 15 courses of 9985
550,Home
551,Browse by subject
552,Computer Science
553,Psychology
554,Cybersecurity
555,Health
556,Law
557,Accounting
558,Web Development
559,Browse by provider
560,Coursera
561,edX
562,FutureLearn
563,Udacity
564,Swayam
565,Udemy
566,LinkedIn Learning
567,Browse by university
568,Harvard
569,Stanford
570,Georgia Tech
571,University of Michigan
572,Purdue University
573,Duke University
574,IIT Madras
575,Browse by institution
576,Google
577,Microsoft
578,IBM
579,Amazon
580,Linux Foundation
581,British Council
582,Salesforce
583,Rankings
584,Best Online Courses of All Time
585,Best Online Courses of the Year
586,Most Popular Courses of All Time
587,Most Popular Courses of the Year
588,250 Top FREE Coursera Courses of All Time
589,100 Top FREE edX Courses of All Time
590,250 Top Udemy Courses of All Time
591,The Report
592,by Class Central
593,RSS Feed
594,"The ""New Normal"" that Wasn't"
595,DDoS Attack on Class Central
596,500+ Online Degrees in India
597,Harvard's CS50 Free Certificate Guide
598,How Open University Works
599,Free Certificates & Courses
600,700+ Free Google Certificates
601,Free LinkedIn Learning Certificates
602,1600+ Free Coursera Courses
603,Ivy League Online Courses
604,175+ Free Writing Online Courses
605,About Class Central
606,"Class Central aggregates courses from many providers to help you find the best courses on almost any subject, wherever they exist."
607,Facebook
608,Twitter
609,LinkedIn
610,YouTube
611,Class Central © 2011-2023
612,Privacy Policy
613,About Us
614,Join Us
615,Help Center
616,Contact Us
617,Share
618,Facebook
619,Twitter
620,Email
621,Copy link
622,Never Stop Learning.
623,"Get personalized course recommendations, track subjects and courses with reminders, and more."
624,Sign up for free
