,link scrapped text
0,700+ Free Certificates from Google!
1,View
2,Close
3,Class Central
4,Courses
5,Class Central
6,Rankings
7,Collections
8,Subjects
9,View all
10,Computer Science
11,Health & Medicine
12,Mathematics
13,Business
14,Humanities
15,Engineering
16,Science
17,Education & Teaching
18,Social Sciences
19,Art & Design
20,Data Science
21,Programming
22,Personal Development
23,Information Security (InfoSec)
24,View all Subjects
25,Universities
26,The Report
27,Courses from
28,1000+ universities
29,Rankings
30,Best Courses
31,Best of All Time
32,Best of the Year 2022
33,Best of the Year 2021
34,Most Popular Courses
35,Most Popular of All Time
36,Most Popular of the Year 2022
37,Most Popular of the Year 2021
38,Collections
39,Monthly Course Reports
40,Starting this Month
41,New Online Courses
42,Most Popular
43,Computer Science
44,Artificial Intelligence
45,Algorithms and Data Structures
46,Internet of Things
47,Information Technology
48,Computer Networking
49,Machine Learning
50,DevOps
51,Deep Learning
52,Cryptography
53,Quantum Computing
54,Human-Computer Interaction (HCI)
55,Distributed Systems
56,Blockchain Development
57,Operating Systems
58,Computer Graphics
59,View all Computer Science
60,Health & Medicine
61,Nutrition & Wellness
62,Disease & Disorders
63,Public Health
64,Health Care
65,Nursing
66,Anatomy
67,Veterinary Science
68,Continuing Medical Education (CME)
69,View all Health & Medicine
70,Mathematics
71,Statistics & Probability
72,Foundations of Mathematics
73,Calculus
74,Discrete Mathematics
75,Trigonometry
76,Geometry
77,Algebra
78,Precalculus
79,Number Theory
80,Combinatorics
81,Mathematical logic
82,Linear Programming
83,View all Mathematics
84,Business
85,Management & Leadership
86,Finance
87,Entrepreneurship
88,Marketing
89,Strategic Management
90,Industry Specific
91,Business Intelligence
92,Accounting
93,Human Resources
94,Project Management
95,Sales
96,Design Thinking
97,Business Software
98,Risk Management
99,Corporate Social Responsibility
100,Customer Service
101,Nonprofit Management
102,Innovation
103,Operations Management
104,View all Business
105,Humanities
106,History
107,Literature
108,Language Learning
109,Grammar & Writing
110,Philosophy
111,Religion
112,ESL
113,Culture
114,Sports
115,Journalism
116,Ethics
117,Linguistics
118,Food
119,Library Science
120,Reading
121,Crisis Management
122,View all Humanities
123,Engineering
124,Electrical Engineering
125,Mechanical Engineering
126,Civil Engineering
127,Robotics
128,Nanotechnology
129,GIS
130,Textiles
131,Manufacturing
132,BIM
133,CAD
134,Chemical Engineering
135,Energy Systems
136,Aerospace Engineering
137,View all Engineering
138,Science
139,Chemistry
140,Physics
141,Environmental Science
142,Astronomy
143,Biology
144,Agriculture
145,Materials Science
146,Earth Science
147,Applied Science
148,Forensic Science
149,View all Science
150,Education & Teaching
151,K12
152,Higher Education
153,STEM
154,Teacher Professional Development
155,Course Development
156,Online Education
157,Test Prep
158,Pedagogy
159,View all Education & Teaching
160,Social Sciences
161,Sociology
162,Economics
163,Psychology
164,Anthropology
165,Political Science
166,Law
167,Urban Planning
168,Human Rights
169,Sustainability
170,Governance
171,Archaeology
172,Social Work
173,View all Social Sciences
174,Art & Design
175,Music
176,Digital Media
177,Visual Arts
178,Design & Creativity
179,View all Art & Design
180,Data Science
181,Bioinformatics
182,Big Data
183,Data Mining
184,Data Analysis
185,Data Visualization
186,Jupyter Notebooks
187,View all Data Science
188,Programming
189,Mobile Development
190,Web Development
191,Databases
192,Game Development
193,Programming Languages
194,Software Development
195,Cloud Computing
196,View all Programming
197,Personal Development
198,Communication Skills
199,Career Development
200,Self Improvement
201,Presentation Skills
202,Resilience
203,View all Personal Development
204,Information Security (InfoSec)
205,Cybersecurity
206,Network Security
207,Ethical Hacking
208,Digital Forensics
209,Reverse Engineering
210,Penetration Testing
211,Malware Analysis
212,DevSecOps
213,OSINT (Open Source Intelligence)
214,Threat Intelligence
215,Information Security Certifications
216,Red Team
217,Blue Team
218,View all Information Security (InfoSec)
219,The Report
220,2022 Year in Review: The “New Normal” that Wasn’t
221,"The pandemic ushered in a “new normal” in online learning, but it culminated in layoffs and stock drops."
222,Dhawal Shah
223,"Jan 02, 2023"
224,Latest
225,"Review of Goldman Sachs 10,000 Women Courses"
226,10 Best Japanese Courses to Take in 2023
227,7 Best Erlang Courses to Take in 2023
228,Harvard CS50 Guide: How to Pick the Right Course (with Free Certificate)
229,10 Best CSS Animation Courses to Take in 2023
230,Visit
231,The Report
232,"DDoS Attack on Class Central: Mitigation, SEO Impact, and Costs"
233,Trending
234,Most common
235,c
236,psychology
237,French
238,Popular subjects
239,Digital Skills
240,209 courses
241,Programming
242,"24,443 courses"
243,Information Technology (IT) Certifications
244,504 courses
245,Popular courses
246,The Science of Happiness
247,"University of California, Berkeley"
248,Introduction to Financial Accounting
249,University of Pennsylvania
250,Cryptography I
251,Stanford University
252,Organize and share your learning with Class Central Lists.
253,View our
254,Lists Showcase
255,Sign up
256,Log in
257,or
258,Sign up
259,Log in
260,Sign up
261,Subjects
262,Health & Medicine
263,Public Health
264,Free Online
265,Public Health Courses
266,"Learn Public Health, earn certificates with free online courses from Harvard, Stanford and other top universities around the world. Read reviews to decide if a class is right for you."
267,Follow
268,138.7k
269,Share
270,445 courses
271,Related Subjects
272,Biology Courses
273,Healthcare Informatics Courses
274,Biostatistics Courses
275,Clinical Research Courses
276,Pharmacology Courses
277,Health Care Courses
278,Nursing Courses
279,Coronavirus Courses
280,Showing
281,445 courses
282,Filter
283,Sort by Relevancy
284,Relevancy
285,Highest rated
286,Lowest rated
287,Most recently added
288,Filter by
289,Clear All
290,Filters
291,With certificate
292,(372)
293,Free course
294,(396)
295,With free certificate
296,(71)
297,University course only
298,(329)
299,Level
300,Beginner
301,(176)
302,Intermediate
303,(80)
304,Advanced
305,(2)
306,Duration
307,1-5 hours
308,(31)
309,5-10 hours
310,(45)
311,10+ hours
312,(272)
313,Language
314,English
315,(394)
316,Arabic
317,(1)
318,Chinese
319,(2)
320,French
321,(18)
322,Hindi
323,(3)
324,Indonesian
325,(1)
326,Japanese
327,(1)
328,Lingala
329,(1)
330,Portuguese
331,(1)
332,Russian
333,(1)
334,Spanish
335,(16)
336,Swahili
337,(2)
338,Tamil
339,(1)
340,Thai
341,(2)
342,Vietnamese
343,(1)
344,See all
345,Show 445 courses
346,Clear Filters
347,Taipei Medical University
348,AI and Big Data in Global Health Improvement
349,44 reviews
350,"In this course, you’ll explore the benefits and challenges of sharing healthcare data globally. With support from industry experts, you’ll consider topics like the future of medical development, improving care, healthcare accessibility, and more. You’ll…"
351,Add to list
352,Quick View
353,FutureLearn
354,"1 hour a week, 4 weeks long"
355,Self paced
356,Free Online Course (Audit)
357,Best of All Time
358,Community Change in Public Health
359,10 reviews
360,"In bringing about behavior change in public health, we often focus on the individual mother, student, or farmer. We should not forget the community structure and norms constrain for encouraging individual health behaviors. This course examines the commun…"
361,Add to list
362,Quick View
363,Coursera
364,"11 hours worth of material, 5 weeks long"
365,"13th Feb, 2023"
366,Free Online Course (Audit)
367,Improving Global Health: Focusing on Quality and Safety
368,10 reviews
369,An introduction to the emerging field of global healthcare quality.
370,Add to list
371,Quick View
372,edX
373,"2-4 hours a week, 10 weeks long"
374,Self paced
375,Free Online Course (Audit)
376,Humanitarian Response to Conflict and Disaster
377,9 reviews
378,"Learn the principles guiding humanitarian response to modern emergencies, and the challenges faced in the field today."
379,Add to list
380,Quick View
381,edX
382,"3-4 hours a week, 5 weeks long"
383,Self paced
384,Free Online Course (Audit)
385,PredictionX: John Snow and the Cholera Epidemic of 1854
386,7 reviews
387,An in-depth look at the 1854 London cholera epidemic in Soho and its importance for the field of epidemiology.
388,Add to list
389,Quick View
390,edX
391,1 week long
392,Self paced
393,Free Online Course (Audit)
394,The University of North Carolina at Chapel Hill
395,Epidemiology: The Basic Science of Public Health
396,29 reviews
397,"Epidemiology is the study of the distribution and determinants of diseases, health conditions, or events among populations and the application of that study to control health problems. By applying the concepts learned in this course to current public hea…"
398,Add to list
399,Quick View
400,Coursera
401,"6-7 hours worth of material, 6 weeks long"
402,"6th Mar, 2023"
403,Free Online Course (Audit)
404,Health for All Through Primary Health Care
405,252 ratings at Coursera
406,This course explores why primary health care is central for achieving Health for All. It provides examples of how primary health care has been instrumental in approaching this goal in selected populations and how the principles of primary health care can…
407,Add to list
408,Quick View
409,Coursera
410,"11 hours worth of material, 5 weeks long"
411,"12th Feb, 2023"
412,Free Online Course (Audit)
413,COVID Vaccine Ambassador Training: How to Talk to Parents
414,1200 ratings at Coursera
415,"Vaccination is a key strategy for preventing serious illness and death from COVID-19. COVID-19 vaccines are available for children 5 and older, but many parents have questions about vaccinations. This training course prepares parents of school-age childr…"
416,Add to list
417,Quick View
418,Coursera
419,"2-3 hours worth of material, 1 week long"
420,"13th Feb, 2023"
421,Free Online Course (Audit)
422,Systems Science and Obesity
423,193 ratings at Coursera
424,"Systems science has been instrumental in breaking new scientific ground in diverse fields such as meteorology, engineering and decision analysis.   However, it is just beginning to impact public health.   This seminar is designed to introduce students to…"
425,Add to list
426,Quick View
427,Coursera
428,"11 hours worth of material, 4 weeks long"
429,"13th Feb, 2023"
430,Free Online Course (Audit)
431,Outbreaks and Epidemics
432,678 ratings at Coursera
433,"Professional epidemiologists are often called on to investigate outbreaks and epidemics. This course serves as an introduction to the essentials of investigation, identifying pathogens, figuring out what's going on, reporting, and responding."
434,Add to list
435,Quick View
436,Coursera
437,"5-6 hours worth of material, 4 weeks long"
438,"20th Feb, 2023"
439,Free Online Course (Audit)
440,"Prescription Drug Regulation, Cost, and Access: Current Controversies in Context"
441,2 reviews
442,"Understand how the FDA regulates pharmaceuticals and explore debates on prescription drug costs, marketing, and testing."
443,Add to list
444,Quick View
445,edX
446,"2-5 hours a week, 8 weeks long"
447,Self paced
448,Free Online Course (Audit)
449,United States Health Policy
450,2 reviews
451,Learn the essentials of U.S. health care policy from some of the nation's top experts.
452,Add to list
453,Quick View
454,edX
455,"1-4 hours a week, 10 weeks long"
456,Self paced
457,Free Online Course (Audit)
458,U.S. Health Law Fundamentals
459,191 ratings at Coursera
460,"This course explores how statutes, regulations, common law, and market forces help or hinder three major goals of policy makers: increasing access, reducing cost, and improving quality. We will examine the Supreme Court’s rulings on the ACA and other leg…"
461,Add to list
462,Quick View
463,Coursera
464,"9-10 hours worth of material, 4 weeks long"
465,"13th Feb, 2023"
466,Free Online Course (Audit)
467,Comparative Health Systems
468,67 ratings at Coursera
469,"This course uses comparative analysis of health care systems to gain a better understanding of health care systems in several high-income, middle-income and low-income countries. One focus of analysis in this course will therefore be to develop a better…"
470,Add to list
471,Quick View
472,Coursera
473,"11 hours worth of material, 4 weeks long"
474,"13th Feb, 2023"
475,Free Online Course (Audit)
476,Fundamentals for Implementing a Hypertension Program
477,23 ratings at Coursera
478,"This course provides the fundamental knowledge necessary for program managers and implementors in a hypertension control program, especially in resource-limited settings. The course is interactive and includes useful tips relevant to different settings.…"
479,Add to list
480,Quick View
481,Coursera
482,"3-4 hours worth of material, 6 weeks long"
483,"13th Feb, 2023"
484,Free Online Course (Audit)
485,Load more
486,Load the next 15 courses of 430
487,Home
488,Browse by subject
489,Computer Science
490,Psychology
491,Cybersecurity
492,Health
493,Law
494,Accounting
495,Web Development
496,Browse by provider
497,Coursera
498,edX
499,FutureLearn
500,Udacity
501,Swayam
502,Udemy
503,LinkedIn Learning
504,Browse by university
505,Harvard
506,Stanford
507,Georgia Tech
508,University of Michigan
509,Purdue University
510,Duke University
511,IIT Madras
512,Browse by institution
513,Google
514,Microsoft
515,IBM
516,Amazon
517,Linux Foundation
518,British Council
519,Salesforce
520,Rankings
521,Best Online Courses of All Time
522,Best Online Courses of the Year
523,Most Popular Courses of All Time
524,Most Popular Courses of the Year
525,250 Top FREE Coursera Courses of All Time
526,100 Top FREE edX Courses of All Time
527,250 Top Udemy Courses of All Time
528,The Report
529,by Class Central
530,RSS Feed
531,"The ""New Normal"" that Wasn't"
532,DDoS Attack on Class Central
533,500+ Online Degrees in India
534,Harvard's CS50 Free Certificate Guide
535,How Open University Works
536,Free Certificates & Courses
537,700+ Free Google Certificates
538,Free LinkedIn Learning Certificates
539,1600+ Free Coursera Courses
540,Ivy League Online Courses
541,175+ Free Writing Online Courses
542,About Class Central
543,"Class Central aggregates courses from many providers to help you find the best courses on almost any subject, wherever they exist."
544,Facebook
545,Twitter
546,LinkedIn
547,YouTube
548,Class Central © 2011-2023
549,Privacy Policy
550,About Us
551,Join Us
552,Help Center
553,Contact Us
554,Share
555,Facebook
556,Twitter
557,Email
558,Copy link
559,Never Stop Learning.
560,"Get personalized course recommendations, track subjects and courses with reminders, and more."
561,Sign up for free
