,link scrapped text
0,700+ Free Certificates from Google!
1,View
2,Close
3,Class Central
4,Courses
5,Class Central
6,Rankings
7,Collections
8,Subjects
9,View all
10,Computer Science
11,Health & Medicine
12,Mathematics
13,Business
14,Humanities
15,Engineering
16,Science
17,Education & Teaching
18,Social Sciences
19,Art & Design
20,Data Science
21,Programming
22,Personal Development
23,Information Security (InfoSec)
24,View all Subjects
25,Universities
26,The Report
27,Courses from
28,1000+ universities
29,Rankings
30,Best Courses
31,Best of All Time
32,Best of the Year 2022
33,Best of the Year 2021
34,Most Popular Courses
35,Most Popular of All Time
36,Most Popular of the Year 2022
37,Most Popular of the Year 2021
38,Collections
39,Monthly Course Reports
40,Starting this Month
41,New Online Courses
42,Most Popular
43,Computer Science
44,Artificial Intelligence
45,Algorithms and Data Structures
46,Internet of Things
47,Information Technology
48,Computer Networking
49,Machine Learning
50,DevOps
51,Deep Learning
52,Cryptography
53,Quantum Computing
54,Human-Computer Interaction (HCI)
55,Distributed Systems
56,Blockchain Development
57,Operating Systems
58,Computer Graphics
59,View all Computer Science
60,Health & Medicine
61,Nutrition & Wellness
62,Disease & Disorders
63,Public Health
64,Health Care
65,Nursing
66,Anatomy
67,Veterinary Science
68,Continuing Medical Education (CME)
69,View all Health & Medicine
70,Mathematics
71,Statistics & Probability
72,Foundations of Mathematics
73,Calculus
74,Discrete Mathematics
75,Trigonometry
76,Geometry
77,Algebra
78,Precalculus
79,Number Theory
80,Combinatorics
81,Mathematical logic
82,Linear Programming
83,View all Mathematics
84,Business
85,Management & Leadership
86,Finance
87,Entrepreneurship
88,Marketing
89,Strategic Management
90,Industry Specific
91,Business Intelligence
92,Accounting
93,Human Resources
94,Project Management
95,Sales
96,Design Thinking
97,Business Software
98,Risk Management
99,Corporate Social Responsibility
100,Customer Service
101,Nonprofit Management
102,Innovation
103,Operations Management
104,View all Business
105,Humanities
106,History
107,Literature
108,Language Learning
109,Grammar & Writing
110,Philosophy
111,Religion
112,ESL
113,Culture
114,Sports
115,Journalism
116,Ethics
117,Linguistics
118,Food
119,Library Science
120,Reading
121,Crisis Management
122,View all Humanities
123,Engineering
124,Electrical Engineering
125,Mechanical Engineering
126,Civil Engineering
127,Robotics
128,Nanotechnology
129,GIS
130,Textiles
131,Manufacturing
132,BIM
133,CAD
134,Chemical Engineering
135,Energy Systems
136,Aerospace Engineering
137,View all Engineering
138,Science
139,Chemistry
140,Physics
141,Environmental Science
142,Astronomy
143,Biology
144,Agriculture
145,Materials Science
146,Earth Science
147,Applied Science
148,Forensic Science
149,View all Science
150,Education & Teaching
151,K12
152,Higher Education
153,STEM
154,Teacher Professional Development
155,Course Development
156,Online Education
157,Test Prep
158,Pedagogy
159,View all Education & Teaching
160,Social Sciences
161,Sociology
162,Economics
163,Psychology
164,Anthropology
165,Political Science
166,Law
167,Urban Planning
168,Human Rights
169,Sustainability
170,Governance
171,Archaeology
172,Social Work
173,View all Social Sciences
174,Art & Design
175,Music
176,Digital Media
177,Visual Arts
178,Design & Creativity
179,View all Art & Design
180,Data Science
181,Bioinformatics
182,Big Data
183,Data Mining
184,Data Analysis
185,Data Visualization
186,Jupyter Notebooks
187,View all Data Science
188,Programming
189,Mobile Development
190,Web Development
191,Databases
192,Game Development
193,Programming Languages
194,Software Development
195,Cloud Computing
196,View all Programming
197,Personal Development
198,Communication Skills
199,Career Development
200,Self Improvement
201,Presentation Skills
202,Resilience
203,View all Personal Development
204,Information Security (InfoSec)
205,Cybersecurity
206,Network Security
207,Ethical Hacking
208,Digital Forensics
209,Reverse Engineering
210,Penetration Testing
211,Malware Analysis
212,DevSecOps
213,OSINT (Open Source Intelligence)
214,Threat Intelligence
215,Information Security Certifications
216,Red Team
217,Blue Team
218,View all Information Security (InfoSec)
219,The Report
220,2022 Year in Review: The “New Normal” that Wasn’t
221,"The pandemic ushered in a “new normal” in online learning, but it culminated in layoffs and stock drops."
222,Dhawal Shah
223,"Jan 02, 2023"
224,Latest
225,"Review of Goldman Sachs 10,000 Women Courses"
226,10 Best Japanese Courses to Take in 2023
227,7 Best Erlang Courses to Take in 2023
228,Harvard CS50 Guide: How to Pick the Right Course (with Free Certificate)
229,10 Best CSS Animation Courses to Take in 2023
230,Visit
231,The Report
232,"DDoS Attack on Class Central: Mitigation, SEO Impact, and Costs"
233,Trending
234,Most common
235,python
236,law
237,French
238,Popular subjects
239,Digital Skills
240,209 courses
241,Programming
242,"24,443 courses"
243,Information Technology (IT) Certifications
244,504 courses
245,Popular courses
246,The Science of Happiness
247,"University of California, Berkeley"
248,Introduction to Financial Accounting
249,University of Pennsylvania
250,Cryptography I
251,Stanford University
252,Organize and share your learning with Class Central Lists.
253,View our
254,Lists Showcase
255,Sign up
256,Log in
257,or
258,Sign up
259,Log in
260,Sign up
261,Subjects
262,Computer Science
263,Quantum Computing
264,Free Online
265,Quantum Computing Courses
266,"Learn Quantum Computing, earn certificates with free online courses from Stanford, MIT, University of Toronto, The University of British Columbia and other top universities around the world. Read reviews to decide if a class is right for you."
267,Follow
268,29.4k
269,Share
270,76 courses
271,Related Subjects
272,Quantum Mechanics Courses
273,Physics Courses
274,Mathematics Courses
275,Astronomy Courses
276,Machine Learning Courses
277,Cryptography Courses
278,Electrical Engineering Courses
279,Information Technology Courses
280,Showing
281,76 courses
282,Filter
283,Sort by Relevancy
284,Relevancy
285,Highest rated
286,Lowest rated
287,Most recently added
288,Filter by
289,Clear All
290,Filters
291,With certificate
292,(53)
293,Free course
294,(55)
295,University course only
296,(49)
297,Level
298,Beginner
299,(19)
300,Advanced
301,(15)
302,Intermediate
303,(10)
304,Duration
305,1-5 hours
306,(10)
307,5-10 hours
308,(5)
309,10+ hours
310,(46)
311,Language
312,English
313,(72)
314,German
315,(1)
316,Japanese
317,(1)
318,Russian
319,(2)
320,Show 76 courses
321,Clear Filters
322,Stanford Seminar - How to Compute with Schrödinger's Cat: An Introduction to Quantum Computing
323,1 review
324,"In the first part of the talk, we will introduce key concepts underlying quantum computing and describe alternative quantum computational models. In the second half of the talk, we will discuss applications of quantum computing, known advantages and limi…"
325,Add to list
326,Quick View
327,YouTube
328,1-2 hours worth of material
329,On-Demand
330,Free Online Course
331,Applied Quantum Computing II: Hardware
332,Learn how present-day material platforms are built to perform quantum information processing tasks.
333,Add to list
334,Quick View
335,edX
336,"7-8 hours a week, 6 weeks long"
337,"13th Feb, 2023"
338,Free Online Course (Audit)
339,Quantum Detectors
340,Learn about quantum sensors and devices that extract maximal information from the world around us.
341,Add to list
342,Quick View
343,edX
344,"6-9 hours a week, 6 weeks long"
345,"13th Feb, 2023"
346,Free Online Course (Audit)
347,Extra Credits
348,Extra History : Quantum Computing
349,2 reviews
350,Syllabus: Quantum Computing - The Foundation of Everything - Extra History - #1. Quantum Computing - Electron Boogaloo - Extra History - #2. Quantum Computing - The Einstein-Bohr Debates - Extra History - #3. Quantum Computing - Spooky Action at a Distan…
351,Add to list
352,YouTube
353,Less than 1 hour of material
354,On-Demand
355,Free Online Course
356,NPTEL
357,;
358,IIT Kanpur
359,Quantum Computing
360,"The addressability of the quantum system and its fragility to fidelity are the major issues of concern, which if addressed appropriately, will enable this new approach to revolutionize the present form of computing. After developing the basics, this cour…"
361,Add to list
362,Quick View
363,YouTube
364,28 hours worth of material
365,On-Demand
366,Free Online Course
367,NPTEL
368,;
369,IIT Bombay
370,Quantum Information and Computing
371,The course is Primarily for Students of Physics and Engineering having exposure to basic quantum mechanics and knowledge of Linear Algebra.
372,Add to list
373,Quick View
374,YouTube
375,21 hours worth of material
376,On-Demand
377,Free Online Course
378,NPTEL
379,;
380,IIT Bombay
381,Quantum Information and Computing
382,The course is Primarily for Students of Physics and Engineering having exposure to basic quantum mechanics and knowledge of Linear Algebra.
383,Add to list
384,Quick View
385,YouTube
386,21 hours worth of material
387,On-Demand
388,Free Online Course
389,Azure Quantum Developer Workshop | July 2020
390,Syllabus: Opening Remarks  .  Microsoft Quantum Overview .  Azure Quantum Overview   .  Optimization Deep Dive  .  Q# and Quantum Execution   .  Virtual lab – using Q# and the QDK   .  Learning Quantum   .  Building a Quantum Community   .  Closing remar…
391,Add to list
392,YouTube
393,5 hours worth of material
394,On-Demand
395,Free Online Course
396,Microsoft Azure Quantum Developer Workshop | Part 2
397,Syllabus: Opening remarks               .  1QBit showcase     .  Honeywell showcase .  IONQ showcase.  Microsoft showcase .  Developer office hours .
398,Add to list
399,YouTube
400,3-4 hours worth of material
401,On-Demand
402,Free Online Course
403,Quantum programming with Q# and running on hardware with Azure Quantum | Azure Friday
404,Syllabus: – Intro.  – Overview.  – From algorithm to coding and unit tests.  – Jupyter notebook support for Q#.  – Wrap-up.
405,Add to list
406,YouTube
407,Less than 1 hour of material
408,On-Demand
409,Free Online Course
410,Quantum-inspired algorithms and the Azure Quantum optimization service | Azure Friday
411,"Syllabus: – Introduction .  – What problems can you solve with quantum-inspired optimization?.  – A concrete example: Secret Santa.  – Demo, Part I: Solving Secret Santa with QIO.  – Demo, Part II: Running the code.  – Quantum-inspired algorithms.  – Wra…"
412,Add to list
413,YouTube
414,Less than 1 hour of material
415,On-Demand
416,Free Online Course
417,Domain of Science
418,The Map of Quantum Computing | Quantum Computers Explained
419,Syllabus: Introduction  How Quantum Computers Work  Quantum Algorithms  Potential Applications of Quantum Computing  Models of Quantum Computing  Qiskit Sponsorship Message  Models of Quantum Computing Continued  Obstacles to Building a Quantum Computer…
420,Add to list
421,YouTube
422,Less than 1 hour of material
423,On-Demand
424,Free Online Course
425,Quantum Machine Learning
426,1 review
427,"Quantum computers are becoming available, which begs the question: what are we going to use them for? Machine learning is a good candidate. In this course we will introduce several quantum machine learning algorithms and implement them in Python."
428,Add to list
429,Quick View
430,edX
431,"6-8 hours a week, 9 weeks long"
432,Self paced
433,Free Online Course (Audit)
434,The Hardware of a Quantum Computer
435,1 review
436,"Learn how a quantum computer could be physically build, and how it could be controlled."
437,Add to list
438,Quick View
439,edX
440,"6-8 hours a week, 6 weeks long"
441,Self paced
442,Free Online Course (Audit)
443,The Quantum Internet and Quantum Computers: How Will They Change the World?
444,1 review
445,Discover quantum computers and the quantum internet. Learn the principles and promises behind these developments and how quantum computing and quantum information will impact our future.
446,Add to list
447,Quick View
448,edX
449,"2-3 hours a week, 6 weeks long"
450,Self paced
451,Free Online Course (Audit)
452,Load more
453,Load the next 15 courses of 61
454,Home
455,Browse by subject
456,Computer Science
457,Psychology
458,Cybersecurity
459,Health
460,Law
461,Accounting
462,Web Development
463,Browse by provider
464,Coursera
465,edX
466,FutureLearn
467,Udacity
468,Swayam
469,Udemy
470,LinkedIn Learning
471,Browse by university
472,Harvard
473,Stanford
474,Georgia Tech
475,University of Michigan
476,Purdue University
477,Duke University
478,IIT Madras
479,Browse by institution
480,Google
481,Microsoft
482,IBM
483,Amazon
484,Linux Foundation
485,British Council
486,Salesforce
487,Rankings
488,Best Online Courses of All Time
489,Best Online Courses of the Year
490,Most Popular Courses of All Time
491,Most Popular Courses of the Year
492,250 Top FREE Coursera Courses of All Time
493,100 Top FREE edX Courses of All Time
494,250 Top Udemy Courses of All Time
495,The Report
496,by Class Central
497,RSS Feed
498,"The ""New Normal"" that Wasn't"
499,DDoS Attack on Class Central
500,500+ Online Degrees in India
501,Harvard's CS50 Free Certificate Guide
502,How Open University Works
503,Free Certificates & Courses
504,700+ Free Google Certificates
505,Free LinkedIn Learning Certificates
506,1600+ Free Coursera Courses
507,Ivy League Online Courses
508,175+ Free Writing Online Courses
509,About Class Central
510,"Class Central aggregates courses from many providers to help you find the best courses on almost any subject, wherever they exist."
511,Facebook
512,Twitter
513,LinkedIn
514,YouTube
515,Class Central © 2011-2023
516,Privacy Policy
517,About Us
518,Join Us
519,Help Center
520,Contact Us
521,Share
522,Facebook
523,Twitter
524,Email
525,Copy link
526,Never Stop Learning.
527,"Get personalized course recommendations, track subjects and courses with reminders, and more."
528,Sign up for free
