,link scrapped text
0,700+ Free Certificates from Google!
1,View
2,Close
3,Class Central
4,Courses
5,Class Central
6,Rankings
7,Collections
8,Subjects
9,View all
10,Computer Science
11,Health & Medicine
12,Mathematics
13,Business
14,Humanities
15,Engineering
16,Science
17,Education & Teaching
18,Social Sciences
19,Art & Design
20,Data Science
21,Programming
22,Personal Development
23,Information Security (InfoSec)
24,View all Subjects
25,Universities
26,The Report
27,Courses from
28,1000+ universities
29,Rankings
30,Best Courses
31,Best of All Time
32,Best of the Year 2022
33,Best of the Year 2021
34,Most Popular Courses
35,Most Popular of All Time
36,Most Popular of the Year 2022
37,Most Popular of the Year 2021
38,Collections
39,Monthly Course Reports
40,Starting this Month
41,New Online Courses
42,Most Popular
43,Computer Science
44,Artificial Intelligence
45,Algorithms and Data Structures
46,Internet of Things
47,Information Technology
48,Computer Networking
49,Machine Learning
50,DevOps
51,Deep Learning
52,Cryptography
53,Quantum Computing
54,Human-Computer Interaction (HCI)
55,Distributed Systems
56,Blockchain Development
57,Operating Systems
58,Computer Graphics
59,View all Computer Science
60,Health & Medicine
61,Nutrition & Wellness
62,Disease & Disorders
63,Public Health
64,Health Care
65,Nursing
66,Anatomy
67,Veterinary Science
68,Continuing Medical Education (CME)
69,View all Health & Medicine
70,Mathematics
71,Statistics & Probability
72,Foundations of Mathematics
73,Calculus
74,Discrete Mathematics
75,Trigonometry
76,Geometry
77,Algebra
78,Precalculus
79,Number Theory
80,Combinatorics
81,Mathematical logic
82,Linear Programming
83,View all Mathematics
84,Business
85,Management & Leadership
86,Finance
87,Entrepreneurship
88,Marketing
89,Strategic Management
90,Industry Specific
91,Business Intelligence
92,Accounting
93,Human Resources
94,Project Management
95,Sales
96,Design Thinking
97,Business Software
98,Risk Management
99,Corporate Social Responsibility
100,Customer Service
101,Nonprofit Management
102,Innovation
103,Operations Management
104,View all Business
105,Humanities
106,History
107,Literature
108,Language Learning
109,Grammar & Writing
110,Philosophy
111,Religion
112,ESL
113,Culture
114,Sports
115,Journalism
116,Ethics
117,Linguistics
118,Food
119,Library Science
120,Reading
121,Crisis Management
122,View all Humanities
123,Engineering
124,Electrical Engineering
125,Mechanical Engineering
126,Civil Engineering
127,Robotics
128,Nanotechnology
129,GIS
130,Textiles
131,Manufacturing
132,BIM
133,CAD
134,Chemical Engineering
135,Energy Systems
136,Aerospace Engineering
137,View all Engineering
138,Science
139,Chemistry
140,Physics
141,Environmental Science
142,Astronomy
143,Biology
144,Agriculture
145,Materials Science
146,Earth Science
147,Applied Science
148,Forensic Science
149,View all Science
150,Education & Teaching
151,K12
152,Higher Education
153,STEM
154,Teacher Professional Development
155,Course Development
156,Online Education
157,Test Prep
158,Pedagogy
159,View all Education & Teaching
160,Social Sciences
161,Sociology
162,Economics
163,Psychology
164,Anthropology
165,Political Science
166,Law
167,Urban Planning
168,Human Rights
169,Sustainability
170,Governance
171,Archaeology
172,Social Work
173,View all Social Sciences
174,Art & Design
175,Music
176,Digital Media
177,Visual Arts
178,Design & Creativity
179,View all Art & Design
180,Data Science
181,Bioinformatics
182,Big Data
183,Data Mining
184,Data Analysis
185,Data Visualization
186,Jupyter Notebooks
187,View all Data Science
188,Programming
189,Mobile Development
190,Web Development
191,Databases
192,Game Development
193,Programming Languages
194,Software Development
195,Cloud Computing
196,View all Programming
197,Personal Development
198,Communication Skills
199,Career Development
200,Self Improvement
201,Presentation Skills
202,Resilience
203,View all Personal Development
204,Information Security (InfoSec)
205,Cybersecurity
206,Network Security
207,Ethical Hacking
208,Digital Forensics
209,Reverse Engineering
210,Penetration Testing
211,Malware Analysis
212,DevSecOps
213,OSINT (Open Source Intelligence)
214,Threat Intelligence
215,Information Security Certifications
216,Red Team
217,Blue Team
218,View all Information Security (InfoSec)
219,The Report
220,2022 Year in Review: The “New Normal” that Wasn’t
221,"The pandemic ushered in a “new normal” in online learning, but it culminated in layoffs and stock drops."
222,Dhawal Shah
223,"Jan 02, 2023"
224,Latest
225,"Review of Goldman Sachs 10,000 Women Courses"
226,10 Best Japanese Courses to Take in 2023
227,7 Best Erlang Courses to Take in 2023
228,Harvard CS50 Guide: How to Pick the Right Course (with Free Certificate)
229,10 Best CSS Animation Courses to Take in 2023
230,Visit
231,The Report
232,"DDoS Attack on Class Central: Mitigation, SEO Impact, and Costs"
233,Trending
234,Most common
235,excel
236,harvard
237,cyber security
238,Popular subjects
239,Digital Skills
240,209 courses
241,Programming
242,"24,443 courses"
243,Information Technology (IT) Certifications
244,504 courses
245,Popular courses
246,The Science of Happiness
247,"University of California, Berkeley"
248,Introduction to Financial Accounting
249,University of Pennsylvania
250,Cryptography I
251,Stanford University
252,Organize and share your learning with Class Central Lists.
253,View our
254,Lists Showcase
255,Sign up
256,Log in
257,or
258,Sign up
259,Log in
260,Sign up
261,Class Central
262,Rankings
263,Best of All Time
264,Best of the Year (2022 Edition)
265,Most Popular of the Year (2021 Edition)
266,Best of All Time
267,Best of the Year (2022 Edition)
268,Most Popular of the Year (2021 Edition)
269,Download Badges
270,The highest rated online courses and MOOCs of all time from top universities around the world. Based on thousands of reviews written by Class Central users.
271,Learn more
272,The Best Free Online Courses of All Time
273,Tsinghua University
274,Medical Parasitology | 医学寄生虫学
275,188 Reviews
276,edX
277,•
278,"1-2 hours a week
                         /
                        12 weeks long"
279,Quick View
280,Add to list
281,Yale University
282,Understanding Medical Research: Your Facebook Friend is Wrong
283,364 Reviews
284,Coursera
285,•
286,"17 hours worth of material
                         /
                        7 weeks long"
287,Quick View
288,Add to list
289,Rice University
290,An Introduction to Interactive Programming in Python (Part 1)
291,3344 Reviews
292,Coursera
293,•
294,"19 hours worth of material
                         /
                        5 weeks long"
295,Quick View
296,Add to list
297,University of Alberta
298,Mountains 101
299,597 Reviews
300,Coursera
301,•
302,"18 hours worth of material
                         /
                        12 weeks long"
303,Quick View
304,Add to list
305,Georgetown University
306,Quantum Mechanics for Everyone
307,113 Reviews
308,edX
309,•
310,"7-10 hours a week
                         /
                        6 weeks long"
311,Quick View
312,Add to list
313,University of Tasmania
314,Understanding Dementia
315,12213 Reviews
316,Independent
317,•
318,"3 hours a week
                         /
                        7 weeks long"
319,Quick View
320,Add to list
321,University of Pennsylvania
322,Modern & Contemporary American Poetry (“ModPo”)
323,190 Reviews
324,Coursera
325,•
326,"93 hours worth of material
                         /
                        10 weeks long"
327,Quick View
328,Add to list
329,Showing 7 of 250
330,View
331,The Best Free Online Courses of All Time
332,Courses
333,Download Badges
334,The highest rated online courses and MOOCs released in 2021 from top universities around the world. Based on thousands of reviews written by Class Central users.
335,Learn more
336,Previous Years
337,Best of 2021
338,Best of 2019
339,Best of 2018
340,Best of 2017
341,Best of 2016
342,Best of 2015
343,Class Central's Best Online Courses of the Year (2022 Edition)
344,University of Tasmania
345,Understanding Traumatic Brain Injury (TBI)
346,1043 Reviews
347,Independent
348,•
349,"2 hours a week
                         /
                        5 weeks long"
350,Quick View
351,Add to list
352,Deep Teaching Solutions
353,Uncommon Sense Teaching
354,390 Reviews
355,Coursera
356,•
357,"16 hours worth of material
                         /
                        4 weeks long"
358,Quick View
359,Add to list
360,Learn Like a Pro: Science-Based Tools to Become Better at Anything
361,207 Reviews
362,edX
363,•
364,"1-2 hours a week
                         /
                        2 weeks long"
365,Quick View
366,Add to list
367,University of Urbino
368,Intelligenza Artificiale
369,50 Reviews
370,Independent
371,Quick View
372,Add to list
373,British Council
374,Exploring English: Food and Culture
375,69 Reviews
376,FutureLearn
377,•
378,"3 hours a week
                         /
                        4 weeks long"
379,Quick View
380,Add to list
381,The Hong Kong University of Science and Technology
382,Numerical Methods for Engineers
383,36 Reviews
384,Coursera
385,•
386,"42 hours worth of material
                         /
                        6 weeks long"
387,Quick View
388,Add to list
389,University of Illinois at Urbana-Champaign
390,The Digital Marketing Revolution
391,265 Reviews
392,Coursera
393,•
394,"27 hours worth of material
                         /
                        4 weeks long"
395,Quick View
396,Add to list
397,Showing 7 of 20
398,View
399,Class Central's Best Online Courses of the Year (2022 Edition)
400,Courses
401,"By combining course enrollments data and Class Central's data, we came up with a list of the 100 most popular free online courses and MOOCs released in 2020."
402,Learn more
403,Previous Years
404,Most Popular of 2019
405,Most Popular of 2018
406,The Most Popular Courses of the Year (2021 Edition)
407,Yale University
408,Understanding Medical Research: Your Facebook Friend is Wrong
409,364 Reviews
410,Coursera
411,•
412,"17 hours worth of material
                         /
                        7 weeks long"
413,Quick View
414,Add to list
415,British Council
416,Understanding IELTS: Writing
417,481 Reviews
418,FutureLearn
419,•
420,"3 hours a week
                         /
                        3 weeks long"
421,Quick View
422,Add to list
423,British Council
424,Teaching Young Learners Online
425,412 Reviews
426,FutureLearn
427,•
428,"3 hours a week
                         /
                        3 weeks long"
429,Quick View
430,Add to list
431,The Hong Kong University of Science and Technology
432,Vector Calculus for Engineers
433,228 Reviews
434,Coursera
435,•
436,"29 hours worth of material
                         /
                        5 weeks long"
437,Quick View
438,Add to list
439,Universitat Politècnica de València
440,Basic Spanish 3: Getting there
441,114 Reviews
442,edX
443,•
444,"3-4 hours a week
                         /
                        4 weeks long"
445,Quick View
446,Add to list
447,Harvard University
448,Mechanical Ventilation for COVID-19
449,25 Reviews
450,edX
451,•
452,"2-5 hours a week
                         /
                        1 week long"
453,Quick View
454,Add to list
455,Universitat Politècnica de València
456,Introducción al Office 365
457,58 Reviews
458,edX
459,•
460,"2-3 hours a week
                         /
                        7 weeks long"
461,Quick View
462,Add to list
463,Showing 7 of 100
464,View
465,The Most Popular Courses of the Year (2021 Edition)
466,Courses
467,Home
468,Rankings
469,Browse by subject
470,Computer Science
471,Psychology
472,Cybersecurity
473,Health
474,Law
475,Accounting
476,Web Development
477,Browse by provider
478,Coursera
479,edX
480,FutureLearn
481,Udacity
482,Swayam
483,Udemy
484,LinkedIn Learning
485,Browse by university
486,Harvard
487,Stanford
488,Georgia Tech
489,University of Michigan
490,Purdue University
491,Duke University
492,IIT Madras
493,Browse by institution
494,Google
495,Microsoft
496,IBM
497,Amazon
498,Linux Foundation
499,British Council
500,Salesforce
501,Rankings
502,Best Online Courses of All Time
503,Best Online Courses of the Year
504,Most Popular Courses of All Time
505,Most Popular Courses of the Year
506,250 Top FREE Coursera Courses of All Time
507,100 Top FREE edX Courses of All Time
508,250 Top Udemy Courses of All Time
509,The Report
510,by Class Central
511,RSS Feed
512,"The ""New Normal"" that Wasn't"
513,DDoS Attack on Class Central
514,500+ Online Degrees in India
515,Harvard's CS50 Free Certificate Guide
516,How Open University Works
517,Free Certificates & Courses
518,700+ Free Google Certificates
519,Free LinkedIn Learning Certificates
520,1600+ Free Coursera Courses
521,Ivy League Online Courses
522,175+ Free Writing Online Courses
523,About Class Central
524,"Class Central aggregates courses from many providers to help you find the best courses on almost any subject, wherever they exist."
525,Facebook
526,Twitter
527,LinkedIn
528,YouTube
529,Class Central © 2011-2023
530,Privacy Policy
531,About Us
532,Join Us
533,Help Center
534,Contact Us
535,Share
536,Facebook
537,Twitter
538,Email
539,Copy link
540,Never Stop Learning.
541,"Get personalized course recommendations, track subjects and courses with reminders, and more."
542,Sign up for free
