,link scrapped text
0,700+ Free Certificates from Google!
1,View
2,Close
3,Class Central
4,Courses
5,Class Central
6,Rankings
7,Collections
8,Subjects
9,View all
10,Computer Science
11,Health & Medicine
12,Mathematics
13,Business
14,Humanities
15,Engineering
16,Science
17,Education & Teaching
18,Social Sciences
19,Art & Design
20,Data Science
21,Programming
22,Personal Development
23,Information Security (InfoSec)
24,View all Subjects
25,Universities
26,The Report
27,Courses from
28,1000+ universities
29,Rankings
30,Best Courses
31,Best of All Time
32,Best of the Year 2022
33,Best of the Year 2021
34,Most Popular Courses
35,Most Popular of All Time
36,Most Popular of the Year 2022
37,Most Popular of the Year 2021
38,Collections
39,Monthly Course Reports
40,Starting this Month
41,New Online Courses
42,Most Popular
43,Computer Science
44,Artificial Intelligence
45,Algorithms and Data Structures
46,Internet of Things
47,Information Technology
48,Computer Networking
49,Machine Learning
50,DevOps
51,Deep Learning
52,Cryptography
53,Quantum Computing
54,Human-Computer Interaction (HCI)
55,Distributed Systems
56,Blockchain Development
57,Operating Systems
58,Computer Graphics
59,View all Computer Science
60,Health & Medicine
61,Nutrition & Wellness
62,Disease & Disorders
63,Public Health
64,Health Care
65,Nursing
66,Anatomy
67,Veterinary Science
68,Continuing Medical Education (CME)
69,View all Health & Medicine
70,Mathematics
71,Statistics & Probability
72,Foundations of Mathematics
73,Calculus
74,Discrete Mathematics
75,Trigonometry
76,Geometry
77,Algebra
78,Precalculus
79,Number Theory
80,Combinatorics
81,Mathematical logic
82,Linear Programming
83,View all Mathematics
84,Business
85,Management & Leadership
86,Finance
87,Entrepreneurship
88,Marketing
89,Strategic Management
90,Industry Specific
91,Business Intelligence
92,Accounting
93,Human Resources
94,Project Management
95,Sales
96,Design Thinking
97,Business Software
98,Risk Management
99,Corporate Social Responsibility
100,Customer Service
101,Nonprofit Management
102,Innovation
103,Operations Management
104,View all Business
105,Humanities
106,History
107,Literature
108,Language Learning
109,Grammar & Writing
110,Philosophy
111,Religion
112,ESL
113,Culture
114,Sports
115,Journalism
116,Ethics
117,Linguistics
118,Food
119,Library Science
120,Reading
121,Crisis Management
122,View all Humanities
123,Engineering
124,Electrical Engineering
125,Mechanical Engineering
126,Civil Engineering
127,Robotics
128,Nanotechnology
129,GIS
130,Textiles
131,Manufacturing
132,BIM
133,CAD
134,Chemical Engineering
135,Energy Systems
136,Aerospace Engineering
137,View all Engineering
138,Science
139,Chemistry
140,Physics
141,Environmental Science
142,Astronomy
143,Biology
144,Agriculture
145,Materials Science
146,Earth Science
147,Applied Science
148,Forensic Science
149,View all Science
150,Education & Teaching
151,K12
152,Higher Education
153,STEM
154,Teacher Professional Development
155,Course Development
156,Online Education
157,Test Prep
158,Pedagogy
159,View all Education & Teaching
160,Social Sciences
161,Sociology
162,Economics
163,Psychology
164,Anthropology
165,Political Science
166,Law
167,Urban Planning
168,Human Rights
169,Sustainability
170,Governance
171,Archaeology
172,Social Work
173,View all Social Sciences
174,Art & Design
175,Music
176,Digital Media
177,Visual Arts
178,Design & Creativity
179,View all Art & Design
180,Data Science
181,Bioinformatics
182,Big Data
183,Data Mining
184,Data Analysis
185,Data Visualization
186,Jupyter Notebooks
187,View all Data Science
188,Programming
189,Mobile Development
190,Web Development
191,Databases
192,Game Development
193,Programming Languages
194,Software Development
195,Cloud Computing
196,View all Programming
197,Personal Development
198,Communication Skills
199,Career Development
200,Self Improvement
201,Presentation Skills
202,Resilience
203,View all Personal Development
204,Information Security (InfoSec)
205,Cybersecurity
206,Network Security
207,Ethical Hacking
208,Digital Forensics
209,Reverse Engineering
210,Penetration Testing
211,Malware Analysis
212,DevSecOps
213,OSINT (Open Source Intelligence)
214,Threat Intelligence
215,Information Security Certifications
216,Red Team
217,Blue Team
218,View all Information Security (InfoSec)
219,The Report
220,2022 Year in Review: The “New Normal” that Wasn’t
221,"The pandemic ushered in a “new normal” in online learning, but it culminated in layoffs and stock drops."
222,Dhawal Shah
223,"Jan 02, 2023"
224,Latest
225,"Review of Goldman Sachs 10,000 Women Courses"
226,10 Best Japanese Courses to Take in 2023
227,7 Best Erlang Courses to Take in 2023
228,Harvard CS50 Guide: How to Pick the Right Course (with Free Certificate)
229,10 Best CSS Animation Courses to Take in 2023
230,Visit
231,The Report
232,"DDoS Attack on Class Central: Mitigation, SEO Impact, and Costs"
233,Trending
234,Most common
235,data science
236,finance
237,French
238,Popular subjects
239,Digital Skills
240,209 courses
241,Programming
242,"24,443 courses"
243,Information Technology (IT) Certifications
244,504 courses
245,Popular courses
246,The Science of Happiness
247,"University of California, Berkeley"
248,Introduction to Financial Accounting
249,University of Pennsylvania
250,Cryptography I
251,Stanford University
252,Organize and share your learning with Class Central Lists.
253,View our
254,Lists Showcase
255,Sign up
256,Log in
257,or
258,Sign up
259,Log in
260,Sign up
261,Subjects
262,Science
263,Free Online
264,Science Courses
265,"Learn Science, earn certificates with free online courses from Harvard, Stanford, MIT, University of Pennsylvania and other top universities around the world. Read reviews to decide if a class is right for you."
266,Follow
267,254.6k
268,Share
269,"3,354 courses"
270,Related Subjects
271,Physics Courses
272,Chemistry Courses
273,Biology Courses
274,STEM Courses
275,Academic Writing Courses
276,Astronomy Courses
277,Test Prep Courses
278,Environmental Science Courses
279,Showing
280,"3,354 courses"
281,Filter
282,Sort by Relevancy
283,Relevancy
284,Highest rated
285,Lowest rated
286,Most recently added
287,Filter by
288,Clear All
289,Filters
290,With certificate
291,(2065)
292,Free course
293,(3009)
294,With free certificate
295,(183)
296,University course only
297,(2312)
298,Level
299,Beginner
300,(688)
301,Intermediate
302,(367)
303,Advanced
304,(109)
305,Duration
306,1-5 hours
307,(495)
308,5-10 hours
309,(248)
310,10+ hours
311,(1711)
312,Language
313,English
314,(2753)
315,Amharic
316,(48)
317,Arabic
318,(8)
319,Assamese
320,(1)
321,Basque
322,(1)
323,Bengali
324,(10)
325,Chinese
326,(42)
327,Dari
328,(1)
329,Dhivehi
330,(1)
331,French
332,(127)
333,German
334,(13)
335,Gujarati
336,(1)
337,Hebrew
338,(1)
339,Hindi
340,(37)
341,Hungarian
342,(1)
343,Indonesian
344,(1)
345,Italian
346,(22)
347,Japanese
348,(7)
349,Korean
350,(2)
351,Portuguese
352,(7)
353,Russian
354,(63)
355,Spanish
356,(180)
357,Tamil
358,(2)
359,Thai
360,(18)
361,Turkish
362,(4)
363,Urdu
364,(3)
365,See all
366,"Show 3,354 courses"
367,Clear Filters
368,Esri
369,Cartography
370,181 reviews
371,"Once, only cartographers made maps. Today anyone can. Still, cartographers can teach people to make better maps, just as chefs can show people how to cook better meals. With coaching from experienced cartographers and practical, hands-on exercises using…"
372,Add to list
373,Quick View
374,Independent
375,6 weeks long
376,"22nd Feb, 2023"
377,Free Online Course
378,Best of All Time
379,Dino 101: Dinosaur Paleobiology
380,139 reviews
381,Dino 101: Dinosaur Paleobiology is a 12-lesson course teaching a comprehensive overview of non-avian dinosaurs.
382,Add to list
383,Quick View
384,Coursera
385,"15 hours worth of material, 12 weeks long"
386,"11th Feb, 2023"
387,Free Online Course (Audit)
388,Best of All Time
389,The Science of Gastronomy
390,136 reviews
391,"This course introduces a number of basic scientific principles underpinning the methodology of cooking, food preparation and the enjoyment of food. All topics covered have a strong basis in biology, chemistry, and physics application."
392,Add to list
393,Quick View
394,Coursera
395,"16 hours worth of material, 7 weeks long"
396,"21st Feb, 2023"
397,Free Online Course (Audit)
398,Best of All Time
399,Mountains 101
400,597 reviews
401,"Mountains 101­­ is a broad and integrated overview of the mountain world. This 12-lesson course covers an interdisciplinary field of study focusing on the physical, biological, and human dimensions of mountain places in Alberta, Canada, and around the wo…"
402,Add to list
403,Quick View
404,Coursera
405,"18 hours worth of material, 12 weeks long"
406,"27th Feb, 2023"
407,Free Online Course (Audit)
408,Best of All Time
409,Nutrition and Health: Human Microbiome
410,658 reviews
411,"Learn how you can impact your health by balancing your gut health; how your microbiome together with your diet can improve normal gut function. A balanced microbiome and nutritional intake can avoid disorders like IBS, obesity and diabetes."
412,Add to list
413,Quick View
414,edX
415,"3-5 hours a week, 6 weeks long"
416,Self paced
417,Free Online Course (Audit)
418,Best of All Time
419,Forensic Facial Reconstruction: Finding Mr. X
420,425 reviews
421,Learn about the forensic technique of facial reconstruction from the experts involved in a real crime case.
422,Add to list
423,Quick View
424,FutureLearn
425,"2 hours a week, 2 weeks long"
426,Self paced
427,Free Online Course (Audit)
428,Best of All Time
429,Santa Fe Institute
430,Introduction to Complexity
431,145 reviews
432,"In this course you'll learn about the tools used by scientists to understand complex systems. The topics you'll learn about include dynamics, chaos, fractals, information theory, self-organization, agent-based modeling, and networks."
433,Add to list
434,Quick View
435,Complexity Explorer
436,"3-6 hours a week, 10 weeks long"
437,On-Demand
438,Free Online Course
439,Best of All Time
440,University of Cape Town
441,Extinctions: Past and Present
442,234 reviews
443,"Discover the diversity of life on earth, the impacts of five past mass extinctions and the prospect of a sixth extinction today."
444,Add to list
445,Quick View
446,FutureLearn
447,"3 hours a week, 5 weeks long"
448,Self paced
449,Free Online Course (Audit)
450,Introduction to Biology - The Secret of Life
451,129 reviews
452,"Explore the secret of life through the basics of biochemistry, genetics, molecular biology, recombinant DNA, genomics and rational medicine."
453,Add to list
454,Quick View
455,edX
456,"5-10 hours a week, 16 weeks long"
457,"28th Feb, 2023"
458,Free Online Course (Audit)
459,Best of All Time
460,Ecology and Wildlife Conservation
461,125 reviews
462,Discover ecology and how we can protect wildlife and conserve the natural world.
463,Add to list
464,Quick View
465,FutureLearn
466,"2 hours a week, 2 weeks long"
467,"27th Feb, 2023"
468,Free Online Course (Audit)
469,Best of All Time
470,Medical Parasitology | 医学寄生虫学
471,188 reviews
472,"Small bugs serious diseases, with knowledge they are seized."
473,Add to list
474,Quick View
475,edX
476,"1-2 hours a week, 12 weeks long"
477,Self paced
478,Free Online Course (Audit)
479,Best of All Time
480,Pronóstico de la generación de energía eólica y solar fotovoltaica
481,199 reviews
482,"Actualmente, el aprovechamiento de energías renovables es un factor de mucho interés a diferentes escalas de la actividad humana. 
El presente curso desarrolla los conceptos sobre la generación de pronósticos de energía renovable variable (ERV), las dife…"
483,Add to list
484,Quick View
485,edX
486,"3-4 hours a week, 4 weeks long"
487,Self paced
488,Free Online Course (Audit)
489,Georgetown University
490,Quantum Mechanics for Everyone
491,113 reviews
492,Learn the fundamental notions of quantum mechanics at a level that is accessible to everyone. This course is listed as one of the best online courses of all time by Class Central and was a finalist for the 2018 edX Prize for Exceptional Contributions to…
493,Add to list
494,Quick View
495,edX
496,"7-10 hours a week, 6 weeks long"
497,Self paced
498,Free Online Course (Audit)
499,Best of All Time
500,Molecular Biology - Part 1: DNA Replication and Repair
501,99 reviews
502,An in-depth adventure through DNA replication and repair to strengthen your scientific thinking and experimental design skills.
503,Add to list
504,Quick View
505,edX
506,"4-6 hours a week, 9 weeks long"
507,Self paced
508,Free Online Course (Audit)
509,Best of All Time
510,Introduction to Animal Behaviour
511,92 reviews
512,"Explore the amazing range and complexity of wild animal behaviour. Discover how animals learn, communicate, find food, avoid predators, and interact socially."
513,Add to list
514,Quick View
515,edX
516,"4-6 hours a week, 6 weeks long"
517,Self paced
518,Free Online Course (Audit)
519,Best of All Time
520,Load more
521,Load the next 15 courses of 3339
522,Home
523,Browse by subject
524,Computer Science
525,Psychology
526,Cybersecurity
527,Health
528,Law
529,Accounting
530,Web Development
531,Browse by provider
532,Coursera
533,edX
534,FutureLearn
535,Udacity
536,Swayam
537,Udemy
538,LinkedIn Learning
539,Browse by university
540,Harvard
541,Stanford
542,Georgia Tech
543,University of Michigan
544,Purdue University
545,Duke University
546,IIT Madras
547,Browse by institution
548,Google
549,Microsoft
550,IBM
551,Amazon
552,Linux Foundation
553,British Council
554,Salesforce
555,Rankings
556,Best Online Courses of All Time
557,Best Online Courses of the Year
558,Most Popular Courses of All Time
559,Most Popular Courses of the Year
560,250 Top FREE Coursera Courses of All Time
561,100 Top FREE edX Courses of All Time
562,250 Top Udemy Courses of All Time
563,The Report
564,by Class Central
565,RSS Feed
566,"The ""New Normal"" that Wasn't"
567,DDoS Attack on Class Central
568,500+ Online Degrees in India
569,Harvard's CS50 Free Certificate Guide
570,How Open University Works
571,Free Certificates & Courses
572,700+ Free Google Certificates
573,Free LinkedIn Learning Certificates
574,1600+ Free Coursera Courses
575,Ivy League Online Courses
576,175+ Free Writing Online Courses
577,About Class Central
578,"Class Central aggregates courses from many providers to help you find the best courses on almost any subject, wherever they exist."
579,Facebook
580,Twitter
581,LinkedIn
582,YouTube
583,Class Central © 2011-2023
584,Privacy Policy
585,About Us
586,Join Us
587,Help Center
588,Contact Us
589,Share
590,Facebook
591,Twitter
592,Email
593,Copy link
594,Never Stop Learning.
595,"Get personalized course recommendations, track subjects and courses with reminders, and more."
596,Sign up for free
