,link scrapped text
0,700+ Free Certificates from Google!
1,View
2,Close
3,Class Central
4,Courses
5,Class Central
6,Rankings
7,Collections
8,Subjects
9,View all
10,Computer Science
11,Health & Medicine
12,Mathematics
13,Business
14,Humanities
15,Engineering
16,Science
17,Education & Teaching
18,Social Sciences
19,Art & Design
20,Data Science
21,Programming
22,Personal Development
23,Information Security (InfoSec)
24,View all Subjects
25,Universities
26,The Report
27,Courses from
28,1000+ universities
29,Rankings
30,Best Courses
31,Best of All Time
32,Best of the Year 2022
33,Best of the Year 2021
34,Most Popular Courses
35,Most Popular of All Time
36,Most Popular of the Year 2022
37,Most Popular of the Year 2021
38,Collections
39,Monthly Course Reports
40,Starting this Month
41,New Online Courses
42,Most Popular
43,Computer Science
44,Artificial Intelligence
45,Algorithms and Data Structures
46,Internet of Things
47,Information Technology
48,Computer Networking
49,Machine Learning
50,DevOps
51,Deep Learning
52,Cryptography
53,Quantum Computing
54,Human-Computer Interaction (HCI)
55,Distributed Systems
56,Blockchain Development
57,Operating Systems
58,Computer Graphics
59,View all Computer Science
60,Health & Medicine
61,Nutrition & Wellness
62,Disease & Disorders
63,Public Health
64,Health Care
65,Nursing
66,Anatomy
67,Veterinary Science
68,Continuing Medical Education (CME)
69,View all Health & Medicine
70,Mathematics
71,Statistics & Probability
72,Foundations of Mathematics
73,Calculus
74,Discrete Mathematics
75,Trigonometry
76,Geometry
77,Algebra
78,Precalculus
79,Number Theory
80,Combinatorics
81,Mathematical logic
82,Linear Programming
83,View all Mathematics
84,Business
85,Management & Leadership
86,Finance
87,Entrepreneurship
88,Marketing
89,Strategic Management
90,Industry Specific
91,Business Intelligence
92,Accounting
93,Human Resources
94,Project Management
95,Sales
96,Design Thinking
97,Business Software
98,Risk Management
99,Corporate Social Responsibility
100,Customer Service
101,Nonprofit Management
102,Innovation
103,Operations Management
104,View all Business
105,Humanities
106,History
107,Literature
108,Language Learning
109,Grammar & Writing
110,Philosophy
111,Religion
112,ESL
113,Culture
114,Sports
115,Journalism
116,Ethics
117,Linguistics
118,Food
119,Library Science
120,Reading
121,Crisis Management
122,View all Humanities
123,Engineering
124,Electrical Engineering
125,Mechanical Engineering
126,Civil Engineering
127,Robotics
128,Nanotechnology
129,GIS
130,Textiles
131,Manufacturing
132,BIM
133,CAD
134,Chemical Engineering
135,Energy Systems
136,Aerospace Engineering
137,View all Engineering
138,Science
139,Chemistry
140,Physics
141,Environmental Science
142,Astronomy
143,Biology
144,Agriculture
145,Materials Science
146,Earth Science
147,Applied Science
148,Forensic Science
149,View all Science
150,Education & Teaching
151,K12
152,Higher Education
153,STEM
154,Teacher Professional Development
155,Course Development
156,Online Education
157,Test Prep
158,Pedagogy
159,View all Education & Teaching
160,Social Sciences
161,Sociology
162,Economics
163,Psychology
164,Anthropology
165,Political Science
166,Law
167,Urban Planning
168,Human Rights
169,Sustainability
170,Governance
171,Archaeology
172,Social Work
173,View all Social Sciences
174,Art & Design
175,Music
176,Digital Media
177,Visual Arts
178,Design & Creativity
179,View all Art & Design
180,Data Science
181,Bioinformatics
182,Big Data
183,Data Mining
184,Data Analysis
185,Data Visualization
186,Jupyter Notebooks
187,View all Data Science
188,Programming
189,Mobile Development
190,Web Development
191,Databases
192,Game Development
193,Programming Languages
194,Software Development
195,Cloud Computing
196,View all Programming
197,Personal Development
198,Communication Skills
199,Career Development
200,Self Improvement
201,Presentation Skills
202,Resilience
203,View all Personal Development
204,Information Security (InfoSec)
205,Cybersecurity
206,Network Security
207,Ethical Hacking
208,Digital Forensics
209,Reverse Engineering
210,Penetration Testing
211,Malware Analysis
212,DevSecOps
213,OSINT (Open Source Intelligence)
214,Threat Intelligence
215,Information Security Certifications
216,Red Team
217,Blue Team
218,View all Information Security (InfoSec)
219,The Report
220,2022 Year in Review: The “New Normal” that Wasn’t
221,"The pandemic ushered in a “new normal” in online learning, but it culminated in layoffs and stock drops."
222,Dhawal Shah
223,"Jan 02, 2023"
224,Latest
225,"Review of Goldman Sachs 10,000 Women Courses"
226,10 Best Japanese Courses to Take in 2023
227,7 Best Erlang Courses to Take in 2023
228,Harvard CS50 Guide: How to Pick the Right Course (with Free Certificate)
229,10 Best CSS Animation Courses to Take in 2023
230,Visit
231,The Report
232,"DDoS Attack on Class Central: Mitigation, SEO Impact, and Costs"
233,Trending
234,Most common
235,data science
236,trading
237,html
238,Popular subjects
239,Digital Skills
240,209 courses
241,Programming
242,"24,443 courses"
243,Information Technology (IT) Certifications
244,504 courses
245,Popular courses
246,The Science of Happiness
247,"University of California, Berkeley"
248,Introduction to Financial Accounting
249,University of Pennsylvania
250,Cryptography I
251,Stanford University
252,Organize and share your learning with Class Central Lists.
253,View our
254,Lists Showcase
255,Sign up
256,Log in
257,or
258,Sign up
259,Log in
260,Sign up
261,Subjects
262,Social Sciences
263,Free Online
264,Social Sciences Courses
265,"Learn Social Sciences, earn certificates with paid and free online courses from Harvard, Stanford, MIT, University of Pennsylvania and other top universities around the world. Read reviews to decide if a class is right for you."
266,Follow
267,255.1k
268,Share
269,"3,467 courses"
270,Related Subjects
271,Psychology Courses
272,Criminology Courses
273,Economics Courses
274,Critical Thinking Courses
275,Academic Writing Courses
276,Political Science Courses
277,Macroeconomics Courses
278,Data Analysis Courses
279,Showing
280,"3,467 courses"
281,Filter
282,Sort by Relevancy
283,Relevancy
284,Highest rated
285,Lowest rated
286,Most recently added
287,Filter by
288,Clear All
289,Filters
290,With certificate
291,(2502)
292,Free course
293,(2899)
294,With free certificate
295,(178)
296,University course only
297,(2295)
298,Level
299,Beginner
300,(1093)
301,Intermediate
302,(369)
303,Advanced
304,(50)
305,Duration
306,1-5 hours
307,(523)
308,5-10 hours
309,(361)
310,10+ hours
311,(1931)
312,Language
313,English
314,(2624)
315,Amharic
316,(13)
317,Arabic
318,(34)
319,Bengali
320,(6)
321,Chinese
322,(29)
323,Czech
324,(7)
325,Dutch
326,(1)
327,French
328,(195)
329,German
330,(10)
331,Hebrew
332,(1)
333,Hindi
334,(17)
335,Indonesian
336,(5)
337,Italian
338,(43)
339,Japanese
340,(14)
341,Korean
342,(1)
343,Polish
344,(1)
345,Portuguese
346,(33)
347,Russian
348,(85)
349,Spanish
350,(316)
351,Tamil
352,(2)
353,Thai
354,(26)
355,Turkish
356,(3)
357,Vietnamese
358,(1)
359,See all
360,"Show 3,467 courses"
361,Clear Filters
362,HOPE: Human Odyssey to Political Existentialism
363,275 reviews
364,"What sets us apart, and brings us together, as humans? How can we live up to our humanity? Join us as we explore not only ""life, liberty, and the pursuit of happiness"" but ""death, freedom, and the pursuit of meaning."""
365,Add to list
366,Quick View
367,edX
368,"3-5 hours a week, 10 weeks long"
369,Self paced
370,Free Online Course (Audit)
371,Protecting Business Innovations via Patent
372,159 reviews
373,"This course assumes no prior knowledge in law, business or engineering. However, students with backgrounds in all three areas will find useful concepts or ideas in the course on how to protect business innovations using patents."
374,Add to list
375,Quick View
376,Coursera
377,"10 hours worth of material, 5 weeks long"
378,"27th Feb, 2023"
379,Free Online Course (Audit)
380,Best of All Time
381,Supporting Victims of Domestic Violence
382,223 reviews
383,Learn to recognise the signs of domestic violence and support domestic violence survivors as a health or social care worker.
384,Add to list
385,Quick View
386,FutureLearn
387,"3 hours a week, 3 weeks long"
388,Self paced
389,Free Online Course (Audit)
390,Best of All Time
391,University of Cape Town
392,What is a Mind?
393,288 reviews
394,Explore the most pertinent scientific and philosophical concepts for understanding our own minds with this free online course
395,Add to list
396,Quick View
397,FutureLearn
398,"3 hours a week, 6 weeks long"
399,Self paced
400,Free Online Course (Audit)
401,Best of All Time
402,Exploring Play: The Importance of Play in Everyday Life
403,136 reviews
404,"Understanding the nature and value of play through the course of our lives, across cultures and communities."
405,Add to list
406,Quick View
407,FutureLearn
408,7 weeks long
409,Self paced
410,Free Online Course (Audit)
411,Best of All Time
412,A Beginner's Guide to Irrational Behavior
413,554 reviews
414,"Behavioral economics couples scientific research on the psychology of decision making with economic theory to better understand what motivates financial decisions. In A Beginner’s Guide to Irrational Behavior, you will learn about some of the many ways i…"
415,Add to list
416,Quick View
417,Coursera
418,7-11 hours a week
419,"11th Mar, 2014"
420,Free Online Course (Audit)
421,Incarceration: Are Prisons a Suitable Punishment?
422,116 reviews
423,Explore life inside UK prisons. Learn whether this type of punishment reduces crime and if rehabilitation can prevent reoffending.
424,Add to list
425,Quick View
426,FutureLearn
427,"4 hours a week, 2 weeks long"
428,"27th Feb, 2023"
429,Free Online Course (Audit)
430,Best of All Time
431,Avinashilingam Institute for Home Science and Higher Education for Women
432,;
433,CEC
434,School Counseling
435,198 reviews
436,How to set right these children? What should be done to avoid these problem behaviours? How to identify and address these behaviours and intervene to mainstream them?
437,Add to list
438,Quick View
439,Swayam
440,15 weeks long
441,"18th Jan, 2021"
442,Free Online Course
443,Microcredential
444,Computational Social Science
445,115 reviews
446,"For more information please view the Computational Social Science Trailer

Digital technology has not only revolutionized society, but also the way we can study it. Currently, this is taken advantage of by the most valuable companies in Silicon Valley, t…"
447,Add to list
448,Quick View
449,Coursera
450,"3 hours a week, 26 weeks long"
451,Paid Course
452,5 courses
453,Computational Social Science Methods
454,107 reviews
455,"This course gives you an overview of the current opportunities and the omnipresent reach of computational social science. The results are all around us, every day, reaching from the services provided by the world’s most valuable companies, over the hidde…"
456,Add to list
457,Quick View
458,Coursera
459,"11 hours worth of material, 4 weeks long"
460,"6th Mar, 2023"
461,Free Online Course (Audit)
462,Best of All Time
463,Monash University
464,Introduction to Psychology: The Psychology of Learning
465,107 reviews
466,Explore how new behaviours are learnt by examining different types of psychological conditioning.
467,Add to list
468,Quick View
469,FutureLearn
470,"6 hours a week, 2 weeks long"
471,Self paced
472,Paid Course
473,University of Cape Town
474,"Education for All: Disability, Diversity and Inclusion"
475,100 reviews
476,"On this course you will learn about inclusive education, understanding what barriers there are to learning and how to challenge them."
477,Add to list
478,Quick View
479,FutureLearn
480,"3 hours a week, 6 weeks long"
481,Self paced
482,Free Online Course (Audit)
483,Best of All Time
484,Gender and Sexuality: Applications in Society
485,87 reviews
486,"Gender &amp; Sexuality shape work, life and play. Equip yourself with the knowledge and skills to engage with key issues through key concepts and perspectives."
487,Add to list
488,Quick View
489,edX
490,"2-4 hours a week, 6 weeks long"
491,Self paced
492,Free Online Course (Audit)
493,Best of All Time
494,Model Thinking
495,66 reviews
496,"In this class, I present a starter kit of models: I start with models of tipping points. I move on to cover models explain the wisdom of crowds, models that show why some countries are rich and some are poor, and models that help unpack the strategic dec…"
497,Add to list
498,Quick View
499,Coursera
500,"27 hours worth of material, 12 weeks long"
501,"13th Feb, 2023"
502,Free Online Course (Audit)
503,Best of All Time
504,Wesleyan University
505,Social Psychology
506,87 reviews
507,"This course offers a brief introduction to classic and contemporary social psychology, covering topics such as decision making, persuasion, group behavior, personal attraction, and factors that promote health and well-being."
508,Add to list
509,Quick View
510,Coursera
511,"38 hours worth of material, 7 weeks long"
512,"6th Feb, 2023"
513,Free Online Course (Audit)
514,Best of All Time
515,Load more
516,Load the next 15 courses of 3452
517,Home
518,Browse by subject
519,Computer Science
520,Psychology
521,Cybersecurity
522,Health
523,Law
524,Accounting
525,Web Development
526,Browse by provider
527,Coursera
528,edX
529,FutureLearn
530,Udacity
531,Swayam
532,Udemy
533,LinkedIn Learning
534,Browse by university
535,Harvard
536,Stanford
537,Georgia Tech
538,University of Michigan
539,Purdue University
540,Duke University
541,IIT Madras
542,Browse by institution
543,Google
544,Microsoft
545,IBM
546,Amazon
547,Linux Foundation
548,British Council
549,Salesforce
550,Rankings
551,Best Online Courses of All Time
552,Best Online Courses of the Year
553,Most Popular Courses of All Time
554,Most Popular Courses of the Year
555,250 Top FREE Coursera Courses of All Time
556,100 Top FREE edX Courses of All Time
557,250 Top Udemy Courses of All Time
558,The Report
559,by Class Central
560,RSS Feed
561,"The ""New Normal"" that Wasn't"
562,DDoS Attack on Class Central
563,500+ Online Degrees in India
564,Harvard's CS50 Free Certificate Guide
565,How Open University Works
566,Free Certificates & Courses
567,700+ Free Google Certificates
568,Free LinkedIn Learning Certificates
569,1600+ Free Coursera Courses
570,Ivy League Online Courses
571,175+ Free Writing Online Courses
572,About Class Central
573,"Class Central aggregates courses from many providers to help you find the best courses on almost any subject, wherever they exist."
574,Facebook
575,Twitter
576,LinkedIn
577,YouTube
578,Class Central © 2011-2023
579,Privacy Policy
580,About Us
581,Join Us
582,Help Center
583,Contact Us
584,Share
585,Facebook
586,Twitter
587,Email
588,Copy link
589,Never Stop Learning.
590,"Get personalized course recommendations, track subjects and courses with reminders, and more."
591,Sign up for free
