,link scrapped text
0,700+ Free Certificates from Google!
1,View
2,Close
3,Class Central
4,Courses
5,Class Central
6,Rankings
7,Collections
8,Subjects
9,View all
10,Computer Science
11,Health & Medicine
12,Mathematics
13,Business
14,Humanities
15,Engineering
16,Science
17,Education & Teaching
18,Social Sciences
19,Art & Design
20,Data Science
21,Programming
22,Personal Development
23,Information Security (InfoSec)
24,View all Subjects
25,Universities
26,The Report
27,Courses from
28,1000+ universities
29,Rankings
30,Best Courses
31,Best of All Time
32,Best of the Year 2022
33,Best of the Year 2021
34,Most Popular Courses
35,Most Popular of All Time
36,Most Popular of the Year 2022
37,Most Popular of the Year 2021
38,Collections
39,Monthly Course Reports
40,Starting this Month
41,New Online Courses
42,Most Popular
43,Computer Science
44,Artificial Intelligence
45,Algorithms and Data Structures
46,Internet of Things
47,Information Technology
48,Computer Networking
49,Machine Learning
50,DevOps
51,Deep Learning
52,Cryptography
53,Quantum Computing
54,Human-Computer Interaction (HCI)
55,Distributed Systems
56,Blockchain Development
57,Operating Systems
58,Computer Graphics
59,View all Computer Science
60,Health & Medicine
61,Nutrition & Wellness
62,Disease & Disorders
63,Public Health
64,Health Care
65,Nursing
66,Anatomy
67,Veterinary Science
68,Continuing Medical Education (CME)
69,View all Health & Medicine
70,Mathematics
71,Statistics & Probability
72,Foundations of Mathematics
73,Calculus
74,Discrete Mathematics
75,Trigonometry
76,Geometry
77,Algebra
78,Precalculus
79,Number Theory
80,Combinatorics
81,Mathematical logic
82,Linear Programming
83,View all Mathematics
84,Business
85,Management & Leadership
86,Finance
87,Entrepreneurship
88,Marketing
89,Strategic Management
90,Industry Specific
91,Business Intelligence
92,Accounting
93,Human Resources
94,Project Management
95,Sales
96,Design Thinking
97,Business Software
98,Risk Management
99,Corporate Social Responsibility
100,Customer Service
101,Nonprofit Management
102,Innovation
103,Operations Management
104,View all Business
105,Humanities
106,History
107,Literature
108,Language Learning
109,Grammar & Writing
110,Philosophy
111,Religion
112,ESL
113,Culture
114,Sports
115,Journalism
116,Ethics
117,Linguistics
118,Food
119,Library Science
120,Reading
121,Crisis Management
122,View all Humanities
123,Engineering
124,Electrical Engineering
125,Mechanical Engineering
126,Civil Engineering
127,Robotics
128,Nanotechnology
129,GIS
130,Textiles
131,Manufacturing
132,BIM
133,CAD
134,Chemical Engineering
135,Energy Systems
136,Aerospace Engineering
137,View all Engineering
138,Science
139,Chemistry
140,Physics
141,Environmental Science
142,Astronomy
143,Biology
144,Agriculture
145,Materials Science
146,Earth Science
147,Applied Science
148,Forensic Science
149,View all Science
150,Education & Teaching
151,K12
152,Higher Education
153,STEM
154,Teacher Professional Development
155,Course Development
156,Online Education
157,Test Prep
158,Pedagogy
159,View all Education & Teaching
160,Social Sciences
161,Sociology
162,Economics
163,Psychology
164,Anthropology
165,Political Science
166,Law
167,Urban Planning
168,Human Rights
169,Sustainability
170,Governance
171,Archaeology
172,Social Work
173,View all Social Sciences
174,Art & Design
175,Music
176,Digital Media
177,Visual Arts
178,Design & Creativity
179,View all Art & Design
180,Data Science
181,Bioinformatics
182,Big Data
183,Data Mining
184,Data Analysis
185,Data Visualization
186,Jupyter Notebooks
187,View all Data Science
188,Programming
189,Mobile Development
190,Web Development
191,Databases
192,Game Development
193,Programming Languages
194,Software Development
195,Cloud Computing
196,View all Programming
197,Personal Development
198,Communication Skills
199,Career Development
200,Self Improvement
201,Presentation Skills
202,Resilience
203,View all Personal Development
204,Information Security (InfoSec)
205,Cybersecurity
206,Network Security
207,Ethical Hacking
208,Digital Forensics
209,Reverse Engineering
210,Penetration Testing
211,Malware Analysis
212,DevSecOps
213,OSINT (Open Source Intelligence)
214,Threat Intelligence
215,Information Security Certifications
216,Red Team
217,Blue Team
218,View all Information Security (InfoSec)
219,The Report
220,2022 Year in Review: The “New Normal” that Wasn’t
221,"The pandemic ushered in a “new normal” in online learning, but it culminated in layoffs and stock drops."
222,Dhawal Shah
223,"Jan 02, 2023"
224,Latest
225,"Review of Goldman Sachs 10,000 Women Courses"
226,10 Best Japanese Courses to Take in 2023
227,7 Best Erlang Courses to Take in 2023
228,Harvard CS50 Guide: How to Pick the Right Course (with Free Certificate)
229,10 Best CSS Animation Courses to Take in 2023
230,Visit
231,The Report
232,"DDoS Attack on Class Central: Mitigation, SEO Impact, and Costs"
233,Trending
234,Most common
235,law
236,finance
237,computer science
238,Popular subjects
239,Digital Skills
240,209 courses
241,Programming
242,"24,443 courses"
243,Information Technology (IT) Certifications
244,504 courses
245,Popular courses
246,The Science of Happiness
247,"University of California, Berkeley"
248,Introduction to Financial Accounting
249,University of Pennsylvania
250,Cryptography I
251,Stanford University
252,Organize and share your learning with Class Central Lists.
253,View our
254,Lists Showcase
255,Sign up
256,Log in
257,or
258,Sign up
259,Log in
260,Sign up
261,Starting this Month
262,These courses have start dates in February 2023
263,Share
264,"9,772 courses"
265,Related
266,Starting this Month
267,New Online Courses
268,Most Popular
269,Self Paced
270,Showing
271,"9,772 courses"
272,Filter
273,Sort by Relevancy
274,Relevancy
275,Highest rated
276,Lowest rated
277,Most recently added
278,Filter by
279,Clear All
280,Filters
281,With certificate
282,(9585)
283,Free course
284,(6460)
285,With free certificate
286,(1)
287,University course only
288,(4752)
289,Level
290,Beginner
291,(5216)
292,Intermediate
293,(2864)
294,Advanced
295,(27)
296,Duration
297,1-5 hours
298,(2532)
299,5-10 hours
300,(170)
301,10+ hours
302,(5889)
303,Subject
304,Business
305,(2570)
306,Programming
307,(2139)
308,Computer Science
309,(1087)
310,Art & Design
311,(646)
312,Data Science
313,(568)
314,Social Sciences
315,(465)
316,Health & Medicine
317,(456)
318,Humanities
319,(384)
320,Personal Development
321,(363)
322,Science
323,(355)
324,Engineering
325,(339)
326,Education & Teaching
327,(250)
328,Information Security (InfoSec)
329,(146)
330,Language
331,English
332,(6903)
333,Arabic
334,(498)
335,Chinese
336,(163)
337,Dutch
338,(1)
339,French
340,(452)
341,German
342,(137)
343,Hebrew
344,(7)
345,Hindi
346,(9)
347,Hungarian
348,(2)
349,Indonesian
350,(20)
351,Italian
352,(24)
353,Japanese
354,(71)
355,Korean
356,(38)
357,Portuguese
358,(269)
359,Russian
360,(91)
361,Spanish
362,(1059)
363,Swedish
364,(1)
365,Tamil
366,(1)
367,Turkish
368,(13)
369,Ukranian
370,(13)
371,See all
372,"Show 9,772 courses"
373,Clear Filters
374,Programming for Everybody (Getting Started with Python)
375,39087 reviews
376,This course aims to teach everyone the basics of programming computers using Python. We cover the basics of how one constructs a program from a series of simple instructions in Python.
377,Add to list
378,Quick View
379,Coursera
380,"19 hours worth of material, 7 weeks long"
381,"13th Feb, 2023"
382,Free Online Course (Audit)
383,Best of All Time
384,Deep Teaching Solutions
385,Learning How to Learn: Powerful mental tools to help you master tough subjects
386,22974 reviews
387,"This course gives you easy access to the invaluable learning techniques used by experts in art, music, literature, math, science, sports, and many other disciplines. We’ll learn about the how the brain uses two very different learning modes and how it en…"
388,Add to list
389,Quick View
390,Coursera
391,"15 hours worth of material, 4 weeks long"
392,"6th Feb, 2023"
393,Free Online Course (Audit)
394,Best of All Time
395,Python Data Structures
396,14789 reviews
397,"This course will introduce the core data structures of the Python programming language. We will move past the basics of procedural programming and explore how we can use the Python built-in data structures such as lists, dictionaries, and tuples to perfo…"
398,Add to list
399,Quick View
400,Coursera
401,"19 hours worth of material, 7 weeks long"
402,"13th Feb, 2023"
403,Free Online Course (Audit)
404,Understanding Dementia
405,12213 reviews
406,"This is a course about dementia looking at a broad range of topics including, basic brain anatomy, pathology, dementia research, risk factors, symptoms, diagnosis, medical management, living with dementia, progression and staging, palliation, behaviours…"
407,Add to list
408,Quick View
409,Independent
410,"3 hours a week, 7 weeks long"
411,"7th Feb, 2023"
412,Free Certificate
413,Best of All Time
414,McMaster University
415,Mindshift: Break Through Obstacles to Learning and Discover Your Hidden Potential
416,7356 reviews
417,"Whatever your age or stage, Mindshift teaches you essentials such as how to get the most out of online learning and MOOCs, how to seek out and work with mentors, the secrets to avoiding career ruts (and catastrophes) and general ruts in life, and insight…"
418,Add to list
419,Quick View
420,Coursera
421,"11 hours worth of material, 4 weeks long"
422,"6th Feb, 2023"
423,Free Online Course (Audit)
424,Best of All Time
425,Using Python to Access Web Data
426,5093 reviews
427,"This course will show how one can treat the Internet as a source of data.  We will scrape, parse, and read web data as well as access data using web APIs.  We will work with HTML, XML, and JSON data formats in Python.  This course will cover Chapters 11-…"
428,Add to list
429,Quick View
430,Coursera
431,"19 hours worth of material, 6 weeks long"
432,"13th Feb, 2023"
433,Free Online Course (Audit)
434,Using Databases with Python
435,4104 reviews
436,"This course will introduce students to the basics of the Structured Query Language (SQL) as well as basic database design for storing data as part of a multi-step data gathering, analysis, and processing effort.  The course will use SQLite3 as its databa…"
437,Add to list
438,Quick View
439,Coursera
440,"15 hours worth of material, 5 weeks long"
441,"13th Feb, 2023"
442,Free Online Course (Audit)
443,An Introduction to Interactive Programming in Python (Part 1)
444,3344 reviews
445,"In this course, get introduced the basic elements of programming (such as expressions, conditionals, and functions) and then use these elements to create simple interactive applications such as a digital stopwatch."
446,Add to list
447,Quick View
448,Coursera
449,"19 hours worth of material, 5 weeks long"
450,"27th Feb, 2023"
451,Free Online Course (Audit)
452,Best of All Time
453,Learning How To Learn for Youth
454,946 reviews
455,"Based on the most popular open online course in the world, this course gives you easy access to the learning techniques used by experts in art, music, literature, math, science, sports, and many other disciplines."
456,Add to list
457,Quick View
458,Coursera
459,"6-7 hours worth of material, 3 weeks long"
460,"17th Feb, 2023"
461,Free Online Course (Audit)
462,Best of All Time
463,University of Cape Town
464,Understanding Clinical Research: Behind the Statistics
465,735 reviews
466,"If you’ve ever skipped over`the results section of a medical paper because terms like “confidence interval” or “p-value” go over your head, then you’re in the right place."
467,Add to list
468,Quick View
469,Coursera
470,"27 hours worth of material, 6 weeks long"
471,"20th Feb, 2023"
472,Free Online Course (Audit)
473,Best of All Time
474,Matrix Algebra for Engineers
475,637 reviews
476,"This course is all about matrices, and concisely covers the linear algebra that an engineer should know.   We define matrices and how to add and multiply them, and introduce some special types of matrices."
477,Add to list
478,Quick View
479,Coursera
480,"20 hours worth of material, 4 weeks long"
481,"20th Feb, 2023"
482,Free Online Course (Audit)
483,Best of All Time
484,Mountains 101
485,597 reviews
486,"Mountains 101­­ is a broad and integrated overview of the mountain world. This 12-lesson course covers an interdisciplinary field of study focusing on the physical, biological, and human dimensions of mountain places in Alberta, Canada, and around the wo…"
487,Add to list
488,Quick View
489,Coursera
490,"18 hours worth of material, 12 weeks long"
491,"27th Feb, 2023"
492,Free Online Course (Audit)
493,Best of All Time
494,A Life of Happiness and Fulfillment
495,508 reviews
496,"This course draws content from a variety of fields, including psychology, neuroscience, and behavioral decision theory to offer a tested and practical recipe for leading a life of happiness and fulfillment."
497,Add to list
498,Quick View
499,Coursera
500,"28 hours worth of material, 6 weeks long"
501,"6th Feb, 2023"
502,Free Online Course (Audit)
503,Best of All Time
504,"Information Systems Auditing, Controls and Assurance"
505,484 reviews
506,"In the course you will explore risks of information systems, and how to mitigate the risks by proper IS Controls. You will also get familiar with the IS Audit procedures and how they are applied during the IS development throughout the Systems Developmen…"
507,Add to list
508,Quick View
509,Coursera
510,"8-9 hours worth of material, 4 weeks long"
511,"27th Feb, 2023"
512,Free Online Course (Audit)
513,Best of All Time
514,Marketing in a Digital World
515,456 reviews
516,"This course examines how digital tools, such as the Internet, smartphones, and 3D printing, are revolutionizing the world of marketing by shifting the balance of power from firms to consumers."
517,Add to list
518,Quick View
519,Coursera
520,"29 hours worth of material, 4 weeks long"
521,"15th Feb, 2023"
522,Free Online Course (Audit)
523,Best of All Time
524,Load more
525,Load the next 15 courses of 9757
526,Home
527,Browse by subject
528,Computer Science
529,Psychology
530,Cybersecurity
531,Health
532,Law
533,Accounting
534,Web Development
535,Browse by provider
536,Coursera
537,edX
538,FutureLearn
539,Udacity
540,Swayam
541,Udemy
542,LinkedIn Learning
543,Browse by university
544,Harvard
545,Stanford
546,Georgia Tech
547,University of Michigan
548,Purdue University
549,Duke University
550,IIT Madras
551,Browse by institution
552,Google
553,Microsoft
554,IBM
555,Amazon
556,Linux Foundation
557,British Council
558,Salesforce
559,Rankings
560,Best Online Courses of All Time
561,Best Online Courses of the Year
562,Most Popular Courses of All Time
563,Most Popular Courses of the Year
564,250 Top FREE Coursera Courses of All Time
565,100 Top FREE edX Courses of All Time
566,250 Top Udemy Courses of All Time
567,The Report
568,by Class Central
569,RSS Feed
570,"The ""New Normal"" that Wasn't"
571,DDoS Attack on Class Central
572,500+ Online Degrees in India
573,Harvard's CS50 Free Certificate Guide
574,How Open University Works
575,Free Certificates & Courses
576,700+ Free Google Certificates
577,Free LinkedIn Learning Certificates
578,1600+ Free Coursera Courses
579,Ivy League Online Courses
580,175+ Free Writing Online Courses
581,About Class Central
582,"Class Central aggregates courses from many providers to help you find the best courses on almost any subject, wherever they exist."
583,Facebook
584,Twitter
585,LinkedIn
586,YouTube
587,Class Central © 2011-2023
588,Privacy Policy
589,About Us
590,Join Us
591,Help Center
592,Contact Us
593,Share
594,Facebook
595,Twitter
596,Email
597,Copy link
598,Never Stop Learning.
599,"Get personalized course recommendations, track subjects and courses with reminders, and more."
600,Sign up for free
