,link scrapped text
0,700+ Free Certificates from Google!
1,View
2,Close
3,Class Central
4,Courses
5,Class Central
6,Rankings
7,Collections
8,Subjects
9,View all
10,Computer Science
11,Health & Medicine
12,Mathematics
13,Business
14,Humanities
15,Engineering
16,Science
17,Education & Teaching
18,Social Sciences
19,Art & Design
20,Data Science
21,Programming
22,Personal Development
23,Information Security (InfoSec)
24,View all Subjects
25,Universities
26,The Report
27,Courses from
28,1000+ universities
29,Rankings
30,Best Courses
31,Best of All Time
32,Best of the Year 2022
33,Best of the Year 2021
34,Most Popular Courses
35,Most Popular of All Time
36,Most Popular of the Year 2022
37,Most Popular of the Year 2021
38,Collections
39,Monthly Course Reports
40,Starting this Month
41,New Online Courses
42,Most Popular
43,Computer Science
44,Artificial Intelligence
45,Algorithms and Data Structures
46,Internet of Things
47,Information Technology
48,Computer Networking
49,Machine Learning
50,DevOps
51,Deep Learning
52,Cryptography
53,Quantum Computing
54,Human-Computer Interaction (HCI)
55,Distributed Systems
56,Blockchain Development
57,Operating Systems
58,Computer Graphics
59,View all Computer Science
60,Health & Medicine
61,Nutrition & Wellness
62,Disease & Disorders
63,Public Health
64,Health Care
65,Nursing
66,Anatomy
67,Veterinary Science
68,Continuing Medical Education (CME)
69,View all Health & Medicine
70,Mathematics
71,Statistics & Probability
72,Foundations of Mathematics
73,Calculus
74,Discrete Mathematics
75,Trigonometry
76,Geometry
77,Algebra
78,Precalculus
79,Number Theory
80,Combinatorics
81,Mathematical logic
82,Linear Programming
83,View all Mathematics
84,Business
85,Management & Leadership
86,Finance
87,Entrepreneurship
88,Marketing
89,Strategic Management
90,Industry Specific
91,Business Intelligence
92,Accounting
93,Human Resources
94,Project Management
95,Sales
96,Design Thinking
97,Business Software
98,Risk Management
99,Corporate Social Responsibility
100,Customer Service
101,Nonprofit Management
102,Innovation
103,Operations Management
104,View all Business
105,Humanities
106,History
107,Literature
108,Language Learning
109,Grammar & Writing
110,Philosophy
111,Religion
112,ESL
113,Culture
114,Sports
115,Journalism
116,Ethics
117,Linguistics
118,Food
119,Library Science
120,Reading
121,Crisis Management
122,View all Humanities
123,Engineering
124,Electrical Engineering
125,Mechanical Engineering
126,Civil Engineering
127,Robotics
128,Nanotechnology
129,GIS
130,Textiles
131,Manufacturing
132,BIM
133,CAD
134,Chemical Engineering
135,Energy Systems
136,Aerospace Engineering
137,View all Engineering
138,Science
139,Chemistry
140,Physics
141,Environmental Science
142,Astronomy
143,Biology
144,Agriculture
145,Materials Science
146,Earth Science
147,Applied Science
148,Forensic Science
149,View all Science
150,Education & Teaching
151,K12
152,Higher Education
153,STEM
154,Teacher Professional Development
155,Course Development
156,Online Education
157,Test Prep
158,Pedagogy
159,View all Education & Teaching
160,Social Sciences
161,Sociology
162,Economics
163,Psychology
164,Anthropology
165,Political Science
166,Law
167,Urban Planning
168,Human Rights
169,Sustainability
170,Governance
171,Archaeology
172,Social Work
173,View all Social Sciences
174,Art & Design
175,Music
176,Digital Media
177,Visual Arts
178,Design & Creativity
179,View all Art & Design
180,Data Science
181,Bioinformatics
182,Big Data
183,Data Mining
184,Data Analysis
185,Data Visualization
186,Jupyter Notebooks
187,View all Data Science
188,Programming
189,Mobile Development
190,Web Development
191,Databases
192,Game Development
193,Programming Languages
194,Software Development
195,Cloud Computing
196,View all Programming
197,Personal Development
198,Communication Skills
199,Career Development
200,Self Improvement
201,Presentation Skills
202,Resilience
203,View all Personal Development
204,Information Security (InfoSec)
205,Cybersecurity
206,Network Security
207,Ethical Hacking
208,Digital Forensics
209,Reverse Engineering
210,Penetration Testing
211,Malware Analysis
212,DevSecOps
213,OSINT (Open Source Intelligence)
214,Threat Intelligence
215,Information Security Certifications
216,Red Team
217,Blue Team
218,View all Information Security (InfoSec)
219,The Report
220,2022 Year in Review: The “New Normal” that Wasn’t
221,"The pandemic ushered in a “new normal” in online learning, but it culminated in layoffs and stock drops."
222,Dhawal Shah
223,"Jan 02, 2023"
224,Latest
225,"Review of Goldman Sachs 10,000 Women Courses"
226,10 Best Japanese Courses to Take in 2023
227,7 Best Erlang Courses to Take in 2023
228,Harvard CS50 Guide: How to Pick the Right Course (with Free Certificate)
229,10 Best CSS Animation Courses to Take in 2023
230,Visit
231,The Report
232,"DDoS Attack on Class Central: Mitigation, SEO Impact, and Costs"
233,Trending
234,Most common
235,python
236,data science
237,French
238,Popular subjects
239,Digital Skills
240,209 courses
241,Programming
242,"24,443 courses"
243,Information Technology (IT) Certifications
244,504 courses
245,Popular courses
246,The Science of Happiness
247,"University of California, Berkeley"
248,Introduction to Financial Accounting
249,University of Pennsylvania
250,Cryptography I
251,Stanford University
252,Organize and share your learning with Class Central Lists.
253,View our
254,Lists Showcase
255,Sign up
256,Log in
257,or
258,Sign up
259,Log in
260,Sign up
261,Subjects
262,Mathematics
263,Statistics & Probability
264,Free Online
265,Statistics & Probability Courses
266,"Learn Statistics & Probability, earn certificates with free online courses from Harvard, Stanford and other top universities around the world. Read reviews to decide if a class is right for you."
267,Follow
268,138.1k
269,Share
270,746 courses
271,Related Subjects
272,Data Analysis Courses
273,Data Science Courses
274,Calculus Courses
275,Linear Algebra Courses
276,R Programming Courses
277,MATLAB Courses
278,Machine Learning Courses
279,Business Analysis Courses
280,Showing
281,746 courses
282,Filter
283,Sort by Relevancy
284,Relevancy
285,Highest rated
286,Lowest rated
287,Most recently added
288,Filter by
289,Clear All
290,Filters
291,With certificate
292,(397)
293,Free course
294,(592)
295,With free certificate
296,(9)
297,University course only
298,(352)
299,Level
300,Beginner
301,(172)
302,Intermediate
303,(107)
304,Advanced
305,(19)
306,Duration
307,1-5 hours
308,(190)
309,5-10 hours
310,(71)
311,10+ hours
312,(328)
313,Language
314,English
315,(634)
316,Arabic
317,(3)
318,Chinese
319,(6)
320,French
321,(11)
322,German
323,(4)
324,Hindi
325,(22)
326,Italian
327,(3)
328,Japanese
329,(4)
330,Korean
331,(1)
332,Portuguese
333,(3)
334,Russian
335,(25)
336,Spanish
337,(28)
338,Turkish
339,(2)
340,See all
341,Show 746 courses
342,Clear Filters
343,University of Cape Town
344,Understanding Clinical Research: Behind the Statistics
345,735 reviews
346,"If you’ve ever skipped over`the results section of a medical paper because terms like “confidence interval” or “p-value” go over your head, then you’re in the right place."
347,Add to list
348,Quick View
349,Coursera
350,"27 hours worth of material, 6 weeks long"
351,"20th Feb, 2023"
352,Free Online Course (Audit)
353,Best of All Time
354,Python and Statistics for Financial Analysis
355,435 reviews
356,"Due to python’s simplicity and high readability, it is gaining its importance in the financial industry. The course combines both python coding and statistical concepts and applies into analyzing financial data, such as stock data."
357,Add to list
358,Quick View
359,Coursera
360,"13 hours worth of material, 4 weeks long"
361,"27th Feb, 2023"
362,Free Online Course (Audit)
363,Best of All Time
364,Estadística Aplicada a los Negocios
365,134 reviews
366,"Usa estadística descriptiva e inferencial en los negocios. Aprende a tomar decisiones con ayuda de estimadores, análisis regresional y más."
367,Add to list
368,Quick View
369,edX
370,"5-6 hours a week, 5 weeks long"
371,Self paced
372,Free Online Course (Audit)
373,Best of All Time
374,Análisis estadístico con Excel
375,131 reviews
376,"Este curso en línea entrega al estudiante los conocimientos fundamentales de estadística para el análisis de datos, tanto a nivel personal como empresarial."
377,Add to list
378,Quick View
379,edX
380,"3-5 hours a week, 4 weeks long"
381,Self paced
382,Free Online Course (Audit)
383,Best of All Time
384,Intro to Statistics
385,39 reviews
386,"Get ready to analyze, visualize, and interpret data! Thought-provoking examples and chances to combine statistics and programming will keep you engaged and challenged."
387,Add to list
388,Quick View
389,Udacity
390,8 weeks long
391,On-Demand
392,Free Online Course
393,Statistical Learning
394,28 reviews
395,"Learn some of the main tools used in statistical modeling and data science. We cover both traditional as well as exciting new methods, and how to use them in R. Course material updated in 2021 for second edition of the course textbook."
396,Add to list
397,Quick View
398,edX
399,"3-5 hours a week, 11 weeks long"
400,Self paced
401,Free Online Course (Audit)
402,Probability - The Science of Uncertainty and Data
403,34 reviews
404,"Build foundational knowledge of data science with this introduction to probabilistic models, including random processes and the basic elements of statistical inference -- Part of the MITx MicroMasters program in Statistics and Data Science."
405,Add to list
406,Quick View
407,edX
408,"10-14 hours a week, 16 weeks long"
409,"15th May, 2023"
410,Free Online Course (Audit)
411,Best of All Time
412,Statistics and R
413,20 reviews
414,An introduction to basic statistical concepts and R programming skills necessary for analyzing data in the life sciences.
415,Add to list
416,Quick View
417,edX
418,"2-4 hours a week, 4 weeks long"
419,Self paced
420,Free Online Course (Audit)
421,Bayesian Statistics
422,12 reviews
423,"This course describes Bayesian statistics, in which one's inferences about parameters or hypotheses are updated as evidence accumulates. You will learn to use Bayes’ rule to transform prior probabilities into posterior probabilities, and be introduced to…"
424,Add to list
425,Quick View
426,Coursera
427,"35 hours worth of material, 5 weeks long"
428,"13th Feb, 2023"
429,Free Online Course (Audit)
430,Statistics 110: Probability
431,"Syllabus: Lecture 1: Probability and Counting | Statistics 110. Lecture 2: Story Proofs, Axioms of Probability | Statistics 110. Lecture 3: Birthday Problem, Properties of Probability | Statistics 110. Lecture 4: Conditional Probability | Statistics 110.…"
432,Add to list
433,YouTube
434,27 hours worth of material
435,On-Demand
436,Free Online Course
437,"Stanford Webinar - Data Overload: Making Sense of Statistics in the News, Kristin Sainani"
438,Syllabus: Introduction.  Three statistics lessons from the news.  Statements made.  The numbers: relative risk (risk ratio).  The numbers: absolute risk difference.  Relative vs. Absolute Risk.  Communicating relative risks correctly.  Relative risks don…
439,Add to list
440,YouTube
441,Less than 1 hour of material
442,On-Demand
443,Free Online Course
444,Bayesian Networks 3 - Maximum Likelihood | Stanford CS221: AI (Autumn 2019)
445,Syllabus: Introduction.  Announcements.  Review: Bayesian network.  Review: probabilistic inference.  Where do parameters come from?.  Roadmap.  Learning task.  Example: one variable.  Example: v-structure.  Example: inverted-v structure.  Parameter shar…
446,Add to list
447,YouTube
448,1-2 hours worth of material
449,On-Demand
450,Free Online Course
451,Bayesian Networks 2 - Forward-Backward | Stanford CS221: AI (Autumn 2019)
452,Syllabus: Introduction.  Review: Bayesian network.  Review: probabilistic inference.  Hidden Markov model inference.  Lattice representation.  Summary.  Hidden Markov models.  Review: beam search.  Step 1: propose.  weight.  Step 3: resample.  Applicatio…
453,Add to list
454,YouTube
455,1-2 hours worth of material
456,On-Demand
457,Free Online Course
458,Bayesian Networks 1 - Inference | Stanford CS221: AI (Autumn 2019)
459,"Syllabus: Introduction.  Announcements.  Pac-Man competition.  Review: definition.  Review: object tracking.  Course plan.  Review: probability Random variables: sunshine S € (0,1), rain R € {0,1}.  Challenges Modeling: How to specify a joint distributio…"
460,Add to list
461,YouTube
462,1-2 hours worth of material
463,On-Demand
464,Free Online Course
465,Fat Chance: Probability from the Ground Up
466,5 reviews
467,Increase your quantitative reasoning skills through a deeper understanding of probability and statistics.
468,Add to list
469,Quick View
470,edX
471,"3-5 hours a week, 7 weeks long"
472,Self paced
473,Free Online Course (Audit)
474,Load more
475,Load the next 15 courses of 731
476,Home
477,Browse by subject
478,Computer Science
479,Psychology
480,Cybersecurity
481,Health
482,Law
483,Accounting
484,Web Development
485,Browse by provider
486,Coursera
487,edX
488,FutureLearn
489,Udacity
490,Swayam
491,Udemy
492,LinkedIn Learning
493,Browse by university
494,Harvard
495,Stanford
496,Georgia Tech
497,University of Michigan
498,Purdue University
499,Duke University
500,IIT Madras
501,Browse by institution
502,Google
503,Microsoft
504,IBM
505,Amazon
506,Linux Foundation
507,British Council
508,Salesforce
509,Rankings
510,Best Online Courses of All Time
511,Best Online Courses of the Year
512,Most Popular Courses of All Time
513,Most Popular Courses of the Year
514,250 Top FREE Coursera Courses of All Time
515,100 Top FREE edX Courses of All Time
516,250 Top Udemy Courses of All Time
517,The Report
518,by Class Central
519,RSS Feed
520,"The ""New Normal"" that Wasn't"
521,DDoS Attack on Class Central
522,500+ Online Degrees in India
523,Harvard's CS50 Free Certificate Guide
524,How Open University Works
525,Free Certificates & Courses
526,700+ Free Google Certificates
527,Free LinkedIn Learning Certificates
528,1600+ Free Coursera Courses
529,Ivy League Online Courses
530,175+ Free Writing Online Courses
531,About Class Central
532,"Class Central aggregates courses from many providers to help you find the best courses on almost any subject, wherever they exist."
533,Facebook
534,Twitter
535,LinkedIn
536,YouTube
537,Class Central © 2011-2023
538,Privacy Policy
539,About Us
540,Join Us
541,Help Center
542,Contact Us
543,Share
544,Facebook
545,Twitter
546,Email
547,Copy link
548,Never Stop Learning.
549,"Get personalized course recommendations, track subjects and courses with reminders, and more."
550,Sign up for free
