,link scrapped text
0,700+ Free Certificates from Google!
1,View
2,Close
3,The Report by Class Central
4,Your source for the latest news and trends in online education.
5,Stay up to date
6,Class Central
7,Class Central
8,classcentral.com
9,Browse Courses
10,Search
11,Write a Review
12,About Class Central
13,News
14,Analysis
15,Features
16,Guides
17,Student Voices
18,Rankings
19,The Best Online Courses of All-Time
20,Best Online Courses of 2022
21,Best Online Courses of 2021
22,Best Online Courses of 2020
23,Best Online Courses of 2019
24,Best Online Courses of 2018
25,Best Online Courses of 2017
26,Best Online Courses of 2016
27,Best Online Courses of 2015
28,Year in Review
29,MOOC Roundup 2021
30,MOOC Roundup 2020
31,MOOC Roundup 2019
32,MOOC Roundup 2018
33,MOOC Roundup 2017
34,MOOC Roundup 2016
35,MOOC Roundup 2015
36,Providers
37,Coursera
38,EdX
39,Udacity
40,Futurelearn
41,2022 Year in Review: The “New Normal” that Wasn’t
42,"The pandemic ushered in a “new normal” in online learning, but it culminated in layoffs and stock drops."
43,Dhawal Shah
44,News & Analysis
45,Harvard CS50 Guide: How to Pick the Right Course (with Free Certificate)
46,"In 2023, Harvard CS50 offers 9 free certificate courses on topics such as computer science, Python, and AI."
47,Manoel Cortes Mendez
48,Massive List of Chinese Online Course Platforms in 2023
49,"Online education is alive and well in China. Combined, these platforms offer over 100K online courses."
50,Rui Ma
51,&
52,Manoel Cortes Mendez
53,More news
54,"FutureLearn Under New Leadership Expands Paywall, Restricts Course Binging"
55,Pat Bowden
56,"202K Courses, 662M Enrollments: Breaking Down Udemy’s Massive Catalog"
57,Dhawal Shah
58,&
59,Archisha Bhar
60,"Domestika, the Online Learning Unicorn, Closes Global Offices and Downsizes Staff by 40%"
61,Dhawal Shah
62,Best Courses
63,10 Best Japanese Courses to Take in 2023
64,7 Best Erlang Courses to Take in 2023
65,10 Best CSS Animation Courses to Take in 2023
66,10 Best American Sign Language (ASL) Courses to Take in 2023
67,More best courses
68,Course Reports
69,Most Popular
70,The most popular free online courses and MOOCs starting this month
71,Courses Added
72,New free online courses and MOOCs added this month
73,Courses Starting
74,Free online courses and MOOCs starting this month
75,1000+ Free Developer and IT Certifications
76,Dhawal Shah
77,&
78,Rui Ma
79,[2023] 700+ Free Google Certifications
80,Rui Ma
81,&
82,Manoel Cortes Mendez
83,[2023] 170 Free Online Writing Courses to Improve Your Skills
84,Dhawal Shah
85,&
86,Pat Bowden
87,More course reports
88,Course Reviews
89,"Review of Goldman Sachs 10,000 Women Courses"
90,"A review of Fundamentals of Business Finance, Fundamentals of Leadership, and Grow Your Business by Goldman Sachs 10,000 Women series."
91,Rejoice Abolude
92,Futurism and Space Exploration: a Perfect Start to the Wilder Side of Space Research
93,This is an in-depth review of the Futurism and Space Exploration series by PBS Space Time.
94,Kendahl Edwards
95,A Deep Dive into UCT’s Course: Understanding Clinical Research – Behind the Statistics
96,Discover the power of understanding clinical research and statistics in this free-to-audit online course by the University of Cape Town.
97,Agustin Cardone
98,Review of a Course to Help You Launch Your Podcast
99,"Learn how to create and launch a successful podcast with John Lee Dumas in this free course. All you need is a plan, a bit of equipment, and motivation!"
100,Pat Bowden
101,Learn How to Create Sounds for Games Based on Vibrational Physics of Real-World Objects and Systems
102,"In this free course by Stanford, you will learn “Physics-Based Sound Synthesis for Games and Interactive Systems” with Professor Perry R. Cook."
103,Costas Economou
104,Learn How to Teach Artistry in This Free Course by Kadenze
105,"A well orchestrated course with a skilled professor, Brad Haseman, and subject matter experts from 3 international arts organizations sharing their experience and history."
106,Carlo P
107,More course reviews
108,Find Your Next Course
109,Computer Science
110,"8,326                                    courses"
111,Blockchain Development
112,Operating Systems
113,Computer Graphics
114,Artificial Intelligence
115,Algorithms and Data Structures
116,Internet of Things
117,Information Technology
118,Human-Computer Interaction (HCI)
119,Computer Networking
120,Machine Learning
121,DevOps
122,Deep Learning
123,Distributed Systems
124,Cryptography
125,Quantum Computing
126,Business
127,"19,402                                    courses"
128,Management & Leadership
129,Finance
130,Entrepreneurship
131,Innovation
132,Marketing
133,Risk Management
134,Operations Management
135,Strategic Management
136,Industry Specific
137,Business Intelligence
138,Corporate Social Responsibility
139,Accounting
140,Human Resources
141,Project Management
142,Sales
143,Design Thinking
144,Nonprofit Management
145,Customer Service
146,Business Software
147,Humanities
148,"5,052                                    courses"
149,History
150,Literature
151,Reading
152,Language Learning
153,Grammar & Writing
154,Philosophy
155,Religion
156,Food
157,Crisis Management
158,ESL
159,Culture
160,Sports
161,Library Science
162,Journalism
163,Ethics
164,Linguistics
165,Data Science
166,"2,822                                    courses"
167,Bioinformatics
168,Big Data
169,Data Mining
170,Data Analysis
171,Data Visualization
172,Jupyter Notebooks
173,Personal Development
174,"3,405                                    courses"
175,Resilience
176,Communication Skills
177,Career Development
178,Self Improvement
179,Presentation Skills
180,Art & Design
181,"15,898                                    courses"
182,Music
183,Digital Media
184,Visual Arts
185,Design & Creativity
186,Browse all subjects
187,Home
188,/
189,The Report
190,Browse by subject
191,Computer Science
192,Psychology
193,Cybersecurity
194,Health
195,Law
196,Accounting
197,Web Development
198,Browse by provider
199,Coursera
200,edX
201,FutureLearn
202,Udacity
203,Swayam
204,Udemy
205,LinkedIn Learning
206,Browse by university
207,Harvard
208,Stanford
209,Georgia Tech
210,University of Michigan
211,Purdue University
212,Duke University
213,IIT Madras
214,Browse by institution
215,Google
216,Microsoft
217,IBM
218,Amazon
219,Linux Foundation
220,British Council
221,Salesforce
222,Rankings
223,Best Online Courses of All Time
224,Best Online Courses of the Year (2022 Edition)
225,Most Popular Courses of All Time
226,Most Popular Courses of the Year (2022 Edition)
227,250 Top FREE Coursera Courses of All Time
228,100 Top FREE edX Courses of All Time
229,250 Top Udemy Courses of All Time
230,The Report
231,by Class Central
232,RSS Feed
233,"The ""New Normal"" that Wasn't"
234,DDoS Attack on Class Central
235,500+ Online Degrees in India
236,Harvard's CS50 Free Certificate Guide
237,How Open University Works
238,Free Courses and Certificates
239,700+ Free Google Certificates
240,Free LinkedIn Learning Certificates
241,1600+ Free Coursera Courses
242,Ivy League Online Courses
243,175+ Free Writing Online Courses
244,About Class Central
245,"Class Central aggregates courses from many providers to help you find the best courses on almost any subject, wherever they exist."
246,The Report
247,"by Class Central, is your source for the latest news and trends in online education."
248,Facebook
249,Twitter
250,LinkedIn
251,YouTube
252,Class Central © 2011-2023
253,Privacy Policy
254,About Us
255,Join Us
256,Help Center
257,Contact Us
