,link scrapped text
0,700+ Free Certificates from Google!
1,View
2,Close
3,Class Central
4,Courses
5,Class Central
6,Rankings
7,Collections
8,Subjects
9,View all
10,Computer Science
11,Health & Medicine
12,Mathematics
13,Business
14,Humanities
15,Engineering
16,Science
17,Education & Teaching
18,Social Sciences
19,Art & Design
20,Data Science
21,Programming
22,Personal Development
23,Information Security (InfoSec)
24,View all Subjects
25,Universities
26,The Report
27,Courses from
28,1000+ universities
29,Rankings
30,Best Courses
31,Best of All Time
32,Best of the Year 2022
33,Best of the Year 2021
34,Most Popular Courses
35,Most Popular of All Time
36,Most Popular of the Year 2022
37,Most Popular of the Year 2021
38,Collections
39,Monthly Course Reports
40,Starting this Month
41,New Online Courses
42,Most Popular
43,Computer Science
44,Artificial Intelligence
45,Algorithms and Data Structures
46,Internet of Things
47,Information Technology
48,Computer Networking
49,Machine Learning
50,DevOps
51,Deep Learning
52,Cryptography
53,Quantum Computing
54,Human-Computer Interaction (HCI)
55,Distributed Systems
56,Blockchain Development
57,Operating Systems
58,Computer Graphics
59,View all Computer Science
60,Health & Medicine
61,Nutrition & Wellness
62,Disease & Disorders
63,Public Health
64,Health Care
65,Nursing
66,Anatomy
67,Veterinary Science
68,Continuing Medical Education (CME)
69,View all Health & Medicine
70,Mathematics
71,Statistics & Probability
72,Foundations of Mathematics
73,Calculus
74,Discrete Mathematics
75,Trigonometry
76,Geometry
77,Algebra
78,Precalculus
79,Number Theory
80,Combinatorics
81,Mathematical logic
82,Linear Programming
83,View all Mathematics
84,Business
85,Management & Leadership
86,Finance
87,Entrepreneurship
88,Marketing
89,Strategic Management
90,Industry Specific
91,Business Intelligence
92,Accounting
93,Human Resources
94,Project Management
95,Sales
96,Design Thinking
97,Business Software
98,Risk Management
99,Corporate Social Responsibility
100,Customer Service
101,Nonprofit Management
102,Innovation
103,Operations Management
104,View all Business
105,Humanities
106,History
107,Literature
108,Language Learning
109,Grammar & Writing
110,Philosophy
111,Religion
112,ESL
113,Culture
114,Sports
115,Journalism
116,Ethics
117,Linguistics
118,Food
119,Library Science
120,Reading
121,Crisis Management
122,View all Humanities
123,Engineering
124,Electrical Engineering
125,Mechanical Engineering
126,Civil Engineering
127,Robotics
128,Nanotechnology
129,GIS
130,Textiles
131,Manufacturing
132,BIM
133,CAD
134,Chemical Engineering
135,Energy Systems
136,Aerospace Engineering
137,View all Engineering
138,Science
139,Chemistry
140,Physics
141,Environmental Science
142,Astronomy
143,Biology
144,Agriculture
145,Materials Science
146,Earth Science
147,Applied Science
148,Forensic Science
149,View all Science
150,Education & Teaching
151,K12
152,Higher Education
153,STEM
154,Teacher Professional Development
155,Course Development
156,Online Education
157,Test Prep
158,Pedagogy
159,View all Education & Teaching
160,Social Sciences
161,Sociology
162,Economics
163,Psychology
164,Anthropology
165,Political Science
166,Law
167,Urban Planning
168,Human Rights
169,Sustainability
170,Governance
171,Archaeology
172,Social Work
173,View all Social Sciences
174,Art & Design
175,Music
176,Digital Media
177,Visual Arts
178,Design & Creativity
179,View all Art & Design
180,Data Science
181,Bioinformatics
182,Big Data
183,Data Mining
184,Data Analysis
185,Data Visualization
186,Jupyter Notebooks
187,View all Data Science
188,Programming
189,Mobile Development
190,Web Development
191,Databases
192,Game Development
193,Programming Languages
194,Software Development
195,Cloud Computing
196,View all Programming
197,Personal Development
198,Communication Skills
199,Career Development
200,Self Improvement
201,Presentation Skills
202,Resilience
203,View all Personal Development
204,Information Security (InfoSec)
205,Cybersecurity
206,Network Security
207,Ethical Hacking
208,Digital Forensics
209,Reverse Engineering
210,Penetration Testing
211,Malware Analysis
212,DevSecOps
213,OSINT (Open Source Intelligence)
214,Threat Intelligence
215,Information Security Certifications
216,Red Team
217,Blue Team
218,View all Information Security (InfoSec)
219,The Report
220,2022 Year in Review: The “New Normal” that Wasn’t
221,"The pandemic ushered in a “new normal” in online learning, but it culminated in layoffs and stock drops."
222,Dhawal Shah
223,"Jan 02, 2023"
224,Latest
225,"Review of Goldman Sachs 10,000 Women Courses"
226,10 Best Japanese Courses to Take in 2023
227,7 Best Erlang Courses to Take in 2023
228,Harvard CS50 Guide: How to Pick the Right Course (with Free Certificate)
229,10 Best CSS Animation Courses to Take in 2023
230,Visit
231,The Report
232,"DDoS Attack on Class Central: Mitigation, SEO Impact, and Costs"
233,Trending
234,Most common
235,cyber security
236,trading
237,flutter
238,Popular subjects
239,Digital Skills
240,209 courses
241,Programming
242,"24,443 courses"
243,Information Technology (IT) Certifications
244,504 courses
245,Popular courses
246,The Science of Happiness
247,"University of California, Berkeley"
248,Introduction to Financial Accounting
249,University of Pennsylvania
250,Cryptography I
251,Stanford University
252,Organize and share your learning with Class Central Lists.
253,View our
254,Lists Showcase
255,Sign up
256,Log in
257,or
258,Sign up
259,Log in
260,Sign up
261,Subjects
262,Mathematics
263,Trigonometry
264,Free Online
265,Trigonometry Courses
266,"Learn Trigonometry, earn certificates with free online courses from UC Irvine, École Polytechnique Fédérale de Lausanne, UNAM, University of Padova and other top universities around the world. Read reviews to decide if a class is right for you."
267,Follow
268,1.8k
269,Share
270,78 courses
271,Related Subjects
272,Civil Engineering Courses
273,Foundations of Mathematics Courses
274,Electrical Engineering Courses
275,Astronomy Courses
276,Statistics & Probability Courses
277,STEM Courses
278,Linear Algebra Courses
279,Showing
280,78 courses
281,Filter
282,Sort by Relevancy
283,Relevancy
284,Highest rated
285,Lowest rated
286,Most recently added
287,Filter by
288,Clear All
289,Filters
290,With certificate
291,(9)
292,Free course
293,(73)
294,University course only
295,(5)
296,Level
297,Beginner
298,(10)
299,Advanced
300,(1)
301,Duration
302,1-5 hours
303,(26)
304,5-10 hours
305,(5)
306,10+ hours
307,(16)
308,Language
309,English
310,(65)
311,Amharic
312,(1)
313,Hindi
314,(9)
315,Spanish
316,(3)
317,Show 78 courses
318,Clear Filters
319,University of Padova
320,"Advanced Precalculus: Geometry, Trigonometry and Exponentials"
321,44 reviews
322,Explore advanced precalculus topics and gain the mathematical knowledge and skills required to take a first course in precalculus.
323,Add to list
324,Quick View
325,FutureLearn
326,"5 hours a week, 4 weeks long"
327,Self paced
328,Free Online Course (Audit)
329,Best of All Time
330,patrickJMT
331,Inverse Trigonometric Functions
332,"Syllabus: Inverse Trigonometric Functions , Part 1 ( Basic Introduction ). Inverse Trigonometric Functions , Part 2 ( Evaluating Inverse Trig Functions ). Inverse Trigonometric Functions , Part 3. Inverse Trigonometric Functions , Part 4 (Simplify Expres…"
333,Add to list
334,YouTube
335,Less than 1 hour of material
336,On-Demand
337,Free Online Course
338,patrickJMT
339,Graphing the Trigonometric Functions
340,"Syllabus: Graphing the Trigonometric Functions. Graphing Sine and Cosine with Phase (Horizontal) Shifts, Example 1. Graphing Sine and Cosine with Phase (Horizontal) Shifts, Example 2. Graphing Sine and Cosine With Different Coefficients (Amplitude and Pe…"
341,Add to list
342,YouTube
343,1-2 hours worth of material
344,On-Demand
345,Free Online Course
346,MooMooMath and Science
347,"Trigonometry Lesson 8 "" Trig word problems"""
348,Syllabus: Looking at patterns and characteristics of trig functions.  Looking at the rule sinx = cos(90=x).  Looking at patterns of tangent.  Explaining the rule tanx =1/(tan(90-x).  Part2 more relationships 1. Drawing triangle ABC and angle B is 90 degr…
349,Add to list
350,YouTube
351,Less than 1 hour of material
352,On-Demand
353,Free Online Course
354,Krista King
355,Trig substitution - How to solve?
356,Syllabus: // What is trig substitution?.  // When to use trig substitution?.  // What kinds of integrals use trig substitution?.  // What to do when there’s no square root?.  // What to do when you don’t have perfect squares?.  // What do trig substituti…
357,Add to list
358,YouTube
359,Less than 1 hour of material
360,On-Demand
361,Free Online Course
362,Neha Agrawal Mathematically Inclined
363,INVERSE TRIGONOMETRY CLASS 12th XII CBSE/ISC
364,Syllabus: MISTAKES MADE IN INVERSE TRIGONOMETRIC FUNCTIONS/INVERSE TRIGONOMETRY PART 8/8 - CLASS XII 12th. INVERSE TRIGONOMETRIC FUNCTIONS/INVERSE TRIGONOMETRY PART 6&7/ 8 - CLASS XII 12th CBSE. INVERSE TRIGONOMETRIC FUNCTIONS/INVERSE TRIGONOMETRY PART 5…
365,Add to list
366,YouTube
367,2-3 hours worth of material
368,On-Demand
369,Free Online Course
370,Krista King
371,Trig identities - What are they?
372,Syllabus: // What are trig identities?.  // How many trigonometric identities are there?.  // What are the trig identities based on?.  // How are trig functions defined by a right triangle?.  // What trig functions are trig identities based on?.  // What…
373,Add to list
374,YouTube
375,Less than 1 hour of material
376,On-Demand
377,Free Online Course
378,The Organic Chemistry Tutor
379,New Trigonometry Playlist
380,"Syllabus: Trigonometry. Organic Chemistry Tutor - Youtube Channel Membership. Introduction to Angles. Radians and Degrees. Trigonometry - What Exactly Is a Radian?. Greek Alphabet Symbols List - College Math, Chemistry, & Physics. Coterminal Angles In Ra…"
381,Add to list
382,YouTube
383,33 hours worth of material
384,On-Demand
385,Free Online Course
386,Neha Agrawal Mathematically Inclined
387,Trigonometry Tricks
388,Syllabus: TRIGONOMETRY SHORTCUT//TRICK FOR NDA/JEE/CETs/COMEDK/SOLUTION IN 5 SECONDS.TRIGONOMETRY TRICK/SHORTCUT FOR JEE/NDA/NA/CETs/AIRFORCE/BANKING/RAILWAYS/SSC-CGL.TRIGONOMETRY TRICK/SHORTCUT FOR JEE/NDA/NA/CETs/AIRFORCE/RAILWAYS/BANKING/SSC-CGL.TRIGO…
389,Add to list
390,YouTube
391,Less than 1 hour of material
392,On-Demand
393,Free Online Course
394,Unacademy
395,Trigonometry Class 11 IIT JEE Mathematics
396,"In this series, Sameer sir will discuss one of the important topics for JEE Mains, which is Trigonometry. Watch this series to clear your concepts of Trigonometry and know some of the best shortcuts to solve JEE Mains question papers."
397,Add to list
398,Quick View
399,YouTube
400,14 hours worth of material
401,On-Demand
402,Free Online Course
403,Sean Fitzpatrick
404,Precalculus Review: Trigonometry
405,Syllabus: Review: Trig - Triangles.Review: Trig - Unit Circle.Review: Trig - Radians.Review: Trig - Special Angles.Review: Trig - The Six Functions.Review: Trig - Graphs of Trig Functions.Review: Trig - Basic Identities.Review: Trig - Derived Identities.
406,Add to list
407,YouTube
408,1-2 hours worth of material
409,On-Demand
410,Free Online Course
411,Professor Leonard
412,Precalculus - College Algebra/Trigonometry
413,Syllabus: Intro to Precalculus (Precalculus - College Algebra 1).Introduction to Functions (Precalculus - College Algebra 2).How to Evaluate Functions (Precalculus - College Algebra 3).Finding the Domain of Functions (Precalculus - College Algebra 4).Ope…
414,Add to list
415,YouTube
416,75 hours worth of material
417,On-Demand
418,Free Online Course
419,Tyler Wallace
420,Trigonometry
421,"Syllabus: 5.1 Angles.5.2 Right Triangle Trig.5.3a Law of Sines.5.3b Law of Cosines.5.4 Points on a Circle.5.5a Other Trig Functions.5.5b Introduction to Identities.5.6a Graphs of sinx and cosx.5.6b Graph of tan, cot, sec, csc.5.7 Inverse Trig Functions.6…"
422,Add to list
423,YouTube
424,10 hours worth of material
425,On-Demand
426,Free Online Course
427,Eddie Woo
428,Inverse Trigonometric Functions
429,Syllabus: Introduction to Inverse Trig Functions (1 of 2): Why a whole new topic?. Introduction to Inverse Trig Functions (2 of 2): Reviewing Functions & Relations. Related Rates - Boat w/ Inverse Trig. Derivatives of Inverse Trigonometric Functions. Are…
430,Add to list
431,YouTube
432,10 hours worth of material
433,On-Demand
434,Free Online Course
435,3Blue1Brown
436,Trigonometry fundamentals | Ep. 2 Lockdown live math
437,Syllabus: Introduction  - . Q1 Graph of (cos θ)²  - . Q2 Translations of cos θ to (cos θ)²  - . Q3 f(2x) = f(x)²  - . Intro to Trig  - . Q4 sin(3) & cos(3)  - . SohCahToa - . Q5 Leaning Tower  - . How to Compute Trig Functions?  - . Q6 sin(π/6)  - . Q7 c…
438,Add to list
439,YouTube
440,1-2 hours worth of material
441,On-Demand
442,Free Online Course
443,Load more
444,Load the next 15 courses of 63
445,Home
446,Browse by subject
447,Computer Science
448,Psychology
449,Cybersecurity
450,Health
451,Law
452,Accounting
453,Web Development
454,Browse by provider
455,Coursera
456,edX
457,FutureLearn
458,Udacity
459,Swayam
460,Udemy
461,LinkedIn Learning
462,Browse by university
463,Harvard
464,Stanford
465,Georgia Tech
466,University of Michigan
467,Purdue University
468,Duke University
469,IIT Madras
470,Browse by institution
471,Google
472,Microsoft
473,IBM
474,Amazon
475,Linux Foundation
476,British Council
477,Salesforce
478,Rankings
479,Best Online Courses of All Time
480,Best Online Courses of the Year
481,Most Popular Courses of All Time
482,Most Popular Courses of the Year
483,250 Top FREE Coursera Courses of All Time
484,100 Top FREE edX Courses of All Time
485,250 Top Udemy Courses of All Time
486,The Report
487,by Class Central
488,RSS Feed
489,"The ""New Normal"" that Wasn't"
490,DDoS Attack on Class Central
491,500+ Online Degrees in India
492,Harvard's CS50 Free Certificate Guide
493,How Open University Works
494,Free Certificates & Courses
495,700+ Free Google Certificates
496,Free LinkedIn Learning Certificates
497,1600+ Free Coursera Courses
498,Ivy League Online Courses
499,175+ Free Writing Online Courses
500,About Class Central
501,"Class Central aggregates courses from many providers to help you find the best courses on almost any subject, wherever they exist."
502,Facebook
503,Twitter
504,LinkedIn
505,YouTube
506,Class Central © 2011-2023
507,Privacy Policy
508,About Us
509,Join Us
510,Help Center
511,Contact Us
512,Share
513,Facebook
514,Twitter
515,Email
516,Copy link
517,Never Stop Learning.
518,"Get personalized course recommendations, track subjects and courses with reminders, and more."
519,Sign up for free
