,link scrapped text
0,700+ Free Certificates from Google!
1,View
2,Close
3,Class Central
4,Courses
5,Class Central
6,Rankings
7,Collections
8,Subjects
9,View all
10,Computer Science
11,Health & Medicine
12,Mathematics
13,Business
14,Humanities
15,Engineering
16,Science
17,Education & Teaching
18,Social Sciences
19,Art & Design
20,Data Science
21,Programming
22,Personal Development
23,Information Security (InfoSec)
24,View all Subjects
25,Universities
26,The Report
27,Courses from
28,1000+ universities
29,Rankings
30,Best Courses
31,Best of All Time
32,Best of the Year 2022
33,Best of the Year 2021
34,Most Popular Courses
35,Most Popular of All Time
36,Most Popular of the Year 2022
37,Most Popular of the Year 2021
38,Collections
39,Monthly Course Reports
40,Starting this Month
41,New Online Courses
42,Most Popular
43,Computer Science
44,Artificial Intelligence
45,Algorithms and Data Structures
46,Internet of Things
47,Information Technology
48,Computer Networking
49,Machine Learning
50,DevOps
51,Deep Learning
52,Cryptography
53,Quantum Computing
54,Human-Computer Interaction (HCI)
55,Distributed Systems
56,Blockchain Development
57,Operating Systems
58,Computer Graphics
59,View all Computer Science
60,Health & Medicine
61,Nutrition & Wellness
62,Disease & Disorders
63,Public Health
64,Health Care
65,Nursing
66,Anatomy
67,Veterinary Science
68,Continuing Medical Education (CME)
69,View all Health & Medicine
70,Mathematics
71,Statistics & Probability
72,Foundations of Mathematics
73,Calculus
74,Discrete Mathematics
75,Trigonometry
76,Geometry
77,Algebra
78,Precalculus
79,Number Theory
80,Combinatorics
81,Mathematical logic
82,Linear Programming
83,View all Mathematics
84,Business
85,Management & Leadership
86,Finance
87,Entrepreneurship
88,Marketing
89,Strategic Management
90,Industry Specific
91,Business Intelligence
92,Accounting
93,Human Resources
94,Project Management
95,Sales
96,Design Thinking
97,Business Software
98,Risk Management
99,Corporate Social Responsibility
100,Customer Service
101,Nonprofit Management
102,Innovation
103,Operations Management
104,View all Business
105,Humanities
106,History
107,Literature
108,Language Learning
109,Grammar & Writing
110,Philosophy
111,Religion
112,ESL
113,Culture
114,Sports
115,Journalism
116,Ethics
117,Linguistics
118,Food
119,Library Science
120,Reading
121,Crisis Management
122,View all Humanities
123,Engineering
124,Electrical Engineering
125,Mechanical Engineering
126,Civil Engineering
127,Robotics
128,Nanotechnology
129,GIS
130,Textiles
131,Manufacturing
132,BIM
133,CAD
134,Chemical Engineering
135,Energy Systems
136,Aerospace Engineering
137,View all Engineering
138,Science
139,Chemistry
140,Physics
141,Environmental Science
142,Astronomy
143,Biology
144,Agriculture
145,Materials Science
146,Earth Science
147,Applied Science
148,Forensic Science
149,View all Science
150,Education & Teaching
151,K12
152,Higher Education
153,STEM
154,Teacher Professional Development
155,Course Development
156,Online Education
157,Test Prep
158,Pedagogy
159,View all Education & Teaching
160,Social Sciences
161,Sociology
162,Economics
163,Psychology
164,Anthropology
165,Political Science
166,Law
167,Urban Planning
168,Human Rights
169,Sustainability
170,Governance
171,Archaeology
172,Social Work
173,View all Social Sciences
174,Art & Design
175,Music
176,Digital Media
177,Visual Arts
178,Design & Creativity
179,View all Art & Design
180,Data Science
181,Bioinformatics
182,Big Data
183,Data Mining
184,Data Analysis
185,Data Visualization
186,Jupyter Notebooks
187,View all Data Science
188,Programming
189,Mobile Development
190,Web Development
191,Databases
192,Game Development
193,Programming Languages
194,Software Development
195,Cloud Computing
196,View all Programming
197,Personal Development
198,Communication Skills
199,Career Development
200,Self Improvement
201,Presentation Skills
202,Resilience
203,View all Personal Development
204,Information Security (InfoSec)
205,Cybersecurity
206,Network Security
207,Ethical Hacking
208,Digital Forensics
209,Reverse Engineering
210,Penetration Testing
211,Malware Analysis
212,DevSecOps
213,OSINT (Open Source Intelligence)
214,Threat Intelligence
215,Information Security Certifications
216,Red Team
217,Blue Team
218,View all Information Security (InfoSec)
219,The Report
220,2022 Year in Review: The “New Normal” that Wasn’t
221,"The pandemic ushered in a “new normal” in online learning, but it culminated in layoffs and stock drops."
222,Dhawal Shah
223,"Jan 02, 2023"
224,Latest
225,"Review of Goldman Sachs 10,000 Women Courses"
226,10 Best Japanese Courses to Take in 2023
227,7 Best Erlang Courses to Take in 2023
228,Harvard CS50 Guide: How to Pick the Right Course (with Free Certificate)
229,10 Best CSS Animation Courses to Take in 2023
230,Visit
231,The Report
232,"DDoS Attack on Class Central: Mitigation, SEO Impact, and Costs"
233,Trending
234,Most common
235,c
236,cyber security
237,trading
238,Popular subjects
239,Digital Skills
240,209 courses
241,Programming
242,"24,443 courses"
243,Information Technology (IT) Certifications
244,504 courses
245,Popular courses
246,The Science of Happiness
247,"University of California, Berkeley"
248,Introduction to Financial Accounting
249,University of Pennsylvania
250,Cryptography I
251,Stanford University
252,Organize and share your learning with Class Central Lists.
253,View our
254,Lists Showcase
255,Sign up
256,Log in
257,or
258,Sign up
259,Log in
260,Sign up
261,Subjects
262,Health & Medicine
263,Veterinary Science
264,Free Online
265,Veterinary Science Courses
266,"Learn Veterinary Science, earn certificates with paid and free online courses from University of Edinburgh, UC Davis, IIT Kanpur and other top universities around the world. Read reviews to decide if a class is right for you."
267,Follow
268,18.5k
269,Share
270,37 courses
271,Related Subjects
272,Biology Courses
273,Physiology Courses
274,Nutrition & Wellness Courses
275,Health Care Courses
276,Pharmacology Courses
277,Public Health Courses
278,Test Prep Courses
279,First Aid Courses
280,Showing
281,37 courses
282,Filter
283,Sort by Relevancy
284,Relevancy
285,Highest rated
286,Lowest rated
287,Most recently added
288,Filter by
289,Clear All
290,Filters
291,With certificate
292,(34)
293,Free course
294,(14)
295,University course only
296,(13)
297,Level
298,Beginner
299,(24)
300,Intermediate
301,(1)
302,Duration
303,1-5 hours
304,(12)
305,5-10 hours
306,(6)
307,10+ hours
308,(16)
309,Language
310,English
311,(37)
312,Show 37 courses
313,Clear Filters
314,EDIVET: Do you have what it takes to be a veterinarian?
315,5 reviews
316,"This course is for anyone interested in learning more about Veterinary Medicine, giving a “taster” of courses covered in the first year of a veterinary degree and an idea of what it is like to study Veterinary Medicine."
317,Add to list
318,Quick View
319,Coursera
320,"9-10 hours worth of material, 5 weeks long"
321,"13th Feb, 2023"
322,Free Online Course (Audit)
323,Chicken Behaviour and Welfare
324,1054 ratings at Coursera
325,"This course explains the general principles of chicken behaviour and welfare, and the behavioural and physiological indicators that can be used to assess welfare in chickens kept in hobby flocks through to commercial farms. The focus is primarily on layi…"
326,Add to list
327,Quick View
328,Coursera
329,"9-10 hours worth of material, 5 weeks long"
330,"27th Feb, 2023"
331,Free Online Course (Audit)
332,Equine Welfare and Management
333,320 ratings at Coursera
334,"This unique course was developed by veterinarians at the world-renowned University of California, Davis School of Veterinary Medicine. The course will address horsemanship from a welfare perspective, within the context of “The Five Freedoms” of animal we…"
335,Add to list
336,Quick View
337,Coursera
338,"18 hours worth of material, 6 weeks long"
339,"6th Feb, 2023"
340,Free Online Course (Audit)
341,University of Tennessee
342,Birds 101: Introduction to Pet Birds
343,2 reviews
344,"Learn to care for your pet birds, from parrots to finches, by studying nutrition & husbandry, behavioral characteristics, and common veterinary procedures."
345,Add to list
346,Quick View
347,edX
348,"2-3 hours a week, 4 weeks long"
349,Self paced
350,Free Online Course (Audit)
351,The University of Nottingham
352,Virtual Work Experience and Exploring the Veterinary Profession
353,436 ratings at FutureLearn
354,Learn what it takes to become a vet and explore the challenges of the vet profession to decide if it's the right career for you.
355,Add to list
356,Quick View
357,FutureLearn
358,"3 hours a week, 2 weeks long"
359,Self paced
360,Free Online Course (Audit)
361,The University of Nottingham
362,Poultry Health
363,29 ratings at FutureLearn
364,Get technically and scientifically accurate information on how to care for non-commercial poultry.
365,Add to list
366,Quick View
367,FutureLearn
368,"3 hours a week, 6 weeks long"
369,Self paced
370,Free Online Course (Audit)
371,Antimicrobial Stewardship in Veterinary Practice
372,32 ratings at FutureLearn
373,How can good antimicrobial stewardship prevent antimicrobial resistance (AMR) in veterinary practices? Find out on this course.
374,Add to list
375,Quick View
376,FutureLearn
377,"3 hours a week, 3 weeks long"
378,Self paced
379,Free Online Course (Audit)
380,Microcredential
381,Veterinary Practitioners and the Food Supply Chain
382,1 review
383,Get postgraduate CPD training in food safety and sustainable animal production from the UK’s number one ranked veterinary school.
384,Add to list
385,Quick View
386,FutureLearn
387,"10 hours a week, 10 weeks long"
388,Paid Course
389,Learning Lounge
390,Careers in the Veterinary Industry
391,Gain insights into the different roles and responsibilities of professionals working within veterinary practices.
392,Add to list
393,Quick View
394,FutureLearn
395,"2 hours a week, 2 weeks long"
396,Self paced
397,$44.00
398,Learning Lounge
399,Basic First Aid for Animals and Pets
400,1 rating at FutureLearn
401,Discover the fundamentals of pet first aid and be ready to respond in an emergency whilst waiting for veterinary help.
402,Add to list
403,Quick View
404,FutureLearn
405,"2 hours a week, 2 weeks long"
406,Self paced
407,$44.00
408,Learning Lounge
409,Veterinary Administration: Managing a Veterinary Practice
410,Explore the roles within a veterinary practice to develop the skills to manage the practice with ease and without conflict.
411,Add to list
412,Quick View
413,FutureLearn
414,"2 hours a week, 1 week long"
415,Self paced
416,$44.00
417,Learning Lounge
418,Health and Safety in Veterinary Services
419,Examine workplace safety in the context of veterinary services and ensure your facility remains compliant.
420,Add to list
421,Quick View
422,FutureLearn
423,"2 hours a week, 2 weeks long"
424,Self paced
425,$44.00
426,Learning Lounge
427,Veterinary Administration: Admission and Triage
428,1 rating at FutureLearn
429,Discover the administration skills veterinary practitioners must have to successfully admit animals and provide the best care.
430,Add to list
431,Quick View
432,FutureLearn
433,"2 hours a week, 1 week long"
434,Self paced
435,$44.00
436,NHS England
437,Microcredential
438,Edward Jenner Leadership for Veterinary Professionals
439,"Build strong leadership skills with this program of courses for veterinary professionals, created with the RCVS."
440,Add to list
441,Quick View
442,FutureLearn
443,"5 hours a week, 14 weeks long"
444,Paid Course
445,2 courses
446,Universidad Complutense de Madrid
447,Animal Viruses: Their Transmission and the Diseases They Produce
448,2 reviews
449,"Learn how important animal viruses are transmitted between animals and humans, and understand the diseases they produce."
450,Add to list
451,Quick View
452,FutureLearn
453,"5 hours a week, 6 weeks long"
454,"20th Apr, 2020"
455,Free Online Course (Audit)
456,Load more
457,Load the next 15 courses of 22
458,Home
459,Browse by subject
460,Computer Science
461,Psychology
462,Cybersecurity
463,Health
464,Law
465,Accounting
466,Web Development
467,Browse by provider
468,Coursera
469,edX
470,FutureLearn
471,Udacity
472,Swayam
473,Udemy
474,LinkedIn Learning
475,Browse by university
476,Harvard
477,Stanford
478,Georgia Tech
479,University of Michigan
480,Purdue University
481,Duke University
482,IIT Madras
483,Browse by institution
484,Google
485,Microsoft
486,IBM
487,Amazon
488,Linux Foundation
489,British Council
490,Salesforce
491,Rankings
492,Best Online Courses of All Time
493,Best Online Courses of the Year
494,Most Popular Courses of All Time
495,Most Popular Courses of the Year
496,250 Top FREE Coursera Courses of All Time
497,100 Top FREE edX Courses of All Time
498,250 Top Udemy Courses of All Time
499,The Report
500,by Class Central
501,RSS Feed
502,"The ""New Normal"" that Wasn't"
503,DDoS Attack on Class Central
504,500+ Online Degrees in India
505,Harvard's CS50 Free Certificate Guide
506,How Open University Works
507,Free Certificates & Courses
508,700+ Free Google Certificates
509,Free LinkedIn Learning Certificates
510,1600+ Free Coursera Courses
511,Ivy League Online Courses
512,175+ Free Writing Online Courses
513,About Class Central
514,"Class Central aggregates courses from many providers to help you find the best courses on almost any subject, wherever they exist."
515,Facebook
516,Twitter
517,LinkedIn
518,YouTube
519,Class Central © 2011-2023
520,Privacy Policy
521,About Us
522,Join Us
523,Help Center
524,Contact Us
525,Share
526,Facebook
527,Twitter
528,Email
529,Copy link
530,Never Stop Learning.
531,"Get personalized course recommendations, track subjects and courses with reminders, and more."
532,Sign up for free
