,link scrapped text
0,700+ Free Certificates from Google!
1,View
2,Close
3,Class Central
4,Courses
5,Class Central
6,Rankings
7,Collections
8,Subjects
9,View all
10,Computer Science
11,Health & Medicine
12,Mathematics
13,Business
14,Humanities
15,Engineering
16,Science
17,Education & Teaching
18,Social Sciences
19,Art & Design
20,Data Science
21,Programming
22,Personal Development
23,Information Security (InfoSec)
24,View all Subjects
25,Universities
26,The Report
27,Courses from
28,1000+ universities
29,Rankings
30,Best Courses
31,Best of All Time
32,Best of the Year 2022
33,Best of the Year 2021
34,Most Popular Courses
35,Most Popular of All Time
36,Most Popular of the Year 2022
37,Most Popular of the Year 2021
38,Collections
39,Monthly Course Reports
40,Starting this Month
41,New Online Courses
42,Most Popular
43,Computer Science
44,Artificial Intelligence
45,Algorithms and Data Structures
46,Internet of Things
47,Information Technology
48,Computer Networking
49,Machine Learning
50,DevOps
51,Deep Learning
52,Cryptography
53,Quantum Computing
54,Human-Computer Interaction (HCI)
55,Distributed Systems
56,Blockchain Development
57,Operating Systems
58,Computer Graphics
59,View all Computer Science
60,Health & Medicine
61,Nutrition & Wellness
62,Disease & Disorders
63,Public Health
64,Health Care
65,Nursing
66,Anatomy
67,Veterinary Science
68,Continuing Medical Education (CME)
69,View all Health & Medicine
70,Mathematics
71,Statistics & Probability
72,Foundations of Mathematics
73,Calculus
74,Discrete Mathematics
75,Trigonometry
76,Geometry
77,Algebra
78,Precalculus
79,Number Theory
80,Combinatorics
81,Mathematical logic
82,Linear Programming
83,View all Mathematics
84,Business
85,Management & Leadership
86,Finance
87,Entrepreneurship
88,Marketing
89,Strategic Management
90,Industry Specific
91,Business Intelligence
92,Accounting
93,Human Resources
94,Project Management
95,Sales
96,Design Thinking
97,Business Software
98,Risk Management
99,Corporate Social Responsibility
100,Customer Service
101,Nonprofit Management
102,Innovation
103,Operations Management
104,View all Business
105,Humanities
106,History
107,Literature
108,Language Learning
109,Grammar & Writing
110,Philosophy
111,Religion
112,ESL
113,Culture
114,Sports
115,Journalism
116,Ethics
117,Linguistics
118,Food
119,Library Science
120,Reading
121,Crisis Management
122,View all Humanities
123,Engineering
124,Electrical Engineering
125,Mechanical Engineering
126,Civil Engineering
127,Robotics
128,Nanotechnology
129,GIS
130,Textiles
131,Manufacturing
132,BIM
133,CAD
134,Chemical Engineering
135,Energy Systems
136,Aerospace Engineering
137,View all Engineering
138,Science
139,Chemistry
140,Physics
141,Environmental Science
142,Astronomy
143,Biology
144,Agriculture
145,Materials Science
146,Earth Science
147,Applied Science
148,Forensic Science
149,View all Science
150,Education & Teaching
151,K12
152,Higher Education
153,STEM
154,Teacher Professional Development
155,Course Development
156,Online Education
157,Test Prep
158,Pedagogy
159,View all Education & Teaching
160,Social Sciences
161,Sociology
162,Economics
163,Psychology
164,Anthropology
165,Political Science
166,Law
167,Urban Planning
168,Human Rights
169,Sustainability
170,Governance
171,Archaeology
172,Social Work
173,View all Social Sciences
174,Art & Design
175,Music
176,Digital Media
177,Visual Arts
178,Design & Creativity
179,View all Art & Design
180,Data Science
181,Bioinformatics
182,Big Data
183,Data Mining
184,Data Analysis
185,Data Visualization
186,Jupyter Notebooks
187,View all Data Science
188,Programming
189,Mobile Development
190,Web Development
191,Databases
192,Game Development
193,Programming Languages
194,Software Development
195,Cloud Computing
196,View all Programming
197,Personal Development
198,Communication Skills
199,Career Development
200,Self Improvement
201,Presentation Skills
202,Resilience
203,View all Personal Development
204,Information Security (InfoSec)
205,Cybersecurity
206,Network Security
207,Ethical Hacking
208,Digital Forensics
209,Reverse Engineering
210,Penetration Testing
211,Malware Analysis
212,DevSecOps
213,OSINT (Open Source Intelligence)
214,Threat Intelligence
215,Information Security Certifications
216,Red Team
217,Blue Team
218,View all Information Security (InfoSec)
219,The Report
220,2022 Year in Review: The “New Normal” that Wasn’t
221,"The pandemic ushered in a “new normal” in online learning, but it culminated in layoffs and stock drops."
222,Dhawal Shah
223,"Jan 02, 2023"
224,Latest
225,"Review of Goldman Sachs 10,000 Women Courses"
226,10 Best Japanese Courses to Take in 2023
227,7 Best Erlang Courses to Take in 2023
228,Harvard CS50 Guide: How to Pick the Right Course (with Free Certificate)
229,10 Best CSS Animation Courses to Take in 2023
230,Visit
231,The Report
232,"DDoS Attack on Class Central: Mitigation, SEO Impact, and Costs"
233,Trending
234,Most common
235,psychology
236,computer science
237,flutter
238,Popular subjects
239,Digital Skills
240,209 courses
241,Programming
242,"24,443 courses"
243,Information Technology (IT) Certifications
244,504 courses
245,Popular courses
246,The Science of Happiness
247,"University of California, Berkeley"
248,Introduction to Financial Accounting
249,University of Pennsylvania
250,Cryptography I
251,Stanford University
252,Organize and share your learning with Class Central Lists.
253,View our
254,Lists Showcase
255,Sign up
256,Log in
257,or
258,Sign up
259,Log in
260,Sign up
261,Subjects
262,Computer Science
263,Free Online
264,Computer Science Courses
265,"Learn Computer Science, earn certificates with free online courses from Harvard, Stanford, MIT, University of Pennsylvania and other top universities around the world. Read reviews to decide if a class is right for you."
266,Follow
267,494.0k
268,Share
269,"8,370 courses"
270,Related Subjects
271,Algorithms and Data Structures Courses
272,STEM Courses
273,Artificial Intelligence Courses
274,Data Science Courses
275,Mathematics Courses
276,Programming Languages Courses
277,Software Development Courses
278,Machine Learning Courses
279,Best Courses Guides
280,Class Central's Top Computer Science Courses
281,We've picked the best online courses to learn Computer Science from the Class Central catalog.
282,All the 10 courses are free or free-to-audit.
283,Read the Guide
284,CS50's Introduction to Computer Science
285,140 reviews
286,Computational Thinking for Problem Solving
287,Introduction to Computer Science and Programming Using Python
288,129 reviews
289,Principles of Computing (Part 1)
290,30 reviews
291,Computer Science 101
292,18 reviews
293,How Computers Work
294,3 reviews
295,CS50's Understanding Technology
296,10 reviews
297,Intro to Theoretical Computer Science
298,2 reviews
299,University of London International Programmes
300,;
301,Goldsmiths University of London
302,Mathematics for Computer Science
303,1 review
304,University of Hull
305,Mathematics for Computer Science: Essential Skills
306,Show all 10 courses
307,All Computer Science Courses
308,Showing
309,"8,370 courses"
310,Filter
311,Sort by Relevancy
312,Relevancy
313,Highest rated
314,Lowest rated
315,Most recently added
316,Filter by
317,Clear All
318,Filters
319,With certificate
320,(5995)
321,Free course
322,(3779)
323,With free certificate
324,(79)
325,University course only
326,(1450)
327,Level
328,Beginner
329,(2833)
330,Intermediate
331,(1679)
332,Advanced
333,(170)
334,Duration
335,1-5 hours
336,(3562)
337,5-10 hours
338,(823)
339,10+ hours
340,(2617)
341,Language
342,English
343,(7336)
344,Arabic
345,(69)
346,Bengali
347,(1)
348,Chinese
349,(44)
350,Dutch
351,(4)
352,French
353,(133)
354,German
355,(64)
356,Hindi
357,(49)
358,Indonesian
359,(8)
360,Italian
361,(24)
362,Japanese
363,(67)
364,Korean
365,(21)
366,Polish
367,(3)
368,Portuguese
369,(108)
370,Russian
371,(63)
372,Spanish
373,(275)
374,Tamil
375,(5)
376,Telugu
377,(1)
378,Thai
379,(14)
380,Turkish
381,(73)
382,Ukrainian
383,(1)
384,Ukranian
385,(4)
386,Vietnamese
387,(3)
388,See all
389,"Show 8,370 courses"
390,Clear Filters
391,CS50's Introduction to Computer Science
392,142 reviews
393,An introduction to the intellectual enterprises of computer science and the art of programming.
394,Add to list
395,Quick View
396,edX
397,"6-18 hours a week, 12 weeks long"
398,Self paced
399,Free Online Course (Audit)
400,Best of All Time
401,"Information Systems Auditing, Controls and Assurance"
402,484 reviews
403,"In the course you will explore risks of information systems, and how to mitigate the risks by proper IS Controls. You will also get familiar with the IS Audit procedures and how they are applied during the IS development throughout the Systems Developmen…"
404,Add to list
405,Quick View
406,Coursera
407,"8-9 hours worth of material, 4 weeks long"
408,"27th Feb, 2023"
409,Free Online Course (Audit)
410,Best of All Time
411,University of Helsinki
412,;
413,MinnaLearn
414,Elements of AI
415,715 reviews
416,"The elements of AI is a free online course for everyone interested in learning what AI is, what is possible (and not possible) with AI, and how it affects our lives – with no complicated math or programming required."
417,Add to list
418,Quick View
419,Independent
420,"5-10 hours a week, 6 weeks long"
421,On-Demand
422,Free Online Course
423,Best of All Time
424,Introduction to Computer Science and Programming Using Python
425,129 reviews
426,An introduction to computer science as a tool to solve real-world analytical problems using Python 3.5.
427,Add to list
428,Quick View
429,edX
430,"14-16 hours a week, 9 weeks long"
431,Self paced
432,Free Online Course (Audit)
433,Best of All Time
434,Machine Learning
435,380 reviews
436,"Machine learning is the science of getting computers to act without being explicitly programmed. This course provides a broad introduction to machine learning, datamining, and statistical pattern recognition."
437,Add to list
438,Quick View
439,Coursera
440,"61 hours a week, 11 weeks long"
441,"28th Sep, 2020"
442,Free Online Course (Audit)
443,Computational Social Science Methods
444,107 reviews
445,"This course gives you an overview of the current opportunities and the omnipresent reach of computational social science. The results are all around us, every day, reaching from the services provided by the world’s most valuable companies, over the hidde…"
446,Add to list
447,Quick View
448,Coursera
449,"11 hours worth of material, 4 weeks long"
450,"6th Feb, 2023"
451,Free Online Course (Audit)
452,Best of All Time
453,Goldsmiths University of London
454,Machine Learning for Musicians and Artists
455,90 reviews
456,"Have you ever wanted to build a new musical instrument that responded to your gestures by making sound? Or create live visuals to accompany a dancer? Or create an interactive art installation that reacts to the movements or actions of an audience? If so,…"
457,Add to list
458,Quick View
459,Kadenze
460,7 weeks long
461,On-Demand
462,Free Online Course
463,Best of All Time
464,"Divide and Conquer, Sorting and Searching, and Randomized Algorithms"
465,68 reviews
466,"The primary topics in this part of the specialization are: asymptotic (""Big-oh"") notation, sorting and searching, divide and conquer (master method, integer and matrix multiplication, closest pair), and randomized algorithms (QuickSort, contraction algor…"
467,Add to list
468,Quick View
469,Coursera
470,"17 hours worth of material, 4 weeks long"
471,"6th Feb, 2023"
472,Free Online Course (Audit)
473,Best of All Time
474,Cryptography I
475,53 reviews
476,Cryptography is an indispensable tool for protecting information in computer systems. In this course you will learn the inner workings of cryptographic systems and how to correctly use them in real-world applications.
477,Add to list
478,Quick View
479,Coursera
480,"23 hours worth of material, 7 weeks long"
481,"13th Feb, 2023"
482,Free Online Course (Audit)
483,Best of All Time
484,"Algorithms, Part I"
485,59 reviews
486,"This course covers the essential information that every serious programmer needs to know about algorithms and data structures, with emphasis on applications and scientific performance analysis of Java implementations. Part I covers elementary data struct…"
487,Add to list
488,Quick View
489,Coursera
490,"54 hours worth of material, 6 weeks long"
491,"13th Feb, 2023"
492,Free Online Course (Audit)
493,Best of All Time
494,Transport Systems: Global Issues and Future Innovations
495,74 reviews
496,Discover how the transport sector can develop infrastructures that meet the needs of a 21st century population.
497,Add to list
498,Quick View
499,FutureLearn
500,"4 hours a week, 2 weeks long"
501,"27th Feb, 2023"
502,Free Online Course (Audit)
503,Best of All Time
504,Functional Programming Principles in Scala
505,66 reviews
506,In this course you will discover the elements of the functional programming style and learn how to apply them usefully in your daily programming tasks.
507,Add to list
508,Quick View
509,Coursera
510,"56 hours worth of material, 6 weeks long"
511,"6th Feb, 2023"
512,Free Online Course (Audit)
513,Best of All Time
514,"Internet History, Technology, and Security"
515,41 reviews
516,"This course will open up the Internet and show you how it was created, who created it and how it works. Along the way we will meet many of the innovators who developed the Internet and Web technologies that we use today."
517,Add to list
518,Quick View
519,Coursera
520,"15 hours worth of material, 10 weeks long"
521,"13th Feb, 2023"
522,Free Online Course (Audit)
523,Best of All Time
524,Harvard CS50 – Full Computer Science University Course
525,30 reviews
526,"Syllabus: ⌨️ Lecture 0 - Scratch⌨️ Lecture 1 - C⌨️ Lecture 2 - Arrays⌨️ Lecture 3 - Algorithms⌨️ Lecture 4 - Memory⌨️ Lecture 5 - Data Structures⌨️ Lecture 6 - Python⌨️ Lecture 7 - SQL⌨️ Lecture 8 - HTML, CSS, JavaScript⌨️ Lecture 9 - Flask⌨️ Lecture 10 - Emoji⌨️ Cy…"
527,Add to list
528,freeCodeCamp
529,24 hours worth of material
530,On-Demand
531,Free Online Course
532,University of Alberta
533,;
534,Alberta Machine Intelligence Institute
535,Sample-based Learning Methods
536,40 reviews
537,"In this course, you will learn about several algorithms that can learn near optimal policies based on trial and error interaction with the environment---learning from the agent’s own experience. Learning from actual experience is striking because it requ…"
538,Add to list
539,Quick View
540,Coursera
541,"22 hours worth of material, 4 weeks long"
542,"13th Feb, 2023"
543,Free Online Course (Audit)
544,Load more
545,Load the next 15 courses of 8355
546,Home
547,Browse by subject
548,Computer Science
549,Psychology
550,Cybersecurity
551,Health
552,Law
553,Accounting
554,Web Development
555,Browse by provider
556,Coursera
557,edX
558,FutureLearn
559,Udacity
560,Swayam
561,Udemy
562,LinkedIn Learning
563,Browse by university
564,Harvard
565,Stanford
566,Georgia Tech
567,University of Michigan
568,Purdue University
569,Duke University
570,IIT Madras
571,Browse by institution
572,Google
573,Microsoft
574,IBM
575,Amazon
576,Linux Foundation
577,British Council
578,Salesforce
579,Rankings
580,Best Online Courses of All Time
581,Best Online Courses of the Year
582,Most Popular Courses of All Time
583,Most Popular Courses of the Year
584,250 Top FREE Coursera Courses of All Time
585,100 Top FREE edX Courses of All Time
586,250 Top Udemy Courses of All Time
587,The Report
588,by Class Central
589,RSS Feed
590,"The ""New Normal"" that Wasn't"
591,DDoS Attack on Class Central
592,500+ Online Degrees in India
593,Harvard's CS50 Free Certificate Guide
594,How Open University Works
595,Free Certificates & Courses
596,700+ Free Google Certificates
597,Free LinkedIn Learning Certificates
598,1600+ Free Coursera Courses
599,Ivy League Online Courses
600,175+ Free Writing Online Courses
601,About Class Central
602,"Class Central aggregates courses from many providers to help you find the best courses on almost any subject, wherever they exist."
603,Facebook
604,Twitter
605,LinkedIn
606,YouTube
607,Class Central © 2011-2023
608,Privacy Policy
609,About Us
610,Join Us
611,Help Center
612,Contact Us
613,Share
614,Facebook
615,Twitter
616,Email
617,Copy link
618,Never Stop Learning.
619,"Get personalized course recommendations, track subjects and courses with reminders, and more."
620,Sign up for free
