,link scrapped text
0,700+ Free Certificates from Google!
1,View
2,Close
3,Class Central
4,Courses
5,Class Central
6,Rankings
7,Collections
8,Subjects
9,View all
10,Computer Science
11,Health & Medicine
12,Mathematics
13,Business
14,Humanities
15,Engineering
16,Science
17,Education & Teaching
18,Social Sciences
19,Art & Design
20,Data Science
21,Programming
22,Personal Development
23,Information Security (InfoSec)
24,View all Subjects
25,Universities
26,The Report
27,Courses from
28,1000+ universities
29,Rankings
30,Best Courses
31,Best of All Time
32,Best of the Year 2022
33,Best of the Year 2021
34,Most Popular Courses
35,Most Popular of All Time
36,Most Popular of the Year 2022
37,Most Popular of the Year 2021
38,Collections
39,Monthly Course Reports
40,Starting this Month
41,New Online Courses
42,Most Popular
43,Computer Science
44,Artificial Intelligence
45,Algorithms and Data Structures
46,Internet of Things
47,Information Technology
48,Computer Networking
49,Machine Learning
50,DevOps
51,Deep Learning
52,Cryptography
53,Quantum Computing
54,Human-Computer Interaction (HCI)
55,Distributed Systems
56,Blockchain Development
57,Operating Systems
58,Computer Graphics
59,View all Computer Science
60,Health & Medicine
61,Nutrition & Wellness
62,Disease & Disorders
63,Public Health
64,Health Care
65,Nursing
66,Anatomy
67,Veterinary Science
68,Continuing Medical Education (CME)
69,View all Health & Medicine
70,Mathematics
71,Statistics & Probability
72,Foundations of Mathematics
73,Calculus
74,Discrete Mathematics
75,Trigonometry
76,Geometry
77,Algebra
78,Precalculus
79,Number Theory
80,Combinatorics
81,Mathematical logic
82,Linear Programming
83,View all Mathematics
84,Business
85,Management & Leadership
86,Finance
87,Entrepreneurship
88,Marketing
89,Strategic Management
90,Industry Specific
91,Business Intelligence
92,Accounting
93,Human Resources
94,Project Management
95,Sales
96,Design Thinking
97,Business Software
98,Risk Management
99,Corporate Social Responsibility
100,Customer Service
101,Nonprofit Management
102,Innovation
103,Operations Management
104,View all Business
105,Humanities
106,History
107,Literature
108,Language Learning
109,Grammar & Writing
110,Philosophy
111,Religion
112,ESL
113,Culture
114,Sports
115,Journalism
116,Ethics
117,Linguistics
118,Food
119,Library Science
120,Reading
121,Crisis Management
122,View all Humanities
123,Engineering
124,Electrical Engineering
125,Mechanical Engineering
126,Civil Engineering
127,Robotics
128,Nanotechnology
129,GIS
130,Textiles
131,Manufacturing
132,BIM
133,CAD
134,Chemical Engineering
135,Energy Systems
136,Aerospace Engineering
137,View all Engineering
138,Science
139,Chemistry
140,Physics
141,Environmental Science
142,Astronomy
143,Biology
144,Agriculture
145,Materials Science
146,Earth Science
147,Applied Science
148,Forensic Science
149,View all Science
150,Education & Teaching
151,K12
152,Higher Education
153,STEM
154,Teacher Professional Development
155,Course Development
156,Online Education
157,Test Prep
158,Pedagogy
159,View all Education & Teaching
160,Social Sciences
161,Sociology
162,Economics
163,Psychology
164,Anthropology
165,Political Science
166,Law
167,Urban Planning
168,Human Rights
169,Sustainability
170,Governance
171,Archaeology
172,Social Work
173,View all Social Sciences
174,Art & Design
175,Music
176,Digital Media
177,Visual Arts
178,Design & Creativity
179,View all Art & Design
180,Data Science
181,Bioinformatics
182,Big Data
183,Data Mining
184,Data Analysis
185,Data Visualization
186,Jupyter Notebooks
187,View all Data Science
188,Programming
189,Mobile Development
190,Web Development
191,Databases
192,Game Development
193,Programming Languages
194,Software Development
195,Cloud Computing
196,View all Programming
197,Personal Development
198,Communication Skills
199,Career Development
200,Self Improvement
201,Presentation Skills
202,Resilience
203,View all Personal Development
204,Information Security (InfoSec)
205,Cybersecurity
206,Network Security
207,Ethical Hacking
208,Digital Forensics
209,Reverse Engineering
210,Penetration Testing
211,Malware Analysis
212,DevSecOps
213,OSINT (Open Source Intelligence)
214,Threat Intelligence
215,Information Security Certifications
216,Red Team
217,Blue Team
218,View all Information Security (InfoSec)
219,The Report
220,2022 Year in Review: The “New Normal” that Wasn’t
221,"The pandemic ushered in a “new normal” in online learning, but it culminated in layoffs and stock drops."
222,Dhawal Shah
223,"Jan 02, 2023"
224,Latest
225,"Review of Goldman Sachs 10,000 Women Courses"
226,10 Best Japanese Courses to Take in 2023
227,7 Best Erlang Courses to Take in 2023
228,Harvard CS50 Guide: How to Pick the Right Course (with Free Certificate)
229,10 Best CSS Animation Courses to Take in 2023
230,Visit
231,The Report
232,"DDoS Attack on Class Central: Mitigation, SEO Impact, and Costs"
233,Trending
234,Most common
235,psychology
236,project management
237,web development
238,Popular subjects
239,Digital Skills
240,209 courses
241,Programming
242,"24,443 courses"
243,Information Technology (IT) Certifications
244,504 courses
245,Popular courses
246,The Science of Happiness
247,"University of California, Berkeley"
248,Introduction to Financial Accounting
249,University of Pennsylvania
250,Cryptography I
251,Stanford University
252,Organize and share your learning with Class Central Lists.
253,View our
254,Lists Showcase
255,Sign up
256,Log in
257,or
258,Sign up
259,Log in
260,Sign up
261,Subjects
262,"With 100,000 courses across more than 950 subjects, our catalog is the best place to start your online education"
263,Looking for a particular subject?
264,"You can use the quick search box at the top of any page to see subjects, courses, and more."
265,Subjects by topic
266,Topics
267,Computer Science
268,Business
269,Humanities
270,Data Science
271,Personal Development
272,Art & Design
273,Programming
274,Engineering
275,Health & Medicine
276,Mathematics
277,Science
278,Social Sciences
279,Education & Teaching
280,Information Security (InfoSec)
281,Active Directory
282,38
283,courses
284,Algorithms and Data Structures
285,515
286,courses
287,Ansible
288,78
289,courses
290,Apache Maven
291,19
292,courses
293,Arduino
294,154
295,courses
296,Artificial Intelligence
297,"1,238"
298,courses
299,Aruba
300,37
301,courses
302,AutoML
303,17
304,courses
305,Autonomous Vehicles
306,36
307,courses
308,BERT
309,13
310,courses
311,Bash
312,75
313,courses
314,Blockchain Development
315,268
316,courses
317,CCNA Certification
318,148
319,courses
320,CCNP Certification
321,35
322,courses
323,CI/CD
324,142
325,courses
326,COBIT
327,11
328,courses
329,CentOS
330,6
331,courses
332,ChatGPT
333,28
334,courses
335,Chatbot
336,142
337,courses
338,Chef
339,14
340,courses
341,Cisco
342,389
343,courses
344,Citrix
345,34
346,courses
347,CompTIA A+ (Plus)
348,70
349,courses
350,CompTIA CASP+ (Plus)
351,17
352,courses
353,CompTIA Cloud+ (Plus)
354,19
355,courses
356,CompTIA CySA+ (Plus)
357,32
358,courses
359,CompTIA Data+ (Plus)
360,7
361,courses
362,CompTIA IT Certifications
363,316
364,courses
365,CompTIA ITF+ (Plus)
366,5
367,courses
368,CompTIA Linux+ (Plus)
369,9
370,courses
371,1
372,2
373,3
374,4
375,View all Computer Science courses
376,Home
377,Subjects
378,Browse by subject
379,Computer Science
380,Psychology
381,Cybersecurity
382,Health
383,Law
384,Accounting
385,Web Development
386,Browse by provider
387,Coursera
388,edX
389,FutureLearn
390,Udacity
391,Swayam
392,Udemy
393,LinkedIn Learning
394,Browse by university
395,Harvard
396,Stanford
397,Georgia Tech
398,University of Michigan
399,Purdue University
400,Duke University
401,IIT Madras
402,Browse by institution
403,Google
404,Microsoft
405,IBM
406,Amazon
407,Linux Foundation
408,British Council
409,Salesforce
410,Rankings
411,Best Online Courses of All Time
412,Best Online Courses of the Year
413,Most Popular Courses of All Time
414,Most Popular Courses of the Year
415,250 Top FREE Coursera Courses of All Time
416,100 Top FREE edX Courses of All Time
417,250 Top Udemy Courses of All Time
418,The Report
419,by Class Central
420,RSS Feed
421,"The ""New Normal"" that Wasn't"
422,DDoS Attack on Class Central
423,500+ Online Degrees in India
424,Harvard's CS50 Free Certificate Guide
425,How Open University Works
426,Free Certificates & Courses
427,700+ Free Google Certificates
428,Free LinkedIn Learning Certificates
429,1600+ Free Coursera Courses
430,Ivy League Online Courses
431,175+ Free Writing Online Courses
432,About Class Central
433,"Class Central aggregates courses from many providers to help you find the best courses on almost any subject, wherever they exist."
434,Facebook
435,Twitter
436,LinkedIn
437,YouTube
438,Class Central © 2011-2023
439,Privacy Policy
440,About Us
441,Join Us
442,Help Center
443,Contact Us
444,Share
445,Facebook
446,Twitter
447,Email
448,Copy link
449,Never Stop Learning.
450,"Get personalized course recommendations, track subjects and courses with reminders, and more."
451,Sign up for free
